ISO-10303-21;
HEADER;
/* Generated by software containing ST-Developer
 * from STEP Tools, Inc. (www.steptools.com) 
 */
/* OPTION: using custom renumber hook */

FILE_DESCRIPTION(
/* description */ ('STEP AP242 Edition 2',
'CAx-IF Rec.Pracs.---Representation and Presentation of Product Manufa
cturing Information (PMI)---4.0---2014-10-13',
'CAx-IF Rec.Pracs.---3D Tessellated Geometry---0.4---2014-09-14','2;1',
'CAx-IF Rec.Pracs.---User Defined Attributes---1.5---2016-08-15'),
/* implementation_level */ '2;1');

FILE_NAME(
/* name */ 'liens',
/* time_stamp */ '2026-08-21T10:19:44Z',
/* author */ (''),
/* organization */ (''),
/* preprocessor_version */ 'ST-DEVELOPER v20',
/* originating_system */ 'ONSHAPE BY PTC INC, 1.219',
/* authorisation */ '  ');

FILE_SCHEMA (('AP242_MANAGED_MODEL_BASED_3D_ENGINEERING_MIM_LF { 1 0 10303 442 3 1 4 }'));
ENDSEC;

DATA;
#10=SHAPE_REPRESENTATION_RELATIONSHIP('','',#4284,#13);
#11=SHAPE_REPRESENTATION_RELATIONSHIP('','',#4285,#14);
#12=SHAPE_REPRESENTATION_RELATIONSHIP('','',#4286,#15);
#13=ADVANCED_BREP_SHAPE_REPRESENTATION('',(#4278),#7381);
#14=ADVANCED_BREP_SHAPE_REPRESENTATION('',(#4279),#7382);
#15=ADVANCED_BREP_SHAPE_REPRESENTATION('',(#4280),#7383);
#16=CYLINDRICAL_SURFACE('',#4332,0.0025);
#17=CYLINDRICAL_SURFACE('',#4337,0.00625);
#18=CYLINDRICAL_SURFACE('',#4341,0.002);
#19=CYLINDRICAL_SURFACE('',#4344,0.0155);
#20=CYLINDRICAL_SURFACE('',#4347,0.002);
#21=CYLINDRICAL_SURFACE('',#4351,0.00625);
#22=CYLINDRICAL_SURFACE('',#4355,0.0025);
#23=CYLINDRICAL_SURFACE('',#4359,0.00625);
#24=CYLINDRICAL_SURFACE('',#4363,0.0025);
#25=CYLINDRICAL_SURFACE('',#4368,0.0025);
#26=CYLINDRICAL_SURFACE('',#4373,0.00625);
#27=CYLINDRICAL_SURFACE('',#4377,0.002);
#28=CYLINDRICAL_SURFACE('',#4380,0.0155);
#29=CYLINDRICAL_SURFACE('',#4383,0.002);
#30=CYLINDRICAL_SURFACE('',#4387,0.00625);
#31=CYLINDRICAL_SURFACE('',#4390,0.005);
#32=CYLINDRICAL_SURFACE('',#4392,0.0125);
#33=CYLINDRICAL_SURFACE('',#4394,0.005);
#34=CYLINDRICAL_SURFACE('',#4397,0.00625);
#35=CYLINDRICAL_SURFACE('',#4400,0.005);
#36=CYLINDRICAL_SURFACE('',#4402,0.0125);
#37=CYLINDRICAL_SURFACE('',#4405,0.004);
#38=CYLINDRICAL_SURFACE('',#4408,0.004);
#39=CYLINDRICAL_SURFACE('',#4410,0.004);
#40=CYLINDRICAL_SURFACE('',#4413,0.004);
#41=CYLINDRICAL_SURFACE('',#4415,0.004);
#42=CYLINDRICAL_SURFACE('',#4418,0.004);
#43=CYLINDRICAL_SURFACE('',#4421,0.004);
#44=CYLINDRICAL_SURFACE('',#4424,0.004);
#45=CYLINDRICAL_SURFACE('',#4426,0.00400000000000005);
#46=CYLINDRICAL_SURFACE('',#4429,0.004);
#47=CYLINDRICAL_SURFACE('',#4431,0.004);
#48=CYLINDRICAL_SURFACE('',#4435,0.005);
#49=CYLINDRICAL_SURFACE('',#4437,0.002);
#50=CYLINDRICAL_SURFACE('',#4439,0.002);
#51=CYLINDRICAL_SURFACE('',#4441,0.002);
#52=CYLINDRICAL_SURFACE('',#4443,0.002);
#53=CYLINDRICAL_SURFACE('',#4445,0.004);
#54=CYLINDRICAL_SURFACE('',#4478,0.0015);
#55=CYLINDRICAL_SURFACE('',#4480,0.0015);
#56=CYLINDRICAL_SURFACE('',#4481,0.0043);
#57=CYLINDRICAL_SURFACE('',#4483,0.0037);
#58=CYLINDRICAL_SURFACE('',#4487,0.0047);
#59=CYLINDRICAL_SURFACE('',#4489,0.0053);
#60=CYLINDRICAL_SURFACE('',#4491,0.0113);
#61=CYLINDRICAL_SURFACE('',#4493,0.0107);
#62=CYLINDRICAL_SURFACE('',#4495,0.0047);
#63=CYLINDRICAL_SURFACE('',#4497,0.0053);
#64=CYLINDRICAL_SURFACE('',#4501,0.0043);
#65=CYLINDRICAL_SURFACE('',#4503,0.0037);
#66=CYLINDRICAL_SURFACE('',#4507,0.0043);
#67=CYLINDRICAL_SURFACE('',#4509,0.0037);
#68=CYLINDRICAL_SURFACE('',#4513,0.0047);
#69=CYLINDRICAL_SURFACE('',#4515,0.0053);
#70=CYLINDRICAL_SURFACE('',#4517,0.0113);
#71=CYLINDRICAL_SURFACE('',#4519,0.0107);
#72=CYLINDRICAL_SURFACE('',#4521,0.0047);
#73=CYLINDRICAL_SURFACE('',#4523,0.0053);
#74=CYLINDRICAL_SURFACE('',#4527,0.0043);
#75=CYLINDRICAL_SURFACE('',#4529,0.0037);
#76=CYLINDRICAL_SURFACE('',#4536,0.0038);
#77=CYLINDRICAL_SURFACE('',#4538,0.0032);
#78=CYLINDRICAL_SURFACE('',#4540,0.0137);
#79=CYLINDRICAL_SURFACE('',#4542,0.0143);
#80=CYLINDRICAL_SURFACE('',#4544,0.0038);
#81=CYLINDRICAL_SURFACE('',#4546,0.0032);
#82=CYLINDRICAL_SURFACE('',#4550,0.00745);
#83=CYLINDRICAL_SURFACE('',#4552,0.00805);
#84=CYLINDRICAL_SURFACE('',#4556,0.0038);
#85=CYLINDRICAL_SURFACE('',#4558,0.0032);
#86=CYLINDRICAL_SURFACE('',#4560,0.0137);
#87=CYLINDRICAL_SURFACE('',#4562,0.0143);
#88=CYLINDRICAL_SURFACE('',#4564,0.0038);
#89=CYLINDRICAL_SURFACE('',#4566,0.0032);
#90=CYLINDRICAL_SURFACE('',#4570,0.00745);
#91=CYLINDRICAL_SURFACE('',#4574,0.00805);
#92=CYLINDRICAL_SURFACE('',#4612,0.002);
#93=CYLINDRICAL_SURFACE('',#4614,0.0155);
#94=CYLINDRICAL_SURFACE('',#4618,0.002);
#95=CYLINDRICAL_SURFACE('',#4621,0.00625);
#96=CYLINDRICAL_SURFACE('',#4624,0.0025);
#97=CYLINDRICAL_SURFACE('',#4628,0.0025);
#98=CYLINDRICAL_SURFACE('',#4632,0.00625);
#99=CYLINDRICAL_SURFACE('',#4634,0.0125);
#100=CYLINDRICAL_SURFACE('',#4636,0.002);
#101=CYLINDRICAL_SURFACE('',#4639,0.00625);
#102=CYLINDRICAL_SURFACE('',#4642,0.0025);
#103=CYLINDRICAL_SURFACE('',#4646,0.0025);
#104=CYLINDRICAL_SURFACE('',#4650,0.00625);
#105=CYLINDRICAL_SURFACE('',#4653,0.0141);
#106=CYLINDRICAL_SURFACE('',#4656,0.0141);
#107=CYLINDRICAL_SURFACE('',#4659,0.0141);
#108=CYLINDRICAL_SURFACE('',#4662,0.0141);
#109=CYLINDRICAL_SURFACE('',#4664,0.002);
#110=CYLINDRICAL_SURFACE('',#4688,0.00650000000000008);
#111=CYLINDRICAL_SURFACE('',#4689,0.0095);
#112=CYLINDRICAL_SURFACE('',#4690,0.00650000000000008);
#113=CYLINDRICAL_SURFACE('',#4691,0.0065);
#114=CYLINDRICAL_SURFACE('',#4692,0.0095);
#115=CYLINDRICAL_SURFACE('',#4693,0.0065);
#116=CYLINDRICAL_SURFACE('',#4694,0.0137);
#117=CYLINDRICAL_SURFACE('',#4698,0.0143);
#118=CYLINDRICAL_SURFACE('',#4699,0.0043);
#119=CYLINDRICAL_SURFACE('',#4701,0.0037);
#120=CYLINDRICAL_SURFACE('',#4705,0.0047);
#121=CYLINDRICAL_SURFACE('',#4707,0.0053);
#122=CYLINDRICAL_SURFACE('',#4709,0.0113);
#123=CYLINDRICAL_SURFACE('',#4711,0.0107);
#124=CYLINDRICAL_SURFACE('',#4713,0.0047);
#125=CYLINDRICAL_SURFACE('',#4715,0.0053);
#126=CYLINDRICAL_SURFACE('',#4719,0.0043);
#127=CYLINDRICAL_SURFACE('',#4721,0.0037);
#128=CYLINDRICAL_SURFACE('',#4725,0.0043);
#129=CYLINDRICAL_SURFACE('',#4727,0.0037);
#130=CYLINDRICAL_SURFACE('',#4731,0.00470000000000009);
#131=CYLINDRICAL_SURFACE('',#4733,0.00530000000000008);
#132=CYLINDRICAL_SURFACE('',#4735,0.0113);
#133=CYLINDRICAL_SURFACE('',#4737,0.0107);
#134=CYLINDRICAL_SURFACE('',#4739,0.00470000000000008);
#135=CYLINDRICAL_SURFACE('',#4741,0.00530000000000008);
#136=CYLINDRICAL_SURFACE('',#4745,0.0043);
#137=CYLINDRICAL_SURFACE('',#4747,0.0037);
#138=CYLINDRICAL_SURFACE('',#4753,0.0141);
#139=CYLINDRICAL_SURFACE('',#4757,0.0141);
#140=CYLINDRICAL_SURFACE('',#4761,0.0141);
#141=CYLINDRICAL_SURFACE('',#4765,0.0141);
#142=CYLINDRICAL_SURFACE('',#4768,0.0059);
#143=CYLINDRICAL_SURFACE('',#4772,0.0059);
#144=CIRCLE('',#4289,0.00745);
#145=CIRCLE('',#4290,0.0038);
#146=CIRCLE('',#4291,0.0137);
#147=CIRCLE('',#4292,0.0038);
#148=CIRCLE('',#4293,0.00745);
#149=CIRCLE('',#4294,0.0038);
#150=CIRCLE('',#4295,0.0137);
#151=CIRCLE('',#4296,0.0038);
#152=CIRCLE('',#4297,0.00625);
#153=CIRCLE('',#4298,0.005);
#154=CIRCLE('',#4299,0.0125);
#155=CIRCLE('',#4300,0.005);
#156=CIRCLE('',#4301,0.00625);
#157=CIRCLE('',#4302,0.005);
#158=CIRCLE('',#4303,0.0125);
#159=CIRCLE('',#4304,0.005);
#160=CIRCLE('',#4306,0.0043);
#161=CIRCLE('',#4307,0.0047);
#162=CIRCLE('',#4308,0.0113);
#163=CIRCLE('',#4309,0.0047);
#164=CIRCLE('',#4310,0.0043);
#165=CIRCLE('',#4311,0.0043);
#166=CIRCLE('',#4312,0.0047);
#167=CIRCLE('',#4313,0.0113);
#168=CIRCLE('',#4314,0.0047);
#169=CIRCLE('',#4315,0.0043);
#170=CIRCLE('',#4316,0.002);
#171=CIRCLE('',#4317,0.002);
#172=CIRCLE('',#4318,0.002);
#173=CIRCLE('',#4319,0.002);
#174=CIRCLE('',#4320,0.004);
#175=CIRCLE('',#4321,0.004);
#176=CIRCLE('',#4322,0.004);
#177=CIRCLE('',#4323,0.004);
#178=CIRCLE('',#4324,0.004);
#179=CIRCLE('',#4325,0.004);
#180=CIRCLE('',#4326,0.004);
#181=CIRCLE('',#4327,0.004);
#182=CIRCLE('',#4328,0.00400000000000005);
#183=CIRCLE('',#4329,0.004);
#184=CIRCLE('',#4330,0.004);
#185=CIRCLE('',#4331,0.004);
#186=CIRCLE('',#4333,0.0025);
#187=CIRCLE('',#4334,0.0025);
#188=CIRCLE('',#4335,0.0025);
#189=CIRCLE('',#4338,0.00625);
#190=CIRCLE('',#4339,0.00625);
#191=CIRCLE('',#4342,0.002);
#192=CIRCLE('',#4343,0.002);
#193=CIRCLE('',#4345,0.0155);
#194=CIRCLE('',#4346,0.0155);
#195=CIRCLE('',#4348,0.002);
#196=CIRCLE('',#4349,0.002);
#197=CIRCLE('',#4352,0.00625);
#198=CIRCLE('',#4353,0.00625);
#199=CIRCLE('',#4356,0.0025);
#200=CIRCLE('',#4357,0.0025);
#201=CIRCLE('',#4358,0.0025);
#202=CIRCLE('',#4360,0.00625);
#203=CIRCLE('',#4361,0.00625);
#204=CIRCLE('',#4364,0.0025);
#205=CIRCLE('',#4365,0.0025);
#206=CIRCLE('',#4366,0.0025);
#207=CIRCLE('',#4369,0.0025);
#208=CIRCLE('',#4370,0.0025);
#209=CIRCLE('',#4371,0.0025);
#210=CIRCLE('',#4374,0.00625);
#211=CIRCLE('',#4375,0.00625);
#212=CIRCLE('',#4378,0.002);
#213=CIRCLE('',#4379,0.002);
#214=CIRCLE('',#4381,0.0155);
#215=CIRCLE('',#4382,0.0155);
#216=CIRCLE('',#4384,0.002);
#217=CIRCLE('',#4385,0.002);
#218=CIRCLE('',#4388,0.00625);
#219=CIRCLE('',#4391,0.005);
#220=CIRCLE('',#4393,0.0125);
#221=CIRCLE('',#4395,0.005);
#222=CIRCLE('',#4398,0.00625);
#223=CIRCLE('',#4401,0.005);
#224=CIRCLE('',#4403,0.0125);
#225=CIRCLE('',#4406,0.004);
#226=CIRCLE('',#4409,0.004);
#227=CIRCLE('',#4411,0.004);
#228=CIRCLE('',#4414,0.004);
#229=CIRCLE('',#4416,0.004);
#230=CIRCLE('',#4419,0.004);
#231=CIRCLE('',#4422,0.004);
#232=CIRCLE('',#4425,0.004);
#233=CIRCLE('',#4427,0.00400000000000005);
#234=CIRCLE('',#4430,0.004);
#235=CIRCLE('',#4432,0.004);
#236=CIRCLE('',#4436,0.005);
#237=CIRCLE('',#4438,0.002);
#238=CIRCLE('',#4440,0.002);
#239=CIRCLE('',#4442,0.002);
#240=CIRCLE('',#4444,0.002);
#241=CIRCLE('',#4446,0.004);
#242=CIRCLE('',#4449,0.0032);
#243=CIRCLE('',#4450,0.0143);
#244=CIRCLE('',#4451,0.0032);
#245=CIRCLE('',#4452,0.00805);
#246=CIRCLE('',#4453,0.0032);
#247=CIRCLE('',#4454,0.0143);
#248=CIRCLE('',#4455,0.0032);
#249=CIRCLE('',#4456,0.00805);
#250=CIRCLE('',#4457,0.0037);
#251=CIRCLE('',#4458,0.0037);
#252=CIRCLE('',#4459,0.0053);
#253=CIRCLE('',#4460,0.0107);
#254=CIRCLE('',#4461,0.0053);
#255=CIRCLE('',#4462,0.0037);
#256=CIRCLE('',#4463,0.0037);
#257=CIRCLE('',#4464,0.0053);
#258=CIRCLE('',#4465,0.0107);
#259=CIRCLE('',#4466,0.0053);
#260=CIRCLE('',#4468,0.0015);
#261=CIRCLE('',#4469,0.0015);
#262=CIRCLE('',#4471,0.0015);
#263=CIRCLE('',#4472,0.0015);
#264=CIRCLE('',#4482,0.0043);
#265=CIRCLE('',#4484,0.0037);
#266=CIRCLE('',#4488,0.0047);
#267=CIRCLE('',#4490,0.0053);
#268=CIRCLE('',#4492,0.0113);
#269=CIRCLE('',#4494,0.0107);
#270=CIRCLE('',#4496,0.0047);
#271=CIRCLE('',#4498,0.0053);
#272=CIRCLE('',#4502,0.0043);
#273=CIRCLE('',#4504,0.0037);
#274=CIRCLE('',#4508,0.0043);
#275=CIRCLE('',#4510,0.0037);
#276=CIRCLE('',#4514,0.0047);
#277=CIRCLE('',#4516,0.0053);
#278=CIRCLE('',#4518,0.0113);
#279=CIRCLE('',#4520,0.0107);
#280=CIRCLE('',#4522,0.0047);
#281=CIRCLE('',#4524,0.0053);
#282=CIRCLE('',#4528,0.0043);
#283=CIRCLE('',#4530,0.0037);
#284=CIRCLE('',#4537,0.0038);
#285=CIRCLE('',#4539,0.0032);
#286=CIRCLE('',#4541,0.0137);
#287=CIRCLE('',#4543,0.0143);
#288=CIRCLE('',#4545,0.0038);
#289=CIRCLE('',#4547,0.0032);
#290=CIRCLE('',#4551,0.00745);
#291=CIRCLE('',#4553,0.00805);
#292=CIRCLE('',#4557,0.0038);
#293=CIRCLE('',#4559,0.0032);
#294=CIRCLE('',#4561,0.0137);
#295=CIRCLE('',#4563,0.0143);
#296=CIRCLE('',#4565,0.0038);
#297=CIRCLE('',#4567,0.0032);
#298=CIRCLE('',#4571,0.00745);
#299=CIRCLE('',#4573,0.00805);
#300=CIRCLE('',#4577,0.0043);
#301=CIRCLE('',#4578,0.0047);
#302=CIRCLE('',#4579,0.0113);
#303=CIRCLE('',#4580,0.0047);
#304=CIRCLE('',#4581,0.0043);
#305=CIRCLE('',#4582,0.0043);
#306=CIRCLE('',#4583,0.00470000000000009);
#307=CIRCLE('',#4584,0.0113);
#308=CIRCLE('',#4585,0.00470000000000008);
#309=CIRCLE('',#4586,0.0043);
#310=CIRCLE('',#4587,0.0141);
#311=CIRCLE('',#4588,0.0141);
#312=CIRCLE('',#4589,0.0141);
#313=CIRCLE('',#4590,0.0141);
#314=CIRCLE('',#4592,0.0137);
#315=CIRCLE('',#4593,0.0125);
#316=CIRCLE('',#4595,0.00650000000000008);
#317=CIRCLE('',#4596,0.0095);
#318=CIRCLE('',#4597,0.00650000000000008);
#319=CIRCLE('',#4598,0.00625);
#320=CIRCLE('',#4599,0.002);
#321=CIRCLE('',#4600,0.0155);
#322=CIRCLE('',#4601,0.002);
#323=CIRCLE('',#4602,0.00625);
#324=CIRCLE('',#4604,0.00625);
#325=CIRCLE('',#4605,0.0065);
#326=CIRCLE('',#4606,0.0095);
#327=CIRCLE('',#4607,0.0065);
#328=CIRCLE('',#4608,0.00625);
#329=CIRCLE('',#4609,0.002);
#330=CIRCLE('',#4610,0.0155);
#331=CIRCLE('',#4611,0.002);
#332=CIRCLE('',#4613,0.002);
#333=CIRCLE('',#4615,0.0155);
#334=CIRCLE('',#4616,0.0155);
#335=CIRCLE('',#4617,0.0155);
#336=CIRCLE('',#4619,0.002);
#337=CIRCLE('',#4622,0.00625);
#338=CIRCLE('',#4625,0.0025);
#339=CIRCLE('',#4626,0.0025);
#340=CIRCLE('',#4629,0.0025);
#341=CIRCLE('',#4630,0.0025);
#342=CIRCLE('',#4633,0.00625);
#343=CIRCLE('',#4635,0.0125);
#344=CIRCLE('',#4637,0.002);
#345=CIRCLE('',#4640,0.00625);
#346=CIRCLE('',#4643,0.0025);
#347=CIRCLE('',#4644,0.0025);
#348=CIRCLE('',#4647,0.0025);
#349=CIRCLE('',#4648,0.0025);
#350=CIRCLE('',#4651,0.00625);
#351=CIRCLE('',#4654,0.0141);
#352=CIRCLE('',#4657,0.0141);
#353=CIRCLE('',#4660,0.0141);
#354=CIRCLE('',#4663,0.0141);
#355=CIRCLE('',#4665,0.002);
#356=CIRCLE('',#4670,0.0037);
#357=CIRCLE('',#4671,0.0037);
#358=CIRCLE('',#4672,0.00530000000000008);
#359=CIRCLE('',#4673,0.0107);
#360=CIRCLE('',#4674,0.00530000000000008);
#361=CIRCLE('',#4675,0.0037);
#362=CIRCLE('',#4676,0.0037);
#363=CIRCLE('',#4677,0.0053);
#364=CIRCLE('',#4678,0.0107);
#365=CIRCLE('',#4679,0.0053);
#366=CIRCLE('',#4680,0.0065);
#367=CIRCLE('',#4681,0.0095);
#368=CIRCLE('',#4682,0.0065);
#369=CIRCLE('',#4683,0.00650000000000008);
#370=CIRCLE('',#4684,0.0095);
#371=CIRCLE('',#4685,0.00650000000000008);
#372=CIRCLE('',#4687,0.0143);
#373=CIRCLE('',#4695,0.0137);
#374=CIRCLE('',#4697,0.0143);
#375=CIRCLE('',#4700,0.0043);
#376=CIRCLE('',#4702,0.0037);
#377=CIRCLE('',#4706,0.0047);
#378=CIRCLE('',#4708,0.0053);
#379=CIRCLE('',#4710,0.0113);
#380=CIRCLE('',#4712,0.0107);
#381=CIRCLE('',#4714,0.0047);
#382=CIRCLE('',#4716,0.0053);
#383=CIRCLE('',#4720,0.0043);
#384=CIRCLE('',#4722,0.0037);
#385=CIRCLE('',#4726,0.0043);
#386=CIRCLE('',#4728,0.0037);
#387=CIRCLE('',#4732,0.00470000000000009);
#388=CIRCLE('',#4734,0.00530000000000008);
#389=CIRCLE('',#4736,0.0113);
#390=CIRCLE('',#4738,0.0107);
#391=CIRCLE('',#4740,0.00470000000000008);
#392=CIRCLE('',#4742,0.00530000000000008);
#393=CIRCLE('',#4746,0.0043);
#394=CIRCLE('',#4748,0.0037);
#395=CIRCLE('',#4754,0.0141);
#396=CIRCLE('',#4755,0.0141);
#397=CIRCLE('',#4758,0.0141);
#398=CIRCLE('',#4759,0.0141);
#399=CIRCLE('',#4762,0.0141);
#400=CIRCLE('',#4763,0.0141);
#401=CIRCLE('',#4766,0.0141);
#402=CIRCLE('',#4767,0.0141);
#403=CIRCLE('',#4769,0.0059);
#404=CIRCLE('',#4770,0.0059);
#405=CIRCLE('',#4773,0.0059);
#406=CIRCLE('',#4774,0.0059);
#407=ORIENTED_EDGE('',*,*,#1645,.F.);
#408=ORIENTED_EDGE('',*,*,#1646,.F.);
#409=ORIENTED_EDGE('',*,*,#1647,.F.);
#410=ORIENTED_EDGE('',*,*,#1648,.F.);
#411=ORIENTED_EDGE('',*,*,#1649,.F.);
#412=ORIENTED_EDGE('',*,*,#1650,.F.);
#413=ORIENTED_EDGE('',*,*,#1651,.F.);
#414=ORIENTED_EDGE('',*,*,#1652,.F.);
#415=ORIENTED_EDGE('',*,*,#1653,.F.);
#416=ORIENTED_EDGE('',*,*,#1654,.F.);
#417=ORIENTED_EDGE('',*,*,#1655,.F.);
#418=ORIENTED_EDGE('',*,*,#1656,.F.);
#419=ORIENTED_EDGE('',*,*,#1657,.T.);
#420=ORIENTED_EDGE('',*,*,#1658,.T.);
#421=ORIENTED_EDGE('',*,*,#1659,.T.);
#422=ORIENTED_EDGE('',*,*,#1660,.T.);
#423=ORIENTED_EDGE('',*,*,#1661,.F.);
#424=ORIENTED_EDGE('',*,*,#1662,.F.);
#425=ORIENTED_EDGE('',*,*,#1663,.T.);
#426=ORIENTED_EDGE('',*,*,#1664,.T.);
#427=ORIENTED_EDGE('',*,*,#1665,.T.);
#428=ORIENTED_EDGE('',*,*,#1666,.T.);
#429=ORIENTED_EDGE('',*,*,#1667,.F.);
#430=ORIENTED_EDGE('',*,*,#1668,.F.);
#431=ORIENTED_EDGE('',*,*,#1669,.F.);
#432=ORIENTED_EDGE('',*,*,#1670,.F.);
#433=ORIENTED_EDGE('',*,*,#1671,.F.);
#434=ORIENTED_EDGE('',*,*,#1672,.F.);
#435=ORIENTED_EDGE('',*,*,#1673,.F.);
#436=ORIENTED_EDGE('',*,*,#1674,.F.);
#437=ORIENTED_EDGE('',*,*,#1675,.F.);
#438=ORIENTED_EDGE('',*,*,#1676,.F.);
#439=ORIENTED_EDGE('',*,*,#1677,.F.);
#440=ORIENTED_EDGE('',*,*,#1678,.F.);
#441=ORIENTED_EDGE('',*,*,#1679,.F.);
#442=ORIENTED_EDGE('',*,*,#1680,.F.);
#443=ORIENTED_EDGE('',*,*,#1681,.F.);
#444=ORIENTED_EDGE('',*,*,#1682,.F.);
#445=ORIENTED_EDGE('',*,*,#1683,.F.);
#446=ORIENTED_EDGE('',*,*,#1684,.F.);
#447=ORIENTED_EDGE('',*,*,#1685,.F.);
#448=ORIENTED_EDGE('',*,*,#1686,.F.);
#449=ORIENTED_EDGE('',*,*,#1687,.F.);
#450=ORIENTED_EDGE('',*,*,#1688,.F.);
#451=ORIENTED_EDGE('',*,*,#1689,.F.);
#452=ORIENTED_EDGE('',*,*,#1690,.T.);
#453=ORIENTED_EDGE('',*,*,#1691,.F.);
#454=ORIENTED_EDGE('',*,*,#1692,.T.);
#455=ORIENTED_EDGE('',*,*,#1693,.F.);
#456=ORIENTED_EDGE('',*,*,#1694,.T.);
#457=ORIENTED_EDGE('',*,*,#1695,.F.);
#458=ORIENTED_EDGE('',*,*,#1696,.T.);
#459=ORIENTED_EDGE('',*,*,#1697,.F.);
#460=ORIENTED_EDGE('',*,*,#1698,.T.);
#461=ORIENTED_EDGE('',*,*,#1699,.T.);
#462=ORIENTED_EDGE('',*,*,#1700,.T.);
#463=ORIENTED_EDGE('',*,*,#1701,.T.);
#464=ORIENTED_EDGE('',*,*,#1702,.T.);
#465=ORIENTED_EDGE('',*,*,#1703,.F.);
#466=ORIENTED_EDGE('',*,*,#1704,.F.);
#467=ORIENTED_EDGE('',*,*,#1705,.F.);
#468=ORIENTED_EDGE('',*,*,#1706,.T.);
#469=ORIENTED_EDGE('',*,*,#1707,.T.);
#470=ORIENTED_EDGE('',*,*,#1708,.T.);
#471=ORIENTED_EDGE('',*,*,#1709,.F.);
#472=ORIENTED_EDGE('',*,*,#1710,.F.);
#473=ORIENTED_EDGE('',*,*,#1711,.F.);
#474=ORIENTED_EDGE('',*,*,#1712,.F.);
#475=ORIENTED_EDGE('',*,*,#1713,.T.);
#476=ORIENTED_EDGE('',*,*,#1714,.T.);
#477=ORIENTED_EDGE('',*,*,#1712,.T.);
#478=ORIENTED_EDGE('',*,*,#1715,.T.);
#479=ORIENTED_EDGE('',*,*,#1716,.F.);
#480=ORIENTED_EDGE('',*,*,#1717,.F.);
#481=ORIENTED_EDGE('',*,*,#1718,.F.);
#482=ORIENTED_EDGE('',*,*,#1719,.F.);
#483=ORIENTED_EDGE('',*,*,#1720,.T.);
#484=ORIENTED_EDGE('',*,*,#1716,.T.);
#485=ORIENTED_EDGE('',*,*,#1721,.F.);
#486=ORIENTED_EDGE('',*,*,#1722,.F.);
#487=ORIENTED_EDGE('',*,*,#1723,.T.);
#488=ORIENTED_EDGE('',*,*,#1719,.T.);
#489=ORIENTED_EDGE('',*,*,#1722,.T.);
#490=ORIENTED_EDGE('',*,*,#1724,.T.);
#491=ORIENTED_EDGE('',*,*,#1725,.F.);
#492=ORIENTED_EDGE('',*,*,#1726,.F.);
#493=ORIENTED_EDGE('',*,*,#1727,.F.);
#494=ORIENTED_EDGE('',*,*,#1728,.F.);
#495=ORIENTED_EDGE('',*,*,#1729,.T.);
#496=ORIENTED_EDGE('',*,*,#1725,.T.);
#497=ORIENTED_EDGE('',*,*,#1730,.F.);
#498=ORIENTED_EDGE('',*,*,#1731,.F.);
#499=ORIENTED_EDGE('',*,*,#1732,.T.);
#500=ORIENTED_EDGE('',*,*,#1728,.T.);
#501=ORIENTED_EDGE('',*,*,#1731,.T.);
#502=ORIENTED_EDGE('',*,*,#1733,.T.);
#503=ORIENTED_EDGE('',*,*,#1734,.F.);
#504=ORIENTED_EDGE('',*,*,#1735,.F.);
#505=ORIENTED_EDGE('',*,*,#1734,.T.);
#506=ORIENTED_EDGE('',*,*,#1736,.T.);
#507=ORIENTED_EDGE('',*,*,#1737,.F.);
#508=ORIENTED_EDGE('',*,*,#1738,.F.);
#509=ORIENTED_EDGE('',*,*,#1739,.F.);
#510=ORIENTED_EDGE('',*,*,#1740,.F.);
#511=ORIENTED_EDGE('',*,*,#1741,.T.);
#512=ORIENTED_EDGE('',*,*,#1737,.T.);
#513=ORIENTED_EDGE('',*,*,#1742,.F.);
#514=ORIENTED_EDGE('',*,*,#1743,.F.);
#515=ORIENTED_EDGE('',*,*,#1744,.T.);
#516=ORIENTED_EDGE('',*,*,#1740,.T.);
#517=ORIENTED_EDGE('',*,*,#1745,.F.);
#518=ORIENTED_EDGE('',*,*,#1746,.T.);
#519=ORIENTED_EDGE('',*,*,#1747,.T.);
#520=ORIENTED_EDGE('',*,*,#1748,.T.);
#521=ORIENTED_EDGE('',*,*,#1749,.F.);
#522=ORIENTED_EDGE('',*,*,#1750,.F.);
#523=ORIENTED_EDGE('',*,*,#1749,.T.);
#524=ORIENTED_EDGE('',*,*,#1751,.T.);
#525=ORIENTED_EDGE('',*,*,#1752,.F.);
#526=ORIENTED_EDGE('',*,*,#1753,.F.);
#527=ORIENTED_EDGE('',*,*,#1754,.F.);
#528=ORIENTED_EDGE('',*,*,#1755,.F.);
#529=ORIENTED_EDGE('',*,*,#1756,.T.);
#530=ORIENTED_EDGE('',*,*,#1752,.T.);
#531=ORIENTED_EDGE('',*,*,#1757,.T.);
#532=ORIENTED_EDGE('',*,*,#1758,.T.);
#533=ORIENTED_EDGE('',*,*,#1759,.T.);
#534=ORIENTED_EDGE('',*,*,#1760,.F.);
#535=ORIENTED_EDGE('',*,*,#1761,.F.);
#536=ORIENTED_EDGE('',*,*,#1755,.T.);
#537=ORIENTED_EDGE('',*,*,#1762,.F.);
#538=ORIENTED_EDGE('',*,*,#1763,.F.);
#539=ORIENTED_EDGE('',*,*,#1764,.T.);
#540=ORIENTED_EDGE('',*,*,#1765,.F.);
#541=ORIENTED_EDGE('',*,*,#1766,.T.);
#542=ORIENTED_EDGE('',*,*,#1760,.T.);
#543=ORIENTED_EDGE('',*,*,#1767,.F.);
#544=ORIENTED_EDGE('',*,*,#1768,.F.);
#545=ORIENTED_EDGE('',*,*,#1769,.T.);
#546=ORIENTED_EDGE('',*,*,#1765,.T.);
#547=ORIENTED_EDGE('',*,*,#1770,.F.);
#548=ORIENTED_EDGE('',*,*,#1771,.F.);
#549=ORIENTED_EDGE('',*,*,#1772,.T.);
#550=ORIENTED_EDGE('',*,*,#1768,.T.);
#551=ORIENTED_EDGE('',*,*,#1773,.F.);
#552=ORIENTED_EDGE('',*,*,#1774,.F.);
#553=ORIENTED_EDGE('',*,*,#1775,.T.);
#554=ORIENTED_EDGE('',*,*,#1771,.T.);
#555=ORIENTED_EDGE('',*,*,#1774,.T.);
#556=ORIENTED_EDGE('',*,*,#1776,.T.);
#557=ORIENTED_EDGE('',*,*,#1777,.F.);
#558=ORIENTED_EDGE('',*,*,#1778,.F.);
#559=ORIENTED_EDGE('',*,*,#1777,.T.);
#560=ORIENTED_EDGE('',*,*,#1779,.T.);
#561=ORIENTED_EDGE('',*,*,#1780,.F.);
#562=ORIENTED_EDGE('',*,*,#1781,.F.);
#563=ORIENTED_EDGE('',*,*,#1782,.F.);
#564=ORIENTED_EDGE('',*,*,#1783,.F.);
#565=ORIENTED_EDGE('',*,*,#1784,.T.);
#566=ORIENTED_EDGE('',*,*,#1780,.T.);
#567=ORIENTED_EDGE('',*,*,#1785,.T.);
#568=ORIENTED_EDGE('',*,*,#1786,.T.);
#569=ORIENTED_EDGE('',*,*,#1787,.F.);
#570=ORIENTED_EDGE('',*,*,#1657,.F.);
#571=ORIENTED_EDGE('',*,*,#1788,.T.);
#572=ORIENTED_EDGE('',*,*,#1789,.F.);
#573=ORIENTED_EDGE('',*,*,#1658,.F.);
#574=ORIENTED_EDGE('',*,*,#1787,.T.);
#575=ORIENTED_EDGE('',*,*,#1789,.T.);
#576=ORIENTED_EDGE('',*,*,#1790,.T.);
#577=ORIENTED_EDGE('',*,*,#1791,.F.);
#578=ORIENTED_EDGE('',*,*,#1659,.F.);
#579=ORIENTED_EDGE('',*,*,#1791,.T.);
#580=ORIENTED_EDGE('',*,*,#1792,.T.);
#581=ORIENTED_EDGE('',*,*,#1793,.F.);
#582=ORIENTED_EDGE('',*,*,#1660,.F.);
#583=ORIENTED_EDGE('',*,*,#1794,.F.);
#584=ORIENTED_EDGE('',*,*,#1795,.F.);
#585=ORIENTED_EDGE('',*,*,#1661,.T.);
#586=ORIENTED_EDGE('',*,*,#1793,.T.);
#587=ORIENTED_EDGE('',*,*,#1796,.F.);
#588=ORIENTED_EDGE('',*,*,#1797,.F.);
#589=ORIENTED_EDGE('',*,*,#1662,.T.);
#590=ORIENTED_EDGE('',*,*,#1795,.T.);
#591=ORIENTED_EDGE('',*,*,#1797,.T.);
#592=ORIENTED_EDGE('',*,*,#1798,.T.);
#593=ORIENTED_EDGE('',*,*,#1799,.F.);
#594=ORIENTED_EDGE('',*,*,#1663,.F.);
#595=ORIENTED_EDGE('',*,*,#1799,.T.);
#596=ORIENTED_EDGE('',*,*,#1800,.T.);
#597=ORIENTED_EDGE('',*,*,#1801,.F.);
#598=ORIENTED_EDGE('',*,*,#1664,.F.);
#599=ORIENTED_EDGE('',*,*,#1801,.T.);
#600=ORIENTED_EDGE('',*,*,#1802,.T.);
#601=ORIENTED_EDGE('',*,*,#1803,.F.);
#602=ORIENTED_EDGE('',*,*,#1665,.F.);
#603=ORIENTED_EDGE('',*,*,#1803,.T.);
#604=ORIENTED_EDGE('',*,*,#1804,.T.);
#605=ORIENTED_EDGE('',*,*,#1805,.F.);
#606=ORIENTED_EDGE('',*,*,#1666,.F.);
#607=ORIENTED_EDGE('',*,*,#1806,.F.);
#608=ORIENTED_EDGE('',*,*,#1807,.F.);
#609=ORIENTED_EDGE('',*,*,#1667,.T.);
#610=ORIENTED_EDGE('',*,*,#1805,.T.);
#611=ORIENTED_EDGE('',*,*,#1808,.F.);
#612=ORIENTED_EDGE('',*,*,#1809,.F.);
#613=ORIENTED_EDGE('',*,*,#1689,.T.);
#614=ORIENTED_EDGE('',*,*,#1810,.T.);
#615=ORIENTED_EDGE('',*,*,#1811,.T.);
#616=ORIENTED_EDGE('',*,*,#1812,.F.);
#617=ORIENTED_EDGE('',*,*,#1690,.F.);
#618=ORIENTED_EDGE('',*,*,#1809,.T.);
#619=ORIENTED_EDGE('',*,*,#1813,.F.);
#620=ORIENTED_EDGE('',*,*,#1814,.F.);
#621=ORIENTED_EDGE('',*,*,#1691,.T.);
#622=ORIENTED_EDGE('',*,*,#1812,.T.);
#623=ORIENTED_EDGE('',*,*,#1815,.T.);
#624=ORIENTED_EDGE('',*,*,#1816,.F.);
#625=ORIENTED_EDGE('',*,*,#1692,.F.);
#626=ORIENTED_EDGE('',*,*,#1814,.T.);
#627=ORIENTED_EDGE('',*,*,#1817,.F.);
#628=ORIENTED_EDGE('',*,*,#1818,.F.);
#629=ORIENTED_EDGE('',*,*,#1693,.T.);
#630=ORIENTED_EDGE('',*,*,#1816,.T.);
#631=ORIENTED_EDGE('',*,*,#1819,.T.);
#632=ORIENTED_EDGE('',*,*,#1820,.F.);
#633=ORIENTED_EDGE('',*,*,#1694,.F.);
#634=ORIENTED_EDGE('',*,*,#1818,.T.);
#635=ORIENTED_EDGE('',*,*,#1821,.F.);
#636=ORIENTED_EDGE('',*,*,#1822,.F.);
#637=ORIENTED_EDGE('',*,*,#1695,.T.);
#638=ORIENTED_EDGE('',*,*,#1820,.T.);
#639=ORIENTED_EDGE('',*,*,#1823,.T.);
#640=ORIENTED_EDGE('',*,*,#1824,.F.);
#641=ORIENTED_EDGE('',*,*,#1696,.F.);
#642=ORIENTED_EDGE('',*,*,#1822,.T.);
#643=ORIENTED_EDGE('',*,*,#1825,.F.);
#644=ORIENTED_EDGE('',*,*,#1826,.F.);
#645=ORIENTED_EDGE('',*,*,#1697,.T.);
#646=ORIENTED_EDGE('',*,*,#1824,.T.);
#647=ORIENTED_EDGE('',*,*,#1827,.T.);
#648=ORIENTED_EDGE('',*,*,#1828,.F.);
#649=ORIENTED_EDGE('',*,*,#1698,.F.);
#650=ORIENTED_EDGE('',*,*,#1826,.T.);
#651=ORIENTED_EDGE('',*,*,#1829,.T.);
#652=ORIENTED_EDGE('',*,*,#1830,.F.);
#653=ORIENTED_EDGE('',*,*,#1699,.F.);
#654=ORIENTED_EDGE('',*,*,#1828,.T.);
#655=ORIENTED_EDGE('',*,*,#1831,.T.);
#656=ORIENTED_EDGE('',*,*,#1832,.F.);
#657=ORIENTED_EDGE('',*,*,#1700,.F.);
#658=ORIENTED_EDGE('',*,*,#1830,.T.);
#659=ORIENTED_EDGE('',*,*,#1833,.T.);
#660=ORIENTED_EDGE('',*,*,#1834,.F.);
#661=ORIENTED_EDGE('',*,*,#1701,.F.);
#662=ORIENTED_EDGE('',*,*,#1832,.T.);
#663=ORIENTED_EDGE('',*,*,#1835,.T.);
#664=ORIENTED_EDGE('',*,*,#1836,.F.);
#665=ORIENTED_EDGE('',*,*,#1702,.F.);
#666=ORIENTED_EDGE('',*,*,#1834,.T.);
#667=ORIENTED_EDGE('',*,*,#1837,.F.);
#668=ORIENTED_EDGE('',*,*,#1838,.F.);
#669=ORIENTED_EDGE('',*,*,#1703,.T.);
#670=ORIENTED_EDGE('',*,*,#1836,.T.);
#671=ORIENTED_EDGE('',*,*,#1839,.F.);
#672=ORIENTED_EDGE('',*,*,#1840,.F.);
#673=ORIENTED_EDGE('',*,*,#1704,.T.);
#674=ORIENTED_EDGE('',*,*,#1838,.T.);
#675=ORIENTED_EDGE('',*,*,#1841,.F.);
#676=ORIENTED_EDGE('',*,*,#1842,.F.);
#677=ORIENTED_EDGE('',*,*,#1705,.T.);
#678=ORIENTED_EDGE('',*,*,#1840,.T.);
#679=ORIENTED_EDGE('',*,*,#1843,.T.);
#680=ORIENTED_EDGE('',*,*,#1844,.F.);
#681=ORIENTED_EDGE('',*,*,#1706,.F.);
#682=ORIENTED_EDGE('',*,*,#1842,.T.);
#683=ORIENTED_EDGE('',*,*,#1845,.T.);
#684=ORIENTED_EDGE('',*,*,#1846,.F.);
#685=ORIENTED_EDGE('',*,*,#1707,.F.);
#686=ORIENTED_EDGE('',*,*,#1844,.T.);
#687=ORIENTED_EDGE('',*,*,#1783,.T.);
#688=ORIENTED_EDGE('',*,*,#1847,.T.);
#689=ORIENTED_EDGE('',*,*,#1747,.F.);
#690=ORIENTED_EDGE('',*,*,#1848,.F.);
#691=ORIENTED_EDGE('',*,*,#1849,.F.);
#692=ORIENTED_EDGE('',*,*,#1785,.F.);
#693=ORIENTED_EDGE('',*,*,#1668,.T.);
#694=ORIENTED_EDGE('',*,*,#1807,.T.);
#695=ORIENTED_EDGE('',*,*,#1685,.T.);
#696=ORIENTED_EDGE('',*,*,#1850,.F.);
#697=ORIENTED_EDGE('',*,*,#1686,.T.);
#698=ORIENTED_EDGE('',*,*,#1851,.F.);
#699=ORIENTED_EDGE('',*,*,#1687,.T.);
#700=ORIENTED_EDGE('',*,*,#1852,.F.);
#701=ORIENTED_EDGE('',*,*,#1688,.T.);
#702=ORIENTED_EDGE('',*,*,#1853,.F.);
#703=ORIENTED_EDGE('',*,*,#1854,.T.);
#704=ORIENTED_EDGE('',*,*,#1810,.F.);
#705=ORIENTED_EDGE('',*,*,#1708,.F.);
#706=ORIENTED_EDGE('',*,*,#1846,.T.);
#707=ORIENTED_EDGE('',*,*,#1855,.F.);
#708=ORIENTED_EDGE('',*,*,#1714,.F.);
#709=ORIENTED_EDGE('',*,*,#1856,.T.);
#710=ORIENTED_EDGE('',*,*,#1743,.T.);
#711=ORIENTED_EDGE('',*,*,#1857,.F.);
#712=ORIENTED_EDGE('',*,*,#1858,.F.);
#713=ORIENTED_EDGE('',*,*,#1859,.F.);
#714=ORIENTED_EDGE('',*,*,#1860,.F.);
#715=ORIENTED_EDGE('',*,*,#1861,.F.);
#716=ORIENTED_EDGE('',*,*,#1862,.F.);
#717=ORIENTED_EDGE('',*,*,#1863,.F.);
#718=ORIENTED_EDGE('',*,*,#1864,.F.);
#719=ORIENTED_EDGE('',*,*,#1865,.F.);
#720=ORIENTED_EDGE('',*,*,#1866,.F.);
#721=ORIENTED_EDGE('',*,*,#1867,.F.);
#722=ORIENTED_EDGE('',*,*,#1868,.F.);
#723=ORIENTED_EDGE('',*,*,#1869,.F.);
#724=ORIENTED_EDGE('',*,*,#1870,.F.);
#725=ORIENTED_EDGE('',*,*,#1871,.F.);
#726=ORIENTED_EDGE('',*,*,#1872,.F.);
#727=ORIENTED_EDGE('',*,*,#1873,.F.);
#728=ORIENTED_EDGE('',*,*,#1874,.F.);
#729=ORIENTED_EDGE('',*,*,#1875,.F.);
#730=ORIENTED_EDGE('',*,*,#1876,.F.);
#731=ORIENTED_EDGE('',*,*,#1877,.F.);
#732=ORIENTED_EDGE('',*,*,#1878,.F.);
#733=ORIENTED_EDGE('',*,*,#1879,.F.);
#734=ORIENTED_EDGE('',*,*,#1880,.F.);
#735=ORIENTED_EDGE('',*,*,#1881,.F.);
#736=ORIENTED_EDGE('',*,*,#1882,.F.);
#737=ORIENTED_EDGE('',*,*,#1883,.F.);
#738=ORIENTED_EDGE('',*,*,#1884,.F.);
#739=ORIENTED_EDGE('',*,*,#1750,.T.);
#740=ORIENTED_EDGE('',*,*,#1753,.T.);
#741=ORIENTED_EDGE('',*,*,#1756,.F.);
#742=ORIENTED_EDGE('',*,*,#1761,.T.);
#743=ORIENTED_EDGE('',*,*,#1766,.F.);
#744=ORIENTED_EDGE('',*,*,#1769,.F.);
#745=ORIENTED_EDGE('',*,*,#1772,.F.);
#746=ORIENTED_EDGE('',*,*,#1775,.F.);
#747=ORIENTED_EDGE('',*,*,#1778,.T.);
#748=ORIENTED_EDGE('',*,*,#1781,.T.);
#749=ORIENTED_EDGE('',*,*,#1784,.F.);
#750=ORIENTED_EDGE('',*,*,#1848,.T.);
#751=ORIENTED_EDGE('',*,*,#1713,.F.);
#752=ORIENTED_EDGE('',*,*,#1717,.T.);
#753=ORIENTED_EDGE('',*,*,#1720,.F.);
#754=ORIENTED_EDGE('',*,*,#1723,.F.);
#755=ORIENTED_EDGE('',*,*,#1726,.T.);
#756=ORIENTED_EDGE('',*,*,#1729,.F.);
#757=ORIENTED_EDGE('',*,*,#1732,.F.);
#758=ORIENTED_EDGE('',*,*,#1735,.T.);
#759=ORIENTED_EDGE('',*,*,#1738,.T.);
#760=ORIENTED_EDGE('',*,*,#1741,.F.);
#761=ORIENTED_EDGE('',*,*,#1744,.F.);
#762=ORIENTED_EDGE('',*,*,#1856,.F.);
#763=ORIENTED_EDGE('',*,*,#1885,.F.);
#764=ORIENTED_EDGE('',*,*,#1886,.F.);
#765=ORIENTED_EDGE('',*,*,#1887,.F.);
#766=ORIENTED_EDGE('',*,*,#1888,.T.);
#767=ORIENTED_EDGE('',*,*,#1754,.T.);
#768=ORIENTED_EDGE('',*,*,#1889,.T.);
#769=ORIENTED_EDGE('',*,*,#1762,.T.);
#770=ORIENTED_EDGE('',*,*,#1759,.F.);
#771=ORIENTED_EDGE('',*,*,#1890,.F.);
#772=ORIENTED_EDGE('',*,*,#1709,.T.);
#773=ORIENTED_EDGE('',*,*,#1855,.T.);
#774=ORIENTED_EDGE('',*,*,#1742,.T.);
#775=ORIENTED_EDGE('',*,*,#1808,.T.);
#776=ORIENTED_EDGE('',*,*,#1854,.F.);
#777=ORIENTED_EDGE('',*,*,#1845,.F.);
#778=ORIENTED_EDGE('',*,*,#1843,.F.);
#779=ORIENTED_EDGE('',*,*,#1841,.T.);
#780=ORIENTED_EDGE('',*,*,#1839,.T.);
#781=ORIENTED_EDGE('',*,*,#1837,.T.);
#782=ORIENTED_EDGE('',*,*,#1835,.F.);
#783=ORIENTED_EDGE('',*,*,#1833,.F.);
#784=ORIENTED_EDGE('',*,*,#1831,.F.);
#785=ORIENTED_EDGE('',*,*,#1829,.F.);
#786=ORIENTED_EDGE('',*,*,#1827,.F.);
#787=ORIENTED_EDGE('',*,*,#1825,.T.);
#788=ORIENTED_EDGE('',*,*,#1823,.F.);
#789=ORIENTED_EDGE('',*,*,#1821,.T.);
#790=ORIENTED_EDGE('',*,*,#1819,.F.);
#791=ORIENTED_EDGE('',*,*,#1817,.T.);
#792=ORIENTED_EDGE('',*,*,#1815,.F.);
#793=ORIENTED_EDGE('',*,*,#1813,.T.);
#794=ORIENTED_EDGE('',*,*,#1811,.F.);
#795=ORIENTED_EDGE('',*,*,#1853,.T.);
#796=ORIENTED_EDGE('',*,*,#1852,.T.);
#797=ORIENTED_EDGE('',*,*,#1851,.T.);
#798=ORIENTED_EDGE('',*,*,#1850,.T.);
#799=ORIENTED_EDGE('',*,*,#1891,.T.);
#800=ORIENTED_EDGE('',*,*,#1892,.T.);
#801=ORIENTED_EDGE('',*,*,#1893,.T.);
#802=ORIENTED_EDGE('',*,*,#1894,.F.);
#803=ORIENTED_EDGE('',*,*,#1790,.F.);
#804=ORIENTED_EDGE('',*,*,#1788,.F.);
#805=ORIENTED_EDGE('',*,*,#1786,.F.);
#806=ORIENTED_EDGE('',*,*,#1849,.T.);
#807=ORIENTED_EDGE('',*,*,#1806,.T.);
#808=ORIENTED_EDGE('',*,*,#1804,.F.);
#809=ORIENTED_EDGE('',*,*,#1802,.F.);
#810=ORIENTED_EDGE('',*,*,#1800,.F.);
#811=ORIENTED_EDGE('',*,*,#1798,.F.);
#812=ORIENTED_EDGE('',*,*,#1796,.T.);
#813=ORIENTED_EDGE('',*,*,#1794,.T.);
#814=ORIENTED_EDGE('',*,*,#1792,.F.);
#815=ORIENTED_EDGE('',*,*,#1889,.F.);
#816=ORIENTED_EDGE('',*,*,#1758,.F.);
#817=ORIENTED_EDGE('',*,*,#1895,.T.);
#818=ORIENTED_EDGE('',*,*,#1763,.T.);
#819=ORIENTED_EDGE('',*,*,#1748,.F.);
#820=ORIENTED_EDGE('',*,*,#1847,.F.);
#821=ORIENTED_EDGE('',*,*,#1782,.T.);
#822=ORIENTED_EDGE('',*,*,#1779,.F.);
#823=ORIENTED_EDGE('',*,*,#1776,.F.);
#824=ORIENTED_EDGE('',*,*,#1773,.T.);
#825=ORIENTED_EDGE('',*,*,#1770,.T.);
#826=ORIENTED_EDGE('',*,*,#1767,.T.);
#827=ORIENTED_EDGE('',*,*,#1764,.F.);
#828=ORIENTED_EDGE('',*,*,#1895,.F.);
#829=ORIENTED_EDGE('',*,*,#1757,.F.);
#830=ORIENTED_EDGE('',*,*,#1751,.F.);
#831=ORIENTED_EDGE('',*,*,#1890,.T.);
#832=ORIENTED_EDGE('',*,*,#1746,.F.);
#833=ORIENTED_EDGE('',*,*,#1896,.F.);
#834=ORIENTED_EDGE('',*,*,#1710,.T.);
#835=ORIENTED_EDGE('',*,*,#1721,.T.);
#836=ORIENTED_EDGE('',*,*,#1718,.T.);
#837=ORIENTED_EDGE('',*,*,#1715,.F.);
#838=ORIENTED_EDGE('',*,*,#1711,.T.);
#839=ORIENTED_EDGE('',*,*,#1896,.T.);
#840=ORIENTED_EDGE('',*,*,#1745,.T.);
#841=ORIENTED_EDGE('',*,*,#1739,.T.);
#842=ORIENTED_EDGE('',*,*,#1736,.F.);
#843=ORIENTED_EDGE('',*,*,#1733,.F.);
#844=ORIENTED_EDGE('',*,*,#1730,.T.);
#845=ORIENTED_EDGE('',*,*,#1727,.T.);
#846=ORIENTED_EDGE('',*,*,#1724,.F.);
#847=ORIENTED_EDGE('',*,*,#1886,.T.);
#848=ORIENTED_EDGE('',*,*,#1897,.F.);
#849=ORIENTED_EDGE('',*,*,#1892,.F.);
#850=ORIENTED_EDGE('',*,*,#1898,.T.);
#851=ORIENTED_EDGE('',*,*,#1887,.T.);
#852=ORIENTED_EDGE('',*,*,#1898,.F.);
#853=ORIENTED_EDGE('',*,*,#1891,.F.);
#854=ORIENTED_EDGE('',*,*,#1899,.T.);
#855=ORIENTED_EDGE('',*,*,#1888,.F.);
#856=ORIENTED_EDGE('',*,*,#1899,.F.);
#857=ORIENTED_EDGE('',*,*,#1894,.T.);
#858=ORIENTED_EDGE('',*,*,#1900,.T.);
#859=ORIENTED_EDGE('',*,*,#1885,.T.);
#860=ORIENTED_EDGE('',*,*,#1900,.F.);
#861=ORIENTED_EDGE('',*,*,#1893,.F.);
#862=ORIENTED_EDGE('',*,*,#1897,.T.);
#863=ORIENTED_EDGE('',*,*,#1669,.T.);
#864=ORIENTED_EDGE('',*,*,#1901,.T.);
#865=ORIENTED_EDGE('',*,*,#1902,.F.);
#866=ORIENTED_EDGE('',*,*,#1903,.F.);
#867=ORIENTED_EDGE('',*,*,#1869,.T.);
#868=ORIENTED_EDGE('',*,*,#1904,.F.);
#869=ORIENTED_EDGE('',*,*,#1905,.T.);
#870=ORIENTED_EDGE('',*,*,#1906,.T.);
#871=ORIENTED_EDGE('',*,*,#1670,.T.);
#872=ORIENTED_EDGE('',*,*,#1903,.T.);
#873=ORIENTED_EDGE('',*,*,#1907,.F.);
#874=ORIENTED_EDGE('',*,*,#1908,.F.);
#875=ORIENTED_EDGE('',*,*,#1884,.T.);
#876=ORIENTED_EDGE('',*,*,#1909,.F.);
#877=ORIENTED_EDGE('',*,*,#1910,.T.);
#878=ORIENTED_EDGE('',*,*,#1904,.T.);
#879=ORIENTED_EDGE('',*,*,#1671,.T.);
#880=ORIENTED_EDGE('',*,*,#1908,.T.);
#881=ORIENTED_EDGE('',*,*,#1911,.F.);
#882=ORIENTED_EDGE('',*,*,#1912,.F.);
#883=ORIENTED_EDGE('',*,*,#1883,.T.);
#884=ORIENTED_EDGE('',*,*,#1913,.F.);
#885=ORIENTED_EDGE('',*,*,#1914,.T.);
#886=ORIENTED_EDGE('',*,*,#1909,.T.);
#887=ORIENTED_EDGE('',*,*,#1672,.T.);
#888=ORIENTED_EDGE('',*,*,#1912,.T.);
#889=ORIENTED_EDGE('',*,*,#1915,.F.);
#890=ORIENTED_EDGE('',*,*,#1916,.F.);
#891=ORIENTED_EDGE('',*,*,#1882,.T.);
#892=ORIENTED_EDGE('',*,*,#1917,.F.);
#893=ORIENTED_EDGE('',*,*,#1918,.T.);
#894=ORIENTED_EDGE('',*,*,#1913,.T.);
#895=ORIENTED_EDGE('',*,*,#1673,.T.);
#896=ORIENTED_EDGE('',*,*,#1916,.T.);
#897=ORIENTED_EDGE('',*,*,#1919,.F.);
#898=ORIENTED_EDGE('',*,*,#1920,.F.);
#899=ORIENTED_EDGE('',*,*,#1881,.T.);
#900=ORIENTED_EDGE('',*,*,#1921,.F.);
#901=ORIENTED_EDGE('',*,*,#1922,.T.);
#902=ORIENTED_EDGE('',*,*,#1917,.T.);
#903=ORIENTED_EDGE('',*,*,#1674,.T.);
#904=ORIENTED_EDGE('',*,*,#1920,.T.);
#905=ORIENTED_EDGE('',*,*,#1923,.F.);
#906=ORIENTED_EDGE('',*,*,#1924,.F.);
#907=ORIENTED_EDGE('',*,*,#1880,.T.);
#908=ORIENTED_EDGE('',*,*,#1925,.F.);
#909=ORIENTED_EDGE('',*,*,#1926,.T.);
#910=ORIENTED_EDGE('',*,*,#1921,.T.);
#911=ORIENTED_EDGE('',*,*,#1675,.T.);
#912=ORIENTED_EDGE('',*,*,#1924,.T.);
#913=ORIENTED_EDGE('',*,*,#1927,.F.);
#914=ORIENTED_EDGE('',*,*,#1928,.F.);
#915=ORIENTED_EDGE('',*,*,#1879,.T.);
#916=ORIENTED_EDGE('',*,*,#1929,.F.);
#917=ORIENTED_EDGE('',*,*,#1930,.T.);
#918=ORIENTED_EDGE('',*,*,#1925,.T.);
#919=ORIENTED_EDGE('',*,*,#1676,.T.);
#920=ORIENTED_EDGE('',*,*,#1928,.T.);
#921=ORIENTED_EDGE('',*,*,#1931,.F.);
#922=ORIENTED_EDGE('',*,*,#1932,.F.);
#923=ORIENTED_EDGE('',*,*,#1878,.T.);
#924=ORIENTED_EDGE('',*,*,#1933,.F.);
#925=ORIENTED_EDGE('',*,*,#1934,.T.);
#926=ORIENTED_EDGE('',*,*,#1929,.T.);
#927=ORIENTED_EDGE('',*,*,#1677,.T.);
#928=ORIENTED_EDGE('',*,*,#1932,.T.);
#929=ORIENTED_EDGE('',*,*,#1935,.F.);
#930=ORIENTED_EDGE('',*,*,#1936,.F.);
#931=ORIENTED_EDGE('',*,*,#1877,.T.);
#932=ORIENTED_EDGE('',*,*,#1937,.F.);
#933=ORIENTED_EDGE('',*,*,#1938,.T.);
#934=ORIENTED_EDGE('',*,*,#1933,.T.);
#935=ORIENTED_EDGE('',*,*,#1678,.T.);
#936=ORIENTED_EDGE('',*,*,#1936,.T.);
#937=ORIENTED_EDGE('',*,*,#1939,.F.);
#938=ORIENTED_EDGE('',*,*,#1940,.F.);
#939=ORIENTED_EDGE('',*,*,#1876,.T.);
#940=ORIENTED_EDGE('',*,*,#1941,.F.);
#941=ORIENTED_EDGE('',*,*,#1942,.T.);
#942=ORIENTED_EDGE('',*,*,#1937,.T.);
#943=ORIENTED_EDGE('',*,*,#1679,.T.);
#944=ORIENTED_EDGE('',*,*,#1940,.T.);
#945=ORIENTED_EDGE('',*,*,#1943,.F.);
#946=ORIENTED_EDGE('',*,*,#1944,.F.);
#947=ORIENTED_EDGE('',*,*,#1875,.T.);
#948=ORIENTED_EDGE('',*,*,#1945,.F.);
#949=ORIENTED_EDGE('',*,*,#1946,.T.);
#950=ORIENTED_EDGE('',*,*,#1941,.T.);
#951=ORIENTED_EDGE('',*,*,#1680,.T.);
#952=ORIENTED_EDGE('',*,*,#1944,.T.);
#953=ORIENTED_EDGE('',*,*,#1947,.F.);
#954=ORIENTED_EDGE('',*,*,#1948,.F.);
#955=ORIENTED_EDGE('',*,*,#1874,.T.);
#956=ORIENTED_EDGE('',*,*,#1949,.F.);
#957=ORIENTED_EDGE('',*,*,#1950,.T.);
#958=ORIENTED_EDGE('',*,*,#1945,.T.);
#959=ORIENTED_EDGE('',*,*,#1681,.T.);
#960=ORIENTED_EDGE('',*,*,#1948,.T.);
#961=ORIENTED_EDGE('',*,*,#1951,.F.);
#962=ORIENTED_EDGE('',*,*,#1952,.F.);
#963=ORIENTED_EDGE('',*,*,#1873,.T.);
#964=ORIENTED_EDGE('',*,*,#1953,.F.);
#965=ORIENTED_EDGE('',*,*,#1954,.T.);
#966=ORIENTED_EDGE('',*,*,#1949,.T.);
#967=ORIENTED_EDGE('',*,*,#1682,.T.);
#968=ORIENTED_EDGE('',*,*,#1952,.T.);
#969=ORIENTED_EDGE('',*,*,#1955,.F.);
#970=ORIENTED_EDGE('',*,*,#1956,.F.);
#971=ORIENTED_EDGE('',*,*,#1872,.T.);
#972=ORIENTED_EDGE('',*,*,#1957,.F.);
#973=ORIENTED_EDGE('',*,*,#1958,.T.);
#974=ORIENTED_EDGE('',*,*,#1953,.T.);
#975=ORIENTED_EDGE('',*,*,#1683,.T.);
#976=ORIENTED_EDGE('',*,*,#1956,.T.);
#977=ORIENTED_EDGE('',*,*,#1959,.F.);
#978=ORIENTED_EDGE('',*,*,#1960,.F.);
#979=ORIENTED_EDGE('',*,*,#1871,.T.);
#980=ORIENTED_EDGE('',*,*,#1961,.F.);
#981=ORIENTED_EDGE('',*,*,#1962,.T.);
#982=ORIENTED_EDGE('',*,*,#1957,.T.);
#983=ORIENTED_EDGE('',*,*,#1963,.F.);
#984=ORIENTED_EDGE('',*,*,#1905,.F.);
#985=ORIENTED_EDGE('',*,*,#1910,.F.);
#986=ORIENTED_EDGE('',*,*,#1914,.F.);
#987=ORIENTED_EDGE('',*,*,#1918,.F.);
#988=ORIENTED_EDGE('',*,*,#1922,.F.);
#989=ORIENTED_EDGE('',*,*,#1926,.F.);
#990=ORIENTED_EDGE('',*,*,#1930,.F.);
#991=ORIENTED_EDGE('',*,*,#1934,.F.);
#992=ORIENTED_EDGE('',*,*,#1938,.F.);
#993=ORIENTED_EDGE('',*,*,#1942,.F.);
#994=ORIENTED_EDGE('',*,*,#1946,.F.);
#995=ORIENTED_EDGE('',*,*,#1950,.F.);
#996=ORIENTED_EDGE('',*,*,#1954,.F.);
#997=ORIENTED_EDGE('',*,*,#1958,.F.);
#998=ORIENTED_EDGE('',*,*,#1962,.F.);
#999=ORIENTED_EDGE('',*,*,#1959,.T.);
#1000=ORIENTED_EDGE('',*,*,#1955,.T.);
#1001=ORIENTED_EDGE('',*,*,#1951,.T.);
#1002=ORIENTED_EDGE('',*,*,#1947,.T.);
#1003=ORIENTED_EDGE('',*,*,#1943,.T.);
#1004=ORIENTED_EDGE('',*,*,#1939,.T.);
#1005=ORIENTED_EDGE('',*,*,#1935,.T.);
#1006=ORIENTED_EDGE('',*,*,#1931,.T.);
#1007=ORIENTED_EDGE('',*,*,#1927,.T.);
#1008=ORIENTED_EDGE('',*,*,#1923,.T.);
#1009=ORIENTED_EDGE('',*,*,#1919,.T.);
#1010=ORIENTED_EDGE('',*,*,#1915,.T.);
#1011=ORIENTED_EDGE('',*,*,#1911,.T.);
#1012=ORIENTED_EDGE('',*,*,#1907,.T.);
#1013=ORIENTED_EDGE('',*,*,#1902,.T.);
#1014=ORIENTED_EDGE('',*,*,#1964,.T.);
#1015=ORIENTED_EDGE('',*,*,#1684,.T.);
#1016=ORIENTED_EDGE('',*,*,#1960,.T.);
#1017=ORIENTED_EDGE('',*,*,#1964,.F.);
#1018=ORIENTED_EDGE('',*,*,#1901,.F.);
#1019=ORIENTED_EDGE('',*,*,#1870,.T.);
#1020=ORIENTED_EDGE('',*,*,#1906,.F.);
#1021=ORIENTED_EDGE('',*,*,#1963,.T.);
#1022=ORIENTED_EDGE('',*,*,#1961,.T.);
#1023=ORIENTED_EDGE('',*,*,#1645,.T.);
#1024=ORIENTED_EDGE('',*,*,#1965,.F.);
#1025=ORIENTED_EDGE('',*,*,#1966,.T.);
#1026=ORIENTED_EDGE('',*,*,#1967,.T.);
#1027=ORIENTED_EDGE('',*,*,#1857,.T.);
#1028=ORIENTED_EDGE('',*,*,#1968,.T.);
#1029=ORIENTED_EDGE('',*,*,#1969,.F.);
#1030=ORIENTED_EDGE('',*,*,#1970,.F.);
#1031=ORIENTED_EDGE('',*,*,#1656,.T.);
#1032=ORIENTED_EDGE('',*,*,#1971,.F.);
#1033=ORIENTED_EDGE('',*,*,#1972,.T.);
#1034=ORIENTED_EDGE('',*,*,#1965,.T.);
#1035=ORIENTED_EDGE('',*,*,#1858,.T.);
#1036=ORIENTED_EDGE('',*,*,#1970,.T.);
#1037=ORIENTED_EDGE('',*,*,#1973,.F.);
#1038=ORIENTED_EDGE('',*,*,#1974,.F.);
#1039=ORIENTED_EDGE('',*,*,#1655,.T.);
#1040=ORIENTED_EDGE('',*,*,#1975,.F.);
#1041=ORIENTED_EDGE('',*,*,#1976,.T.);
#1042=ORIENTED_EDGE('',*,*,#1971,.T.);
#1043=ORIENTED_EDGE('',*,*,#1859,.T.);
#1044=ORIENTED_EDGE('',*,*,#1974,.T.);
#1045=ORIENTED_EDGE('',*,*,#1977,.F.);
#1046=ORIENTED_EDGE('',*,*,#1978,.F.);
#1047=ORIENTED_EDGE('',*,*,#1654,.T.);
#1048=ORIENTED_EDGE('',*,*,#1979,.F.);
#1049=ORIENTED_EDGE('',*,*,#1980,.T.);
#1050=ORIENTED_EDGE('',*,*,#1975,.T.);
#1051=ORIENTED_EDGE('',*,*,#1860,.T.);
#1052=ORIENTED_EDGE('',*,*,#1978,.T.);
#1053=ORIENTED_EDGE('',*,*,#1981,.F.);
#1054=ORIENTED_EDGE('',*,*,#1982,.F.);
#1055=ORIENTED_EDGE('',*,*,#1653,.T.);
#1056=ORIENTED_EDGE('',*,*,#1983,.F.);
#1057=ORIENTED_EDGE('',*,*,#1984,.T.);
#1058=ORIENTED_EDGE('',*,*,#1979,.T.);
#1059=ORIENTED_EDGE('',*,*,#1861,.T.);
#1060=ORIENTED_EDGE('',*,*,#1982,.T.);
#1061=ORIENTED_EDGE('',*,*,#1985,.F.);
#1062=ORIENTED_EDGE('',*,*,#1986,.F.);
#1063=ORIENTED_EDGE('',*,*,#1652,.T.);
#1064=ORIENTED_EDGE('',*,*,#1987,.F.);
#1065=ORIENTED_EDGE('',*,*,#1988,.T.);
#1066=ORIENTED_EDGE('',*,*,#1983,.T.);
#1067=ORIENTED_EDGE('',*,*,#1862,.T.);
#1068=ORIENTED_EDGE('',*,*,#1986,.T.);
#1069=ORIENTED_EDGE('',*,*,#1989,.F.);
#1070=ORIENTED_EDGE('',*,*,#1990,.F.);
#1071=ORIENTED_EDGE('',*,*,#1651,.T.);
#1072=ORIENTED_EDGE('',*,*,#1991,.F.);
#1073=ORIENTED_EDGE('',*,*,#1992,.T.);
#1074=ORIENTED_EDGE('',*,*,#1987,.T.);
#1075=ORIENTED_EDGE('',*,*,#1863,.T.);
#1076=ORIENTED_EDGE('',*,*,#1990,.T.);
#1077=ORIENTED_EDGE('',*,*,#1993,.F.);
#1078=ORIENTED_EDGE('',*,*,#1994,.F.);
#1079=ORIENTED_EDGE('',*,*,#1650,.T.);
#1080=ORIENTED_EDGE('',*,*,#1995,.F.);
#1081=ORIENTED_EDGE('',*,*,#1996,.T.);
#1082=ORIENTED_EDGE('',*,*,#1991,.T.);
#1083=ORIENTED_EDGE('',*,*,#1864,.T.);
#1084=ORIENTED_EDGE('',*,*,#1994,.T.);
#1085=ORIENTED_EDGE('',*,*,#1997,.F.);
#1086=ORIENTED_EDGE('',*,*,#1998,.F.);
#1087=ORIENTED_EDGE('',*,*,#1649,.T.);
#1088=ORIENTED_EDGE('',*,*,#1999,.F.);
#1089=ORIENTED_EDGE('',*,*,#2000,.T.);
#1090=ORIENTED_EDGE('',*,*,#1995,.T.);
#1091=ORIENTED_EDGE('',*,*,#1865,.T.);
#1092=ORIENTED_EDGE('',*,*,#1998,.T.);
#1093=ORIENTED_EDGE('',*,*,#2001,.F.);
#1094=ORIENTED_EDGE('',*,*,#2002,.F.);
#1095=ORIENTED_EDGE('',*,*,#1648,.T.);
#1096=ORIENTED_EDGE('',*,*,#2003,.F.);
#1097=ORIENTED_EDGE('',*,*,#2004,.T.);
#1098=ORIENTED_EDGE('',*,*,#1999,.T.);
#1099=ORIENTED_EDGE('',*,*,#1866,.T.);
#1100=ORIENTED_EDGE('',*,*,#2002,.T.);
#1101=ORIENTED_EDGE('',*,*,#2005,.F.);
#1102=ORIENTED_EDGE('',*,*,#2006,.F.);
#1103=ORIENTED_EDGE('',*,*,#1647,.T.);
#1104=ORIENTED_EDGE('',*,*,#2007,.F.);
#1105=ORIENTED_EDGE('',*,*,#2008,.T.);
#1106=ORIENTED_EDGE('',*,*,#2003,.T.);
#1107=ORIENTED_EDGE('',*,*,#1867,.T.);
#1108=ORIENTED_EDGE('',*,*,#2006,.T.);
#1109=ORIENTED_EDGE('',*,*,#2009,.F.);
#1110=ORIENTED_EDGE('',*,*,#2010,.F.);
#1111=ORIENTED_EDGE('',*,*,#1646,.T.);
#1112=ORIENTED_EDGE('',*,*,#1967,.F.);
#1113=ORIENTED_EDGE('',*,*,#2011,.T.);
#1114=ORIENTED_EDGE('',*,*,#2007,.T.);
#1115=ORIENTED_EDGE('',*,*,#1966,.F.);
#1116=ORIENTED_EDGE('',*,*,#1972,.F.);
#1117=ORIENTED_EDGE('',*,*,#1976,.F.);
#1118=ORIENTED_EDGE('',*,*,#1980,.F.);
#1119=ORIENTED_EDGE('',*,*,#1984,.F.);
#1120=ORIENTED_EDGE('',*,*,#1988,.F.);
#1121=ORIENTED_EDGE('',*,*,#1992,.F.);
#1122=ORIENTED_EDGE('',*,*,#1996,.F.);
#1123=ORIENTED_EDGE('',*,*,#2000,.F.);
#1124=ORIENTED_EDGE('',*,*,#2004,.F.);
#1125=ORIENTED_EDGE('',*,*,#2008,.F.);
#1126=ORIENTED_EDGE('',*,*,#2011,.F.);
#1127=ORIENTED_EDGE('',*,*,#2012,.T.);
#1128=ORIENTED_EDGE('',*,*,#2009,.T.);
#1129=ORIENTED_EDGE('',*,*,#2005,.T.);
#1130=ORIENTED_EDGE('',*,*,#2001,.T.);
#1131=ORIENTED_EDGE('',*,*,#1997,.T.);
#1132=ORIENTED_EDGE('',*,*,#1993,.T.);
#1133=ORIENTED_EDGE('',*,*,#1989,.T.);
#1134=ORIENTED_EDGE('',*,*,#1985,.T.);
#1135=ORIENTED_EDGE('',*,*,#1981,.T.);
#1136=ORIENTED_EDGE('',*,*,#1977,.T.);
#1137=ORIENTED_EDGE('',*,*,#1973,.T.);
#1138=ORIENTED_EDGE('',*,*,#1969,.T.);
#1139=ORIENTED_EDGE('',*,*,#1868,.T.);
#1140=ORIENTED_EDGE('',*,*,#2010,.T.);
#1141=ORIENTED_EDGE('',*,*,#2012,.F.);
#1142=ORIENTED_EDGE('',*,*,#1968,.F.);
#1143=ORIENTED_EDGE('',*,*,#2013,.F.);
#1144=ORIENTED_EDGE('',*,*,#2014,.F.);
#1145=ORIENTED_EDGE('',*,*,#2015,.F.);
#1146=ORIENTED_EDGE('',*,*,#2016,.F.);
#1147=ORIENTED_EDGE('',*,*,#2017,.F.);
#1148=ORIENTED_EDGE('',*,*,#2018,.F.);
#1149=ORIENTED_EDGE('',*,*,#2019,.F.);
#1150=ORIENTED_EDGE('',*,*,#2020,.F.);
#1151=ORIENTED_EDGE('',*,*,#2021,.F.);
#1152=ORIENTED_EDGE('',*,*,#2022,.F.);
#1153=ORIENTED_EDGE('',*,*,#2023,.F.);
#1154=ORIENTED_EDGE('',*,*,#2024,.F.);
#1155=ORIENTED_EDGE('',*,*,#2025,.F.);
#1156=ORIENTED_EDGE('',*,*,#2026,.F.);
#1157=ORIENTED_EDGE('',*,*,#2027,.F.);
#1158=ORIENTED_EDGE('',*,*,#2028,.F.);
#1159=ORIENTED_EDGE('',*,*,#2029,.F.);
#1160=ORIENTED_EDGE('',*,*,#2030,.F.);
#1161=ORIENTED_EDGE('',*,*,#2031,.F.);
#1162=ORIENTED_EDGE('',*,*,#2032,.F.);
#1163=ORIENTED_EDGE('',*,*,#2033,.T.);
#1164=ORIENTED_EDGE('',*,*,#2034,.T.);
#1165=ORIENTED_EDGE('',*,*,#2035,.T.);
#1166=ORIENTED_EDGE('',*,*,#2036,.F.);
#1167=ORIENTED_EDGE('',*,*,#2037,.F.);
#1168=ORIENTED_EDGE('',*,*,#2038,.F.);
#1169=ORIENTED_EDGE('',*,*,#2039,.F.);
#1170=ORIENTED_EDGE('',*,*,#2040,.F.);
#1171=ORIENTED_EDGE('',*,*,#2041,.T.);
#1172=ORIENTED_EDGE('',*,*,#2042,.F.);
#1173=ORIENTED_EDGE('',*,*,#2043,.F.);
#1174=ORIENTED_EDGE('',*,*,#2044,.F.);
#1175=ORIENTED_EDGE('',*,*,#2045,.F.);
#1176=ORIENTED_EDGE('',*,*,#2046,.T.);
#1177=ORIENTED_EDGE('',*,*,#2047,.F.);
#1178=ORIENTED_EDGE('',*,*,#2048,.F.);
#1179=ORIENTED_EDGE('',*,*,#2049,.T.);
#1180=ORIENTED_EDGE('',*,*,#2050,.T.);
#1181=ORIENTED_EDGE('',*,*,#2051,.T.);
#1182=ORIENTED_EDGE('',*,*,#2052,.T.);
#1183=ORIENTED_EDGE('',*,*,#2053,.T.);
#1184=ORIENTED_EDGE('',*,*,#2054,.F.);
#1185=ORIENTED_EDGE('',*,*,#2055,.T.);
#1186=ORIENTED_EDGE('',*,*,#2056,.F.);
#1187=ORIENTED_EDGE('',*,*,#2057,.F.);
#1188=ORIENTED_EDGE('',*,*,#2058,.F.);
#1189=ORIENTED_EDGE('',*,*,#2059,.T.);
#1190=ORIENTED_EDGE('',*,*,#2060,.F.);
#1191=ORIENTED_EDGE('',*,*,#2061,.F.);
#1192=ORIENTED_EDGE('',*,*,#2062,.T.);
#1193=ORIENTED_EDGE('',*,*,#2063,.T.);
#1194=ORIENTED_EDGE('',*,*,#2064,.F.);
#1195=ORIENTED_EDGE('',*,*,#2046,.F.);
#1196=ORIENTED_EDGE('',*,*,#2065,.T.);
#1197=ORIENTED_EDGE('',*,*,#2066,.F.);
#1198=ORIENTED_EDGE('',*,*,#2067,.F.);
#1199=ORIENTED_EDGE('',*,*,#2060,.T.);
#1200=ORIENTED_EDGE('',*,*,#2068,.T.);
#1201=ORIENTED_EDGE('',*,*,#2069,.T.);
#1202=ORIENTED_EDGE('',*,*,#2070,.F.);
#1203=ORIENTED_EDGE('',*,*,#2047,.T.);
#1204=ORIENTED_EDGE('',*,*,#2064,.T.);
#1205=ORIENTED_EDGE('',*,*,#2071,.F.);
#1206=ORIENTED_EDGE('',*,*,#2072,.F.);
#1207=ORIENTED_EDGE('',*,*,#2073,.F.);
#1208=ORIENTED_EDGE('',*,*,#2061,.T.);
#1209=ORIENTED_EDGE('',*,*,#2067,.T.);
#1210=ORIENTED_EDGE('',*,*,#2074,.T.);
#1211=ORIENTED_EDGE('',*,*,#2075,.F.);
#1212=ORIENTED_EDGE('',*,*,#2062,.F.);
#1213=ORIENTED_EDGE('',*,*,#2073,.T.);
#1214=ORIENTED_EDGE('',*,*,#2076,.T.);
#1215=ORIENTED_EDGE('',*,*,#2077,.F.);
#1216=ORIENTED_EDGE('',*,*,#2051,.F.);
#1217=ORIENTED_EDGE('',*,*,#2075,.T.);
#1218=ORIENTED_EDGE('',*,*,#2078,.F.);
#1219=ORIENTED_EDGE('',*,*,#2079,.F.);
#1220=ORIENTED_EDGE('',*,*,#2080,.F.);
#1221=ORIENTED_EDGE('',*,*,#2081,.T.);
#1222=ORIENTED_EDGE('',*,*,#2052,.F.);
#1223=ORIENTED_EDGE('',*,*,#2077,.T.);
#1224=ORIENTED_EDGE('',*,*,#2082,.F.);
#1225=ORIENTED_EDGE('',*,*,#2083,.F.);
#1226=ORIENTED_EDGE('',*,*,#2084,.F.);
#1227=ORIENTED_EDGE('',*,*,#2079,.T.);
#1228=ORIENTED_EDGE('',*,*,#2085,.F.);
#1229=ORIENTED_EDGE('',*,*,#2086,.F.);
#1230=ORIENTED_EDGE('',*,*,#2087,.T.);
#1231=ORIENTED_EDGE('',*,*,#2083,.T.);
#1232=ORIENTED_EDGE('',*,*,#2088,.F.);
#1233=ORIENTED_EDGE('',*,*,#2089,.F.);
#1234=ORIENTED_EDGE('',*,*,#2090,.F.);
#1235=ORIENTED_EDGE('',*,*,#2086,.T.);
#1236=ORIENTED_EDGE('',*,*,#2091,.T.);
#1237=ORIENTED_EDGE('',*,*,#2092,.F.);
#1238=ORIENTED_EDGE('',*,*,#2043,.T.);
#1239=ORIENTED_EDGE('',*,*,#2093,.F.);
#1240=ORIENTED_EDGE('',*,*,#2094,.T.);
#1241=ORIENTED_EDGE('',*,*,#2089,.T.);
#1242=ORIENTED_EDGE('',*,*,#2095,.F.);
#1243=ORIENTED_EDGE('',*,*,#2096,.F.);
#1244=ORIENTED_EDGE('',*,*,#2044,.T.);
#1245=ORIENTED_EDGE('',*,*,#2092,.T.);
#1246=ORIENTED_EDGE('',*,*,#2097,.F.);
#1247=ORIENTED_EDGE('',*,*,#2038,.T.);
#1248=ORIENTED_EDGE('',*,*,#2098,.F.);
#1249=ORIENTED_EDGE('',*,*,#2099,.F.);
#1250=ORIENTED_EDGE('',*,*,#2048,.T.);
#1251=ORIENTED_EDGE('',*,*,#2070,.T.);
#1252=ORIENTED_EDGE('',*,*,#2100,.T.);
#1253=ORIENTED_EDGE('',*,*,#2101,.F.);
#1254=ORIENTED_EDGE('',*,*,#2049,.F.);
#1255=ORIENTED_EDGE('',*,*,#2099,.T.);
#1256=ORIENTED_EDGE('',*,*,#2102,.T.);
#1257=ORIENTED_EDGE('',*,*,#2103,.F.);
#1258=ORIENTED_EDGE('',*,*,#2050,.F.);
#1259=ORIENTED_EDGE('',*,*,#2101,.T.);
#1260=ORIENTED_EDGE('',*,*,#2104,.T.);
#1261=ORIENTED_EDGE('',*,*,#2105,.F.);
#1262=ORIENTED_EDGE('',*,*,#2106,.T.);
#1263=ORIENTED_EDGE('',*,*,#2107,.T.);
#1264=ORIENTED_EDGE('',*,*,#2039,.T.);
#1265=ORIENTED_EDGE('',*,*,#2103,.T.);
#1266=ORIENTED_EDGE('',*,*,#2108,.F.);
#1267=ORIENTED_EDGE('',*,*,#2109,.F.);
#1268=ORIENTED_EDGE('',*,*,#2110,.T.);
#1269=ORIENTED_EDGE('',*,*,#2105,.T.);
#1270=ORIENTED_EDGE('',*,*,#2111,.T.);
#1271=ORIENTED_EDGE('',*,*,#2112,.F.);
#1272=ORIENTED_EDGE('',*,*,#2113,.F.);
#1273=ORIENTED_EDGE('',*,*,#2109,.T.);
#1274=ORIENTED_EDGE('',*,*,#2114,.F.);
#1275=ORIENTED_EDGE('',*,*,#2115,.F.);
#1276=ORIENTED_EDGE('',*,*,#2116,.T.);
#1277=ORIENTED_EDGE('',*,*,#2112,.T.);
#1278=ORIENTED_EDGE('',*,*,#2117,.F.);
#1279=ORIENTED_EDGE('',*,*,#2118,.F.);
#1280=ORIENTED_EDGE('',*,*,#2056,.T.);
#1281=ORIENTED_EDGE('',*,*,#2119,.F.);
#1282=ORIENTED_EDGE('',*,*,#2120,.T.);
#1283=ORIENTED_EDGE('',*,*,#2115,.T.);
#1284=ORIENTED_EDGE('',*,*,#2121,.F.);
#1285=ORIENTED_EDGE('',*,*,#2122,.F.);
#1286=ORIENTED_EDGE('',*,*,#2057,.T.);
#1287=ORIENTED_EDGE('',*,*,#2118,.T.);
#1288=ORIENTED_EDGE('',*,*,#2123,.F.);
#1289=ORIENTED_EDGE('',*,*,#2124,.F.);
#1290=ORIENTED_EDGE('',*,*,#2058,.T.);
#1291=ORIENTED_EDGE('',*,*,#2122,.T.);
#1292=ORIENTED_EDGE('',*,*,#2125,.F.);
#1293=ORIENTED_EDGE('',*,*,#2126,.F.);
#1294=ORIENTED_EDGE('',*,*,#2029,.T.);
#1295=ORIENTED_EDGE('',*,*,#2127,.T.);
#1296=ORIENTED_EDGE('',*,*,#2128,.F.);
#1297=ORIENTED_EDGE('',*,*,#2129,.F.);
#1298=ORIENTED_EDGE('',*,*,#2030,.T.);
#1299=ORIENTED_EDGE('',*,*,#2126,.T.);
#1300=ORIENTED_EDGE('',*,*,#2130,.F.);
#1301=ORIENTED_EDGE('',*,*,#2131,.F.);
#1302=ORIENTED_EDGE('',*,*,#2031,.T.);
#1303=ORIENTED_EDGE('',*,*,#2129,.T.);
#1304=ORIENTED_EDGE('',*,*,#2132,.F.);
#1305=ORIENTED_EDGE('',*,*,#2133,.F.);
#1306=ORIENTED_EDGE('',*,*,#2032,.T.);
#1307=ORIENTED_EDGE('',*,*,#2131,.T.);
#1308=ORIENTED_EDGE('',*,*,#2134,.T.);
#1309=ORIENTED_EDGE('',*,*,#2135,.F.);
#1310=ORIENTED_EDGE('',*,*,#2033,.F.);
#1311=ORIENTED_EDGE('',*,*,#2133,.T.);
#1312=ORIENTED_EDGE('',*,*,#2136,.T.);
#1313=ORIENTED_EDGE('',*,*,#2137,.F.);
#1314=ORIENTED_EDGE('',*,*,#2034,.F.);
#1315=ORIENTED_EDGE('',*,*,#2135,.T.);
#1316=ORIENTED_EDGE('',*,*,#2138,.T.);
#1317=ORIENTED_EDGE('',*,*,#2139,.F.);
#1318=ORIENTED_EDGE('',*,*,#2035,.F.);
#1319=ORIENTED_EDGE('',*,*,#2137,.T.);
#1320=ORIENTED_EDGE('',*,*,#2140,.T.);
#1321=ORIENTED_EDGE('',*,*,#2068,.F.);
#1322=ORIENTED_EDGE('',*,*,#2059,.F.);
#1323=ORIENTED_EDGE('',*,*,#2124,.T.);
#1324=ORIENTED_EDGE('',*,*,#2141,.F.);
#1325=ORIENTED_EDGE('',*,*,#2127,.F.);
#1326=ORIENTED_EDGE('',*,*,#2036,.T.);
#1327=ORIENTED_EDGE('',*,*,#2139,.T.);
#1328=ORIENTED_EDGE('',*,*,#2142,.F.);
#1329=ORIENTED_EDGE('',*,*,#2065,.F.);
#1330=ORIENTED_EDGE('',*,*,#2045,.T.);
#1331=ORIENTED_EDGE('',*,*,#2096,.T.);
#1332=ORIENTED_EDGE('',*,*,#2097,.T.);
#1333=ORIENTED_EDGE('',*,*,#2066,.T.);
#1334=ORIENTED_EDGE('',*,*,#2063,.F.);
#1335=ORIENTED_EDGE('',*,*,#2142,.T.);
#1336=ORIENTED_EDGE('',*,*,#2095,.T.);
#1337=ORIENTED_EDGE('',*,*,#2091,.F.);
#1338=ORIENTED_EDGE('',*,*,#2088,.T.);
#1339=ORIENTED_EDGE('',*,*,#2085,.T.);
#1340=ORIENTED_EDGE('',*,*,#2082,.T.);
#1341=ORIENTED_EDGE('',*,*,#2078,.T.);
#1342=ORIENTED_EDGE('',*,*,#2076,.F.);
#1343=ORIENTED_EDGE('',*,*,#2074,.F.);
#1344=ORIENTED_EDGE('',*,*,#2072,.T.);
#1345=ORIENTED_EDGE('',*,*,#2069,.F.);
#1346=ORIENTED_EDGE('',*,*,#2140,.F.);
#1347=ORIENTED_EDGE('',*,*,#2123,.T.);
#1348=ORIENTED_EDGE('',*,*,#2121,.T.);
#1349=ORIENTED_EDGE('',*,*,#2117,.T.);
#1350=ORIENTED_EDGE('',*,*,#2114,.T.);
#1351=ORIENTED_EDGE('',*,*,#2111,.F.);
#1352=ORIENTED_EDGE('',*,*,#2108,.T.);
#1353=ORIENTED_EDGE('',*,*,#2104,.F.);
#1354=ORIENTED_EDGE('',*,*,#2102,.F.);
#1355=ORIENTED_EDGE('',*,*,#2100,.F.);
#1356=ORIENTED_EDGE('',*,*,#2098,.T.);
#1357=ORIENTED_EDGE('',*,*,#2125,.T.);
#1358=ORIENTED_EDGE('',*,*,#2141,.T.);
#1359=ORIENTED_EDGE('',*,*,#2138,.F.);
#1360=ORIENTED_EDGE('',*,*,#2136,.F.);
#1361=ORIENTED_EDGE('',*,*,#2134,.F.);
#1362=ORIENTED_EDGE('',*,*,#2132,.T.);
#1363=ORIENTED_EDGE('',*,*,#2130,.T.);
#1364=ORIENTED_EDGE('',*,*,#2128,.T.);
#1365=ORIENTED_EDGE('',*,*,#2143,.F.);
#1366=ORIENTED_EDGE('',*,*,#2144,.F.);
#1367=ORIENTED_EDGE('',*,*,#2145,.F.);
#1368=ORIENTED_EDGE('',*,*,#2146,.F.);
#1369=ORIENTED_EDGE('',*,*,#2147,.F.);
#1370=ORIENTED_EDGE('',*,*,#2148,.F.);
#1371=ORIENTED_EDGE('',*,*,#2149,.F.);
#1372=ORIENTED_EDGE('',*,*,#2150,.F.);
#1373=ORIENTED_EDGE('',*,*,#2151,.F.);
#1374=ORIENTED_EDGE('',*,*,#2152,.F.);
#1375=ORIENTED_EDGE('',*,*,#2153,.F.);
#1376=ORIENTED_EDGE('',*,*,#2154,.F.);
#1377=ORIENTED_EDGE('',*,*,#2155,.F.);
#1378=ORIENTED_EDGE('',*,*,#2156,.F.);
#1379=ORIENTED_EDGE('',*,*,#2157,.F.);
#1380=ORIENTED_EDGE('',*,*,#2158,.F.);
#1381=ORIENTED_EDGE('',*,*,#2106,.F.);
#1382=ORIENTED_EDGE('',*,*,#2110,.F.);
#1383=ORIENTED_EDGE('',*,*,#2113,.T.);
#1384=ORIENTED_EDGE('',*,*,#2116,.F.);
#1385=ORIENTED_EDGE('',*,*,#2120,.F.);
#1386=ORIENTED_EDGE('',*,*,#2159,.T.);
#1387=ORIENTED_EDGE('',*,*,#2160,.F.);
#1388=ORIENTED_EDGE('',*,*,#2161,.T.);
#1389=ORIENTED_EDGE('',*,*,#2080,.T.);
#1390=ORIENTED_EDGE('',*,*,#2084,.T.);
#1391=ORIENTED_EDGE('',*,*,#2087,.F.);
#1392=ORIENTED_EDGE('',*,*,#2090,.T.);
#1393=ORIENTED_EDGE('',*,*,#2094,.F.);
#1394=ORIENTED_EDGE('',*,*,#2162,.F.);
#1395=ORIENTED_EDGE('',*,*,#2163,.T.);
#1396=ORIENTED_EDGE('',*,*,#2164,.F.);
#1397=ORIENTED_EDGE('',*,*,#2165,.F.);
#1398=ORIENTED_EDGE('',*,*,#2071,.T.);
#1399=ORIENTED_EDGE('',*,*,#2166,.T.);
#1400=ORIENTED_EDGE('',*,*,#2040,.T.);
#1401=ORIENTED_EDGE('',*,*,#2107,.F.);
#1402=ORIENTED_EDGE('',*,*,#2164,.T.);
#1403=ORIENTED_EDGE('',*,*,#2041,.F.);
#1404=ORIENTED_EDGE('',*,*,#2166,.F.);
#1405=ORIENTED_EDGE('',*,*,#2163,.F.);
#1406=ORIENTED_EDGE('',*,*,#2167,.T.);
#1407=ORIENTED_EDGE('',*,*,#2093,.T.);
#1408=ORIENTED_EDGE('',*,*,#2042,.T.);
#1409=ORIENTED_EDGE('',*,*,#2167,.F.);
#1410=ORIENTED_EDGE('',*,*,#2162,.T.);
#1411=ORIENTED_EDGE('',*,*,#2053,.F.);
#1412=ORIENTED_EDGE('',*,*,#2081,.F.);
#1413=ORIENTED_EDGE('',*,*,#2161,.F.);
#1414=ORIENTED_EDGE('',*,*,#2168,.T.);
#1415=ORIENTED_EDGE('',*,*,#2169,.T.);
#1416=ORIENTED_EDGE('',*,*,#2054,.T.);
#1417=ORIENTED_EDGE('',*,*,#2168,.F.);
#1418=ORIENTED_EDGE('',*,*,#2160,.T.);
#1419=ORIENTED_EDGE('',*,*,#2055,.F.);
#1420=ORIENTED_EDGE('',*,*,#2169,.F.);
#1421=ORIENTED_EDGE('',*,*,#2159,.F.);
#1422=ORIENTED_EDGE('',*,*,#2119,.T.);
#1423=ORIENTED_EDGE('',*,*,#2037,.T.);
#1424=ORIENTED_EDGE('',*,*,#2170,.T.);
#1425=ORIENTED_EDGE('',*,*,#2170,.F.);
#1426=ORIENTED_EDGE('',*,*,#2171,.T.);
#1427=ORIENTED_EDGE('',*,*,#2165,.T.);
#1428=ORIENTED_EDGE('',*,*,#2171,.F.);
#1429=ORIENTED_EDGE('',*,*,#2013,.T.);
#1430=ORIENTED_EDGE('',*,*,#2172,.T.);
#1431=ORIENTED_EDGE('',*,*,#2173,.F.);
#1432=ORIENTED_EDGE('',*,*,#2174,.F.);
#1433=ORIENTED_EDGE('',*,*,#2143,.T.);
#1434=ORIENTED_EDGE('',*,*,#2175,.F.);
#1435=ORIENTED_EDGE('',*,*,#2176,.T.);
#1436=ORIENTED_EDGE('',*,*,#2177,.T.);
#1437=ORIENTED_EDGE('',*,*,#2014,.T.);
#1438=ORIENTED_EDGE('',*,*,#2174,.T.);
#1439=ORIENTED_EDGE('',*,*,#2178,.F.);
#1440=ORIENTED_EDGE('',*,*,#2179,.F.);
#1441=ORIENTED_EDGE('',*,*,#2158,.T.);
#1442=ORIENTED_EDGE('',*,*,#2180,.F.);
#1443=ORIENTED_EDGE('',*,*,#2181,.T.);
#1444=ORIENTED_EDGE('',*,*,#2175,.T.);
#1445=ORIENTED_EDGE('',*,*,#2015,.T.);
#1446=ORIENTED_EDGE('',*,*,#2179,.T.);
#1447=ORIENTED_EDGE('',*,*,#2182,.F.);
#1448=ORIENTED_EDGE('',*,*,#2183,.F.);
#1449=ORIENTED_EDGE('',*,*,#2157,.T.);
#1450=ORIENTED_EDGE('',*,*,#2184,.F.);
#1451=ORIENTED_EDGE('',*,*,#2185,.T.);
#1452=ORIENTED_EDGE('',*,*,#2180,.T.);
#1453=ORIENTED_EDGE('',*,*,#2016,.T.);
#1454=ORIENTED_EDGE('',*,*,#2183,.T.);
#1455=ORIENTED_EDGE('',*,*,#2186,.F.);
#1456=ORIENTED_EDGE('',*,*,#2187,.F.);
#1457=ORIENTED_EDGE('',*,*,#2156,.T.);
#1458=ORIENTED_EDGE('',*,*,#2188,.F.);
#1459=ORIENTED_EDGE('',*,*,#2189,.T.);
#1460=ORIENTED_EDGE('',*,*,#2184,.T.);
#1461=ORIENTED_EDGE('',*,*,#2017,.T.);
#1462=ORIENTED_EDGE('',*,*,#2187,.T.);
#1463=ORIENTED_EDGE('',*,*,#2190,.F.);
#1464=ORIENTED_EDGE('',*,*,#2191,.F.);
#1465=ORIENTED_EDGE('',*,*,#2155,.T.);
#1466=ORIENTED_EDGE('',*,*,#2192,.F.);
#1467=ORIENTED_EDGE('',*,*,#2193,.T.);
#1468=ORIENTED_EDGE('',*,*,#2188,.T.);
#1469=ORIENTED_EDGE('',*,*,#2018,.T.);
#1470=ORIENTED_EDGE('',*,*,#2191,.T.);
#1471=ORIENTED_EDGE('',*,*,#2194,.F.);
#1472=ORIENTED_EDGE('',*,*,#2195,.F.);
#1473=ORIENTED_EDGE('',*,*,#2154,.T.);
#1474=ORIENTED_EDGE('',*,*,#2196,.F.);
#1475=ORIENTED_EDGE('',*,*,#2197,.T.);
#1476=ORIENTED_EDGE('',*,*,#2192,.T.);
#1477=ORIENTED_EDGE('',*,*,#2019,.T.);
#1478=ORIENTED_EDGE('',*,*,#2195,.T.);
#1479=ORIENTED_EDGE('',*,*,#2198,.F.);
#1480=ORIENTED_EDGE('',*,*,#2199,.F.);
#1481=ORIENTED_EDGE('',*,*,#2153,.T.);
#1482=ORIENTED_EDGE('',*,*,#2200,.F.);
#1483=ORIENTED_EDGE('',*,*,#2201,.T.);
#1484=ORIENTED_EDGE('',*,*,#2196,.T.);
#1485=ORIENTED_EDGE('',*,*,#2020,.T.);
#1486=ORIENTED_EDGE('',*,*,#2199,.T.);
#1487=ORIENTED_EDGE('',*,*,#2202,.F.);
#1488=ORIENTED_EDGE('',*,*,#2203,.F.);
#1489=ORIENTED_EDGE('',*,*,#2152,.T.);
#1490=ORIENTED_EDGE('',*,*,#2204,.F.);
#1491=ORIENTED_EDGE('',*,*,#2205,.T.);
#1492=ORIENTED_EDGE('',*,*,#2200,.T.);
#1493=ORIENTED_EDGE('',*,*,#2021,.T.);
#1494=ORIENTED_EDGE('',*,*,#2203,.T.);
#1495=ORIENTED_EDGE('',*,*,#2206,.F.);
#1496=ORIENTED_EDGE('',*,*,#2207,.F.);
#1497=ORIENTED_EDGE('',*,*,#2151,.T.);
#1498=ORIENTED_EDGE('',*,*,#2208,.F.);
#1499=ORIENTED_EDGE('',*,*,#2209,.T.);
#1500=ORIENTED_EDGE('',*,*,#2204,.T.);
#1501=ORIENTED_EDGE('',*,*,#2022,.T.);
#1502=ORIENTED_EDGE('',*,*,#2207,.T.);
#1503=ORIENTED_EDGE('',*,*,#2210,.F.);
#1504=ORIENTED_EDGE('',*,*,#2211,.F.);
#1505=ORIENTED_EDGE('',*,*,#2150,.T.);
#1506=ORIENTED_EDGE('',*,*,#2212,.F.);
#1507=ORIENTED_EDGE('',*,*,#2213,.T.);
#1508=ORIENTED_EDGE('',*,*,#2208,.T.);
#1509=ORIENTED_EDGE('',*,*,#2023,.T.);
#1510=ORIENTED_EDGE('',*,*,#2211,.T.);
#1511=ORIENTED_EDGE('',*,*,#2214,.F.);
#1512=ORIENTED_EDGE('',*,*,#2215,.F.);
#1513=ORIENTED_EDGE('',*,*,#2149,.T.);
#1514=ORIENTED_EDGE('',*,*,#2216,.F.);
#1515=ORIENTED_EDGE('',*,*,#2217,.T.);
#1516=ORIENTED_EDGE('',*,*,#2212,.T.);
#1517=ORIENTED_EDGE('',*,*,#2024,.T.);
#1518=ORIENTED_EDGE('',*,*,#2215,.T.);
#1519=ORIENTED_EDGE('',*,*,#2218,.F.);
#1520=ORIENTED_EDGE('',*,*,#2219,.F.);
#1521=ORIENTED_EDGE('',*,*,#2148,.T.);
#1522=ORIENTED_EDGE('',*,*,#2220,.F.);
#1523=ORIENTED_EDGE('',*,*,#2221,.T.);
#1524=ORIENTED_EDGE('',*,*,#2216,.T.);
#1525=ORIENTED_EDGE('',*,*,#2025,.T.);
#1526=ORIENTED_EDGE('',*,*,#2219,.T.);
#1527=ORIENTED_EDGE('',*,*,#2222,.F.);
#1528=ORIENTED_EDGE('',*,*,#2223,.F.);
#1529=ORIENTED_EDGE('',*,*,#2147,.T.);
#1530=ORIENTED_EDGE('',*,*,#2224,.F.);
#1531=ORIENTED_EDGE('',*,*,#2225,.T.);
#1532=ORIENTED_EDGE('',*,*,#2220,.T.);
#1533=ORIENTED_EDGE('',*,*,#2026,.T.);
#1534=ORIENTED_EDGE('',*,*,#2223,.T.);
#1535=ORIENTED_EDGE('',*,*,#2226,.F.);
#1536=ORIENTED_EDGE('',*,*,#2227,.F.);
#1537=ORIENTED_EDGE('',*,*,#2146,.T.);
#1538=ORIENTED_EDGE('',*,*,#2228,.F.);
#1539=ORIENTED_EDGE('',*,*,#2229,.T.);
#1540=ORIENTED_EDGE('',*,*,#2224,.T.);
#1541=ORIENTED_EDGE('',*,*,#2027,.T.);
#1542=ORIENTED_EDGE('',*,*,#2227,.T.);
#1543=ORIENTED_EDGE('',*,*,#2230,.F.);
#1544=ORIENTED_EDGE('',*,*,#2231,.F.);
#1545=ORIENTED_EDGE('',*,*,#2145,.T.);
#1546=ORIENTED_EDGE('',*,*,#2232,.F.);
#1547=ORIENTED_EDGE('',*,*,#2233,.T.);
#1548=ORIENTED_EDGE('',*,*,#2228,.T.);
#1549=ORIENTED_EDGE('',*,*,#2234,.F.);
#1550=ORIENTED_EDGE('',*,*,#2176,.F.);
#1551=ORIENTED_EDGE('',*,*,#2181,.F.);
#1552=ORIENTED_EDGE('',*,*,#2185,.F.);
#1553=ORIENTED_EDGE('',*,*,#2189,.F.);
#1554=ORIENTED_EDGE('',*,*,#2193,.F.);
#1555=ORIENTED_EDGE('',*,*,#2197,.F.);
#1556=ORIENTED_EDGE('',*,*,#2201,.F.);
#1557=ORIENTED_EDGE('',*,*,#2205,.F.);
#1558=ORIENTED_EDGE('',*,*,#2209,.F.);
#1559=ORIENTED_EDGE('',*,*,#2213,.F.);
#1560=ORIENTED_EDGE('',*,*,#2217,.F.);
#1561=ORIENTED_EDGE('',*,*,#2221,.F.);
#1562=ORIENTED_EDGE('',*,*,#2225,.F.);
#1563=ORIENTED_EDGE('',*,*,#2229,.F.);
#1564=ORIENTED_EDGE('',*,*,#2233,.F.);
#1565=ORIENTED_EDGE('',*,*,#2230,.T.);
#1566=ORIENTED_EDGE('',*,*,#2226,.T.);
#1567=ORIENTED_EDGE('',*,*,#2222,.T.);
#1568=ORIENTED_EDGE('',*,*,#2218,.T.);
#1569=ORIENTED_EDGE('',*,*,#2214,.T.);
#1570=ORIENTED_EDGE('',*,*,#2210,.T.);
#1571=ORIENTED_EDGE('',*,*,#2206,.T.);
#1572=ORIENTED_EDGE('',*,*,#2202,.T.);
#1573=ORIENTED_EDGE('',*,*,#2198,.T.);
#1574=ORIENTED_EDGE('',*,*,#2194,.T.);
#1575=ORIENTED_EDGE('',*,*,#2190,.T.);
#1576=ORIENTED_EDGE('',*,*,#2186,.T.);
#1577=ORIENTED_EDGE('',*,*,#2182,.T.);
#1578=ORIENTED_EDGE('',*,*,#2178,.T.);
#1579=ORIENTED_EDGE('',*,*,#2173,.T.);
#1580=ORIENTED_EDGE('',*,*,#2235,.T.);
#1581=ORIENTED_EDGE('',*,*,#2028,.T.);
#1582=ORIENTED_EDGE('',*,*,#2231,.T.);
#1583=ORIENTED_EDGE('',*,*,#2235,.F.);
#1584=ORIENTED_EDGE('',*,*,#2172,.F.);
#1585=ORIENTED_EDGE('',*,*,#2144,.T.);
#1586=ORIENTED_EDGE('',*,*,#2177,.F.);
#1587=ORIENTED_EDGE('',*,*,#2234,.T.);
#1588=ORIENTED_EDGE('',*,*,#2232,.T.);
#1589=ORIENTED_EDGE('',*,*,#2236,.F.);
#1590=ORIENTED_EDGE('',*,*,#2237,.F.);
#1591=ORIENTED_EDGE('',*,*,#2238,.T.);
#1592=ORIENTED_EDGE('',*,*,#2239,.T.);
#1593=ORIENTED_EDGE('',*,*,#2240,.F.);
#1594=ORIENTED_EDGE('',*,*,#2241,.F.);
#1595=ORIENTED_EDGE('',*,*,#2242,.T.);
#1596=ORIENTED_EDGE('',*,*,#2237,.T.);
#1597=ORIENTED_EDGE('',*,*,#2243,.F.);
#1598=ORIENTED_EDGE('',*,*,#2244,.F.);
#1599=ORIENTED_EDGE('',*,*,#2245,.T.);
#1600=ORIENTED_EDGE('',*,*,#2241,.T.);
#1601=ORIENTED_EDGE('',*,*,#2246,.F.);
#1602=ORIENTED_EDGE('',*,*,#2247,.F.);
#1603=ORIENTED_EDGE('',*,*,#2248,.T.);
#1604=ORIENTED_EDGE('',*,*,#2244,.T.);
#1605=ORIENTED_EDGE('',*,*,#2249,.T.);
#1606=ORIENTED_EDGE('',*,*,#2250,.F.);
#1607=ORIENTED_EDGE('',*,*,#2251,.F.);
#1608=ORIENTED_EDGE('',*,*,#2247,.T.);
#1609=ORIENTED_EDGE('',*,*,#2252,.T.);
#1610=ORIENTED_EDGE('',*,*,#2253,.F.);
#1611=ORIENTED_EDGE('',*,*,#2254,.F.);
#1612=ORIENTED_EDGE('',*,*,#2250,.T.);
#1613=ORIENTED_EDGE('',*,*,#2255,.T.);
#1614=ORIENTED_EDGE('',*,*,#2256,.F.);
#1615=ORIENTED_EDGE('',*,*,#2257,.F.);
#1616=ORIENTED_EDGE('',*,*,#2253,.T.);
#1617=ORIENTED_EDGE('',*,*,#2258,.T.);
#1618=ORIENTED_EDGE('',*,*,#2259,.F.);
#1619=ORIENTED_EDGE('',*,*,#2260,.F.);
#1620=ORIENTED_EDGE('',*,*,#2239,.F.);
#1621=ORIENTED_EDGE('',*,*,#2261,.T.);
#1622=ORIENTED_EDGE('',*,*,#2256,.T.);
#1623=ORIENTED_EDGE('',*,*,#2262,.T.);
#1624=ORIENTED_EDGE('',*,*,#2263,.F.);
#1625=ORIENTED_EDGE('',*,*,#2238,.F.);
#1626=ORIENTED_EDGE('',*,*,#2242,.F.);
#1627=ORIENTED_EDGE('',*,*,#2245,.F.);
#1628=ORIENTED_EDGE('',*,*,#2248,.F.);
#1629=ORIENTED_EDGE('',*,*,#2251,.T.);
#1630=ORIENTED_EDGE('',*,*,#2254,.T.);
#1631=ORIENTED_EDGE('',*,*,#2257,.T.);
#1632=ORIENTED_EDGE('',*,*,#2261,.F.);
#1633=ORIENTED_EDGE('',*,*,#2258,.F.);
#1634=ORIENTED_EDGE('',*,*,#2262,.F.);
#1635=ORIENTED_EDGE('',*,*,#2236,.T.);
#1636=ORIENTED_EDGE('',*,*,#2260,.T.);
#1637=ORIENTED_EDGE('',*,*,#2255,.F.);
#1638=ORIENTED_EDGE('',*,*,#2252,.F.);
#1639=ORIENTED_EDGE('',*,*,#2249,.F.);
#1640=ORIENTED_EDGE('',*,*,#2246,.T.);
#1641=ORIENTED_EDGE('',*,*,#2243,.T.);
#1642=ORIENTED_EDGE('',*,*,#2240,.T.);
#1643=ORIENTED_EDGE('',*,*,#2259,.T.);
#1644=ORIENTED_EDGE('',*,*,#2263,.T.);
#1645=EDGE_CURVE('',#2264,#2265,#2683,.T.);
#1646=EDGE_CURVE('',#2266,#2264,#144,.F.);
#1647=EDGE_CURVE('',#2267,#2266,#2684,.T.);
#1648=EDGE_CURVE('',#2268,#2267,#145,.T.);
#1649=EDGE_CURVE('',#2269,#2268,#146,.F.);
#1650=EDGE_CURVE('',#2270,#2269,#147,.T.);
#1651=EDGE_CURVE('',#2271,#2270,#2685,.T.);
#1652=EDGE_CURVE('',#2272,#2271,#148,.F.);
#1653=EDGE_CURVE('',#2273,#2272,#2686,.T.);
#1654=EDGE_CURVE('',#2274,#2273,#149,.T.);
#1655=EDGE_CURVE('',#2275,#2274,#150,.F.);
#1656=EDGE_CURVE('',#2265,#2275,#151,.T.);
#1657=EDGE_CURVE('',#2276,#2277,#2687,.T.);
#1658=EDGE_CURVE('',#2277,#2278,#152,.T.);
#1659=EDGE_CURVE('',#2278,#2279,#2688,.T.);
#1660=EDGE_CURVE('',#2279,#2280,#153,.T.);
#1661=EDGE_CURVE('',#2281,#2280,#154,.T.);
#1662=EDGE_CURVE('',#2282,#2281,#155,.T.);
#1663=EDGE_CURVE('',#2282,#2283,#2689,.T.);
#1664=EDGE_CURVE('',#2283,#2284,#156,.T.);
#1665=EDGE_CURVE('',#2284,#2285,#2690,.T.);
#1666=EDGE_CURVE('',#2285,#2286,#157,.T.);
#1667=EDGE_CURVE('',#2287,#2286,#158,.T.);
#1668=EDGE_CURVE('',#2276,#2287,#159,.T.);
#1669=EDGE_CURVE('',#2288,#2289,#160,.T.);
#1670=EDGE_CURVE('',#2290,#2288,#2691,.T.);
#1671=EDGE_CURVE('',#2291,#2290,#161,.F.);
#1672=EDGE_CURVE('',#2292,#2291,#162,.T.);
#1673=EDGE_CURVE('',#2293,#2292,#163,.F.);
#1674=EDGE_CURVE('',#2294,#2293,#2692,.T.);
#1675=EDGE_CURVE('',#2295,#2294,#164,.T.);
#1676=EDGE_CURVE('',#2296,#2295,#2693,.T.);
#1677=EDGE_CURVE('',#2297,#2296,#165,.T.);
#1678=EDGE_CURVE('',#2298,#2297,#2694,.T.);
#1679=EDGE_CURVE('',#2299,#2298,#166,.F.);
#1680=EDGE_CURVE('',#2300,#2299,#167,.T.);
#1681=EDGE_CURVE('',#2301,#2300,#168,.F.);
#1682=EDGE_CURVE('',#2302,#2301,#2695,.T.);
#1683=EDGE_CURVE('',#2303,#2302,#169,.T.);
#1684=EDGE_CURVE('',#2289,#2303,#2696,.T.);
#1685=EDGE_CURVE('',#2304,#2304,#170,.T.);
#1686=EDGE_CURVE('',#2305,#2305,#171,.T.);
#1687=EDGE_CURVE('',#2306,#2306,#172,.T.);
#1688=EDGE_CURVE('',#2307,#2307,#173,.T.);
#1689=EDGE_CURVE('',#2308,#2309,#2697,.T.);
#1690=EDGE_CURVE('',#2308,#2310,#174,.T.);
#1691=EDGE_CURVE('',#2311,#2310,#2698,.T.);
#1692=EDGE_CURVE('',#2311,#2312,#175,.T.);
#1693=EDGE_CURVE('',#2313,#2312,#176,.T.);
#1694=EDGE_CURVE('',#2313,#2314,#2699,.T.);
#1695=EDGE_CURVE('',#2315,#2314,#177,.T.);
#1696=EDGE_CURVE('',#2315,#2316,#178,.T.);
#1697=EDGE_CURVE('',#2317,#2316,#2700,.T.);
#1698=EDGE_CURVE('',#2317,#2318,#179,.T.);
#1699=EDGE_CURVE('',#2318,#2319,#2701,.T.);
#1700=EDGE_CURVE('',#2319,#2320,#180,.T.);
#1701=EDGE_CURVE('',#2320,#2321,#2702,.T.);
#1702=EDGE_CURVE('',#2321,#2322,#181,.T.);
#1703=EDGE_CURVE('',#2323,#2322,#182,.T.);
#1704=EDGE_CURVE('',#2324,#2323,#2703,.T.);
#1705=EDGE_CURVE('',#2325,#2324,#183,.T.);
#1706=EDGE_CURVE('',#2325,#2326,#184,.T.);
#1707=EDGE_CURVE('',#2326,#2327,#2704,.T.);
#1708=EDGE_CURVE('',#2327,#2309,#185,.T.);
#1709=EDGE_CURVE('',#2328,#2329,#186,.T.);
#1710=EDGE_CURVE('',#2330,#2328,#2705,.T.);
#1711=EDGE_CURVE('',#2331,#2330,#187,.T.);
#1712=EDGE_CURVE('',#2332,#2331,#2706,.T.);
#1713=EDGE_CURVE('',#2332,#2333,#188,.T.);
#1714=EDGE_CURVE('',#2333,#2329,#2707,.T.);
#1715=EDGE_CURVE('',#2331,#2334,#2708,.T.);
#1716=EDGE_CURVE('',#2335,#2334,#2709,.T.);
#1717=EDGE_CURVE('',#2332,#2335,#2710,.T.);
#1718=EDGE_CURVE('',#2336,#2334,#189,.T.);
#1719=EDGE_CURVE('',#2337,#2336,#2711,.T.);
#1720=EDGE_CURVE('',#2337,#2335,#190,.T.);
#1721=EDGE_CURVE('',#2338,#2336,#2712,.T.);
#1722=EDGE_CURVE('',#2339,#2338,#2713,.T.);
#1723=EDGE_CURVE('',#2339,#2337,#2714,.T.);
#1724=EDGE_CURVE('',#2338,#2340,#191,.F.);
#1725=EDGE_CURVE('',#2341,#2340,#2715,.T.);
#1726=EDGE_CURVE('',#2339,#2341,#192,.T.);
#1727=EDGE_CURVE('',#2342,#2340,#193,.F.);
#1728=EDGE_CURVE('',#2343,#2342,#2716,.T.);
#1729=EDGE_CURVE('',#2343,#2341,#194,.T.);
#1730=EDGE_CURVE('',#2344,#2342,#195,.T.);
#1731=EDGE_CURVE('',#2345,#2344,#2717,.T.);
#1732=EDGE_CURVE('',#2345,#2343,#196,.T.);
#1733=EDGE_CURVE('',#2344,#2346,#2718,.T.);
#1734=EDGE_CURVE('',#2347,#2346,#2719,.T.);
#1735=EDGE_CURVE('',#2345,#2347,#2720,.T.);
#1736=EDGE_CURVE('',#2346,#2348,#197,.F.);
#1737=EDGE_CURVE('',#2349,#2348,#2721,.T.);
#1738=EDGE_CURVE('',#2347,#2349,#198,.T.);
#1739=EDGE_CURVE('',#2350,#2348,#2722,.T.);
#1740=EDGE_CURVE('',#2351,#2350,#2723,.T.);
#1741=EDGE_CURVE('',#2351,#2349,#2724,.T.);
#1742=EDGE_CURVE('',#2352,#2353,#199,.T.);
#1743=EDGE_CURVE('',#2354,#2352,#2725,.T.);
#1744=EDGE_CURVE('',#2354,#2351,#200,.T.);
#1745=EDGE_CURVE('',#2355,#2350,#201,.T.);
#1746=EDGE_CURVE('',#2355,#2353,#2726,.T.);
#1747=EDGE_CURVE('',#2356,#2357,#2727,.T.);
#1748=EDGE_CURVE('',#2357,#2358,#202,.F.);
#1749=EDGE_CURVE('',#2359,#2358,#2728,.T.);
#1750=EDGE_CURVE('',#2356,#2359,#203,.T.);
#1751=EDGE_CURVE('',#2358,#2360,#2729,.T.);
#1752=EDGE_CURVE('',#2361,#2360,#2730,.T.);
#1753=EDGE_CURVE('',#2359,#2361,#2731,.T.);
#1754=EDGE_CURVE('',#2362,#2363,#204,.T.);
#1755=EDGE_CURVE('',#2364,#2362,#2732,.T.);
#1756=EDGE_CURVE('',#2364,#2361,#205,.T.);
#1757=EDGE_CURVE('',#2360,#2365,#206,.T.);
#1758=EDGE_CURVE('',#2365,#2363,#2733,.T.);
#1759=EDGE_CURVE('',#2362,#2366,#2734,.T.);
#1760=EDGE_CURVE('',#2367,#2366,#2735,.T.);
#1761=EDGE_CURVE('',#2364,#2367,#2736,.T.);
#1762=EDGE_CURVE('',#2368,#2366,#207,.T.);
#1763=EDGE_CURVE('',#2369,#2368,#2737,.T.);
#1764=EDGE_CURVE('',#2369,#2370,#208,.T.);
#1765=EDGE_CURVE('',#2371,#2370,#2738,.T.);
#1766=EDGE_CURVE('',#2371,#2367,#209,.T.);
#1767=EDGE_CURVE('',#2372,#2370,#2739,.T.);
#1768=EDGE_CURVE('',#2373,#2372,#2740,.T.);
#1769=EDGE_CURVE('',#2373,#2371,#2741,.T.);
#1770=EDGE_CURVE('',#2374,#2372,#210,.T.);
#1771=EDGE_CURVE('',#2375,#2374,#2742,.T.);
#1772=EDGE_CURVE('',#2375,#2373,#211,.T.);
#1773=EDGE_CURVE('',#2376,#2374,#2743,.T.);
#1774=EDGE_CURVE('',#2377,#2376,#2744,.T.);
#1775=EDGE_CURVE('',#2377,#2375,#2745,.T.);
#1776=EDGE_CURVE('',#2376,#2378,#212,.F.);
#1777=EDGE_CURVE('',#2379,#2378,#2746,.T.);
#1778=EDGE_CURVE('',#2377,#2379,#213,.T.);
#1779=EDGE_CURVE('',#2378,#2380,#214,.T.);
#1780=EDGE_CURVE('',#2381,#2380,#2747,.T.);
#1781=EDGE_CURVE('',#2379,#2381,#215,.T.);
#1782=EDGE_CURVE('',#2382,#2380,#216,.T.);
#1783=EDGE_CURVE('',#2383,#2382,#2748,.T.);
#1784=EDGE_CURVE('',#2383,#2381,#217,.T.);
#1785=EDGE_CURVE('',#2276,#2384,#2749,.T.);
#1786=EDGE_CURVE('',#2384,#2385,#2750,.T.);
#1787=EDGE_CURVE('',#2277,#2385,#2751,.T.);
#1788=EDGE_CURVE('',#2385,#2386,#218,.F.);
#1789=EDGE_CURVE('',#2278,#2386,#2752,.T.);
#1790=EDGE_CURVE('',#2386,#2387,#2753,.T.);
#1791=EDGE_CURVE('',#2279,#2387,#2754,.T.);
#1792=EDGE_CURVE('',#2387,#2388,#219,.T.);
#1793=EDGE_CURVE('',#2280,#2388,#2755,.T.);
#1794=EDGE_CURVE('',#2389,#2388,#220,.T.);
#1795=EDGE_CURVE('',#2281,#2389,#2756,.T.);
#1796=EDGE_CURVE('',#2390,#2389,#221,.F.);
#1797=EDGE_CURVE('',#2282,#2390,#2757,.T.);
#1798=EDGE_CURVE('',#2390,#2391,#2758,.T.);
#1799=EDGE_CURVE('',#2283,#2391,#2759,.T.);
#1800=EDGE_CURVE('',#2391,#2392,#222,.F.);
#1801=EDGE_CURVE('',#2284,#2392,#2760,.T.);
#1802=EDGE_CURVE('',#2392,#2393,#2761,.T.);
#1803=EDGE_CURVE('',#2285,#2393,#2762,.T.);
#1804=EDGE_CURVE('',#2393,#2394,#223,.T.);
#1805=EDGE_CURVE('',#2286,#2394,#2763,.T.);
#1806=EDGE_CURVE('',#2395,#2394,#224,.T.);
#1807=EDGE_CURVE('',#2287,#2395,#2764,.T.);
#1808=EDGE_CURVE('',#2396,#2397,#2765,.T.);
#1809=EDGE_CURVE('',#2308,#2396,#2766,.T.);
#1810=EDGE_CURVE('',#2309,#2397,#2767,.T.);
#1811=EDGE_CURVE('',#2396,#2398,#225,.T.);
#1812=EDGE_CURVE('',#2310,#2398,#2768,.T.);
#1813=EDGE_CURVE('',#2399,#2398,#2769,.T.);
#1814=EDGE_CURVE('',#2311,#2399,#2770,.T.);
#1815=EDGE_CURVE('',#2399,#2400,#226,.T.);
#1816=EDGE_CURVE('',#2312,#2400,#2771,.T.);
#1817=EDGE_CURVE('',#2401,#2400,#227,.T.);
#1818=EDGE_CURVE('',#2313,#2401,#2772,.T.);
#1819=EDGE_CURVE('',#2401,#2402,#2773,.T.);
#1820=EDGE_CURVE('',#2314,#2402,#2774,.T.);
#1821=EDGE_CURVE('',#2403,#2402,#228,.T.);
#1822=EDGE_CURVE('',#2315,#2403,#2775,.T.);
#1823=EDGE_CURVE('',#2403,#2404,#229,.T.);
#1824=EDGE_CURVE('',#2316,#2404,#2776,.T.);
#1825=EDGE_CURVE('',#2405,#2404,#2777,.T.);
#1826=EDGE_CURVE('',#2317,#2405,#2778,.T.);
#1827=EDGE_CURVE('',#2405,#2406,#230,.T.);
#1828=EDGE_CURVE('',#2318,#2406,#2779,.T.);
#1829=EDGE_CURVE('',#2406,#2407,#2780,.T.);
#1830=EDGE_CURVE('',#2319,#2407,#2781,.T.);
#1831=EDGE_CURVE('',#2407,#2408,#231,.T.);
#1832=EDGE_CURVE('',#2320,#2408,#2782,.T.);
#1833=EDGE_CURVE('',#2408,#2409,#2783,.T.);
#1834=EDGE_CURVE('',#2321,#2409,#2784,.T.);
#1835=EDGE_CURVE('',#2409,#2410,#232,.T.);
#1836=EDGE_CURVE('',#2322,#2410,#2785,.T.);
#1837=EDGE_CURVE('',#2411,#2410,#233,.T.);
#1838=EDGE_CURVE('',#2323,#2411,#2786,.T.);
#1839=EDGE_CURVE('',#2412,#2411,#2787,.T.);
#1840=EDGE_CURVE('',#2324,#2412,#2788,.T.);
#1841=EDGE_CURVE('',#2413,#2412,#234,.T.);
#1842=EDGE_CURVE('',#2325,#2413,#2789,.T.);
#1843=EDGE_CURVE('',#2413,#2414,#235,.T.);
#1844=EDGE_CURVE('',#2326,#2414,#2790,.T.);
#1845=EDGE_CURVE('',#2414,#2415,#2791,.T.);
#1846=EDGE_CURVE('',#2327,#2415,#2792,.T.);
#1847=EDGE_CURVE('',#2382,#2357,#2793,.T.);
#1848=EDGE_CURVE('',#2383,#2356,#2794,.T.);
#1849=EDGE_CURVE('',#2384,#2395,#236,.F.);
#1850=EDGE_CURVE('',#2416,#2416,#237,.T.);
#1851=EDGE_CURVE('',#2417,#2417,#238,.T.);
#1852=EDGE_CURVE('',#2418,#2418,#239,.T.);
#1853=EDGE_CURVE('',#2419,#2419,#240,.T.);
#1854=EDGE_CURVE('',#2415,#2397,#241,.T.);
#1855=EDGE_CURVE('',#2329,#2352,#2795,.T.);
#1856=EDGE_CURVE('',#2333,#2354,#2796,.T.);
#1857=EDGE_CURVE('',#2420,#2421,#2797,.T.);
#1858=EDGE_CURVE('',#2422,#2420,#242,.F.);
#1859=EDGE_CURVE('',#2423,#2422,#243,.T.);
#1860=EDGE_CURVE('',#2424,#2423,#244,.F.);
#1861=EDGE_CURVE('',#2425,#2424,#2798,.T.);
#1862=EDGE_CURVE('',#2426,#2425,#245,.T.);
#1863=EDGE_CURVE('',#2427,#2426,#2799,.T.);
#1864=EDGE_CURVE('',#2428,#2427,#246,.F.);
#1865=EDGE_CURVE('',#2429,#2428,#247,.T.);
#1866=EDGE_CURVE('',#2430,#2429,#248,.F.);
#1867=EDGE_CURVE('',#2431,#2430,#2800,.T.);
#1868=EDGE_CURVE('',#2421,#2431,#249,.T.);
#1869=EDGE_CURVE('',#2432,#2433,#250,.F.);
#1870=EDGE_CURVE('',#2434,#2432,#2801,.T.);
#1871=EDGE_CURVE('',#2435,#2434,#251,.F.);
#1872=EDGE_CURVE('',#2436,#2435,#2802,.T.);
#1873=EDGE_CURVE('',#2437,#2436,#252,.T.);
#1874=EDGE_CURVE('',#2438,#2437,#253,.F.);
#1875=EDGE_CURVE('',#2439,#2438,#254,.T.);
#1876=EDGE_CURVE('',#2440,#2439,#2803,.T.);
#1877=EDGE_CURVE('',#2441,#2440,#255,.F.);
#1878=EDGE_CURVE('',#2442,#2441,#2804,.T.);
#1879=EDGE_CURVE('',#2443,#2442,#256,.F.);
#1880=EDGE_CURVE('',#2444,#2443,#2805,.T.);
#1881=EDGE_CURVE('',#2445,#2444,#257,.T.);
#1882=EDGE_CURVE('',#2446,#2445,#258,.F.);
#1883=EDGE_CURVE('',#2447,#2446,#259,.T.);
#1884=EDGE_CURVE('',#2433,#2447,#2806,.T.);
#1885=EDGE_CURVE('',#2448,#2449,#260,.T.);
#1886=EDGE_CURVE('',#2450,#2448,#2807,.T.);
#1887=EDGE_CURVE('',#2451,#2450,#261,.T.);
#1888=EDGE_CURVE('',#2451,#2449,#2808,.T.);
#1889=EDGE_CURVE('',#2363,#2368,#2809,.T.);
#1890=EDGE_CURVE('',#2328,#2353,#2810,.T.);
#1891=EDGE_CURVE('',#2452,#2453,#262,.T.);
#1892=EDGE_CURVE('',#2453,#2454,#2811,.T.);
#1893=EDGE_CURVE('',#2454,#2455,#263,.T.);
#1894=EDGE_CURVE('',#2452,#2455,#2812,.T.);
#1895=EDGE_CURVE('',#2365,#2369,#2813,.T.);
#1896=EDGE_CURVE('',#2330,#2355,#2814,.T.);
#1897=EDGE_CURVE('',#2454,#2448,#2815,.T.);
#1898=EDGE_CURVE('',#2453,#2450,#2816,.T.);
#1899=EDGE_CURVE('',#2452,#2451,#2817,.T.);
#1900=EDGE_CURVE('',#2455,#2449,#2818,.T.);
#1901=EDGE_CURVE('',#2289,#2456,#2819,.T.);
#1902=EDGE_CURVE('',#2457,#2456,#264,.T.);
#1903=EDGE_CURVE('',#2288,#2457,#2820,.T.);
#1904=EDGE_CURVE('',#2458,#2433,#2821,.F.);
#1905=EDGE_CURVE('',#2458,#2459,#265,.T.);
#1906=EDGE_CURVE('',#2459,#2432,#2822,.F.);
#1907=EDGE_CURVE('',#2460,#2457,#2823,.T.);
#1908=EDGE_CURVE('',#2290,#2460,#2824,.T.);
#1909=EDGE_CURVE('',#2461,#2447,#2825,.F.);
#1910=EDGE_CURVE('',#2461,#2458,#2826,.T.);
#1911=EDGE_CURVE('',#2462,#2460,#266,.T.);
#1912=EDGE_CURVE('',#2291,#2462,#2827,.T.);
#1913=EDGE_CURVE('',#2463,#2446,#2828,.F.);
#1914=EDGE_CURVE('',#2463,#2461,#267,.T.);
#1915=EDGE_CURVE('',#2464,#2462,#268,.T.);
#1916=EDGE_CURVE('',#2292,#2464,#2829,.T.);
#1917=EDGE_CURVE('',#2465,#2445,#2830,.F.);
#1918=EDGE_CURVE('',#2465,#2463,#269,.T.);
#1919=EDGE_CURVE('',#2466,#2464,#270,.T.);
#1920=EDGE_CURVE('',#2293,#2466,#2831,.T.);
#1921=EDGE_CURVE('',#2467,#2444,#2832,.F.);
#1922=EDGE_CURVE('',#2467,#2465,#271,.T.);
#1923=EDGE_CURVE('',#2468,#2466,#2833,.T.);
#1924=EDGE_CURVE('',#2294,#2468,#2834,.T.);
#1925=EDGE_CURVE('',#2469,#2443,#2835,.F.);
#1926=EDGE_CURVE('',#2469,#2467,#2836,.T.);
#1927=EDGE_CURVE('',#2470,#2468,#272,.T.);
#1928=EDGE_CURVE('',#2295,#2470,#2837,.T.);
#1929=EDGE_CURVE('',#2471,#2442,#2838,.F.);
#1930=EDGE_CURVE('',#2471,#2469,#273,.T.);
#1931=EDGE_CURVE('',#2472,#2470,#2839,.T.);
#1932=EDGE_CURVE('',#2296,#2472,#2840,.T.);
#1933=EDGE_CURVE('',#2473,#2441,#2841,.F.);
#1934=EDGE_CURVE('',#2473,#2471,#2842,.T.);
#1935=EDGE_CURVE('',#2474,#2472,#274,.T.);
#1936=EDGE_CURVE('',#2297,#2474,#2843,.T.);
#1937=EDGE_CURVE('',#2475,#2440,#2844,.F.);
#1938=EDGE_CURVE('',#2475,#2473,#275,.T.);
#1939=EDGE_CURVE('',#2476,#2474,#2845,.T.);
#1940=EDGE_CURVE('',#2298,#2476,#2846,.T.);
#1941=EDGE_CURVE('',#2477,#2439,#2847,.F.);
#1942=EDGE_CURVE('',#2477,#2475,#2848,.T.);
#1943=EDGE_CURVE('',#2478,#2476,#276,.T.);
#1944=EDGE_CURVE('',#2299,#2478,#2849,.T.);
#1945=EDGE_CURVE('',#2479,#2438,#2850,.F.);
#1946=EDGE_CURVE('',#2479,#2477,#277,.T.);
#1947=EDGE_CURVE('',#2480,#2478,#278,.T.);
#1948=EDGE_CURVE('',#2300,#2480,#2851,.T.);
#1949=EDGE_CURVE('',#2481,#2437,#2852,.F.);
#1950=EDGE_CURVE('',#2481,#2479,#279,.T.);
#1951=EDGE_CURVE('',#2482,#2480,#280,.T.);
#1952=EDGE_CURVE('',#2301,#2482,#2853,.T.);
#1953=EDGE_CURVE('',#2483,#2436,#2854,.F.);
#1954=EDGE_CURVE('',#2483,#2481,#281,.T.);
#1955=EDGE_CURVE('',#2484,#2482,#2855,.T.);
#1956=EDGE_CURVE('',#2302,#2484,#2856,.T.);
#1957=EDGE_CURVE('',#2485,#2435,#2857,.F.);
#1958=EDGE_CURVE('',#2485,#2483,#2858,.T.);
#1959=EDGE_CURVE('',#2486,#2484,#282,.T.);
#1960=EDGE_CURVE('',#2303,#2486,#2859,.T.);
#1961=EDGE_CURVE('',#2487,#2434,#2860,.F.);
#1962=EDGE_CURVE('',#2487,#2485,#283,.T.);
#1963=EDGE_CURVE('',#2459,#2487,#2861,.T.);
#1964=EDGE_CURVE('',#2456,#2486,#2862,.T.);
#1965=EDGE_CURVE('',#2488,#2265,#2863,.F.);
#1966=EDGE_CURVE('',#2488,#2489,#2864,.T.);
#1967=EDGE_CURVE('',#2489,#2264,#2865,.F.);
#1968=EDGE_CURVE('',#2421,#2490,#2866,.T.);
#1969=EDGE_CURVE('',#2491,#2490,#2867,.T.);
#1970=EDGE_CURVE('',#2420,#2491,#2868,.T.);
#1971=EDGE_CURVE('',#2492,#2275,#2869,.F.);
#1972=EDGE_CURVE('',#2492,#2488,#284,.T.);
#1973=EDGE_CURVE('',#2493,#2491,#285,.T.);
#1974=EDGE_CURVE('',#2422,#2493,#2870,.T.);
#1975=EDGE_CURVE('',#2494,#2274,#2871,.F.);
#1976=EDGE_CURVE('',#2494,#2492,#286,.T.);
#1977=EDGE_CURVE('',#2495,#2493,#287,.T.);
#1978=EDGE_CURVE('',#2423,#2495,#2872,.T.);
#1979=EDGE_CURVE('',#2496,#2273,#2873,.F.);
#1980=EDGE_CURVE('',#2496,#2494,#288,.T.);
#1981=EDGE_CURVE('',#2497,#2495,#289,.T.);
#1982=EDGE_CURVE('',#2424,#2497,#2874,.T.);
#1983=EDGE_CURVE('',#2498,#2272,#2875,.F.);
#1984=EDGE_CURVE('',#2498,#2496,#2876,.T.);
#1985=EDGE_CURVE('',#2499,#2497,#2877,.T.);
#1986=EDGE_CURVE('',#2425,#2499,#2878,.T.);
#1987=EDGE_CURVE('',#2500,#2271,#2879,.F.);
#1988=EDGE_CURVE('',#2500,#2498,#290,.T.);
#1989=EDGE_CURVE('',#2501,#2499,#291,.T.);
#1990=EDGE_CURVE('',#2426,#2501,#2880,.T.);
#1991=EDGE_CURVE('',#2502,#2270,#2881,.F.);
#1992=EDGE_CURVE('',#2502,#2500,#2882,.T.);
#1993=EDGE_CURVE('',#2503,#2501,#2883,.T.);
#1994=EDGE_CURVE('',#2427,#2503,#2884,.T.);
#1995=EDGE_CURVE('',#2504,#2269,#2885,.F.);
#1996=EDGE_CURVE('',#2504,#2502,#292,.T.);
#1997=EDGE_CURVE('',#2505,#2503,#293,.T.);
#1998=EDGE_CURVE('',#2428,#2505,#2886,.T.);
#1999=EDGE_CURVE('',#2506,#2268,#2887,.F.);
#2000=EDGE_CURVE('',#2506,#2504,#294,.T.);
#2001=EDGE_CURVE('',#2507,#2505,#295,.T.);
#2002=EDGE_CURVE('',#2429,#2507,#2888,.T.);
#2003=EDGE_CURVE('',#2508,#2267,#2889,.F.);
#2004=EDGE_CURVE('',#2508,#2506,#296,.T.);
#2005=EDGE_CURVE('',#2509,#2507,#297,.T.);
#2006=EDGE_CURVE('',#2430,#2509,#2890,.T.);
#2007=EDGE_CURVE('',#2510,#2266,#2891,.F.);
#2008=EDGE_CURVE('',#2510,#2508,#2892,.T.);
#2009=EDGE_CURVE('',#2511,#2509,#2893,.T.);
#2010=EDGE_CURVE('',#2431,#2511,#2894,.T.);
#2011=EDGE_CURVE('',#2489,#2510,#298,.T.);
#2012=EDGE_CURVE('',#2490,#2511,#299,.T.);
#2013=EDGE_CURVE('',#2512,#2513,#300,.T.);
#2014=EDGE_CURVE('',#2514,#2512,#2895,.T.);
#2015=EDGE_CURVE('',#2515,#2514,#301,.F.);
#2016=EDGE_CURVE('',#2516,#2515,#302,.T.);
#2017=EDGE_CURVE('',#2517,#2516,#303,.F.);
#2018=EDGE_CURVE('',#2518,#2517,#2896,.T.);
#2019=EDGE_CURVE('',#2519,#2518,#304,.T.);
#2020=EDGE_CURVE('',#2520,#2519,#2897,.T.);
#2021=EDGE_CURVE('',#2521,#2520,#305,.T.);
#2022=EDGE_CURVE('',#2522,#2521,#2898,.T.);
#2023=EDGE_CURVE('',#2523,#2522,#306,.F.);
#2024=EDGE_CURVE('',#2524,#2523,#307,.T.);
#2025=EDGE_CURVE('',#2525,#2524,#308,.F.);
#2026=EDGE_CURVE('',#2526,#2525,#2899,.T.);
#2027=EDGE_CURVE('',#2527,#2526,#309,.T.);
#2028=EDGE_CURVE('',#2513,#2527,#2900,.T.);
#2029=EDGE_CURVE('',#2528,#2529,#310,.T.);
#2030=EDGE_CURVE('',#2530,#2528,#2901,.T.);
#2031=EDGE_CURVE('',#2531,#2530,#311,.T.);
#2032=EDGE_CURVE('',#2532,#2531,#2902,.T.);
#2033=EDGE_CURVE('',#2532,#2533,#312,.T.);
#2034=EDGE_CURVE('',#2533,#2534,#2903,.T.);
#2035=EDGE_CURVE('',#2534,#2535,#313,.T.);
#2036=EDGE_CURVE('',#2529,#2535,#2904,.T.);
#2037=EDGE_CURVE('',#2536,#2536,#314,.F.);
#2038=EDGE_CURVE('',#2537,#2537,#315,.T.);
#2039=EDGE_CURVE('',#2538,#2539,#2905,.F.);
#2040=EDGE_CURVE('',#2540,#2538,#316,.F.);
#2041=EDGE_CURVE('',#2540,#2541,#317,.F.);
#2042=EDGE_CURVE('',#2542,#2541,#318,.F.);
#2043=EDGE_CURVE('',#2543,#2542,#2906,.F.);
#2044=EDGE_CURVE('',#2544,#2543,#319,.T.);
#2045=EDGE_CURVE('',#2545,#2544,#2907,.T.);
#2046=EDGE_CURVE('',#2545,#2546,#320,.T.);
#2047=EDGE_CURVE('',#2547,#2546,#321,.T.);
#2048=EDGE_CURVE('',#2548,#2547,#322,.T.);
#2049=EDGE_CURVE('',#2548,#2549,#2908,.T.);
#2050=EDGE_CURVE('',#2549,#2539,#323,.T.);
#2051=EDGE_CURVE('',#2550,#2551,#324,.T.);
#2052=EDGE_CURVE('',#2551,#2552,#2909,.F.);
#2053=EDGE_CURVE('',#2552,#2553,#325,.T.);
#2054=EDGE_CURVE('',#2554,#2553,#326,.T.);
#2055=EDGE_CURVE('',#2554,#2555,#327,.T.);
#2056=EDGE_CURVE('',#2556,#2555,#2910,.T.);
#2057=EDGE_CURVE('',#2557,#2556,#328,.T.);
#2058=EDGE_CURVE('',#2558,#2557,#2911,.T.);
#2059=EDGE_CURVE('',#2558,#2559,#329,.T.);
#2060=EDGE_CURVE('',#2560,#2559,#330,.T.);
#2061=EDGE_CURVE('',#2561,#2560,#331,.T.);
#2062=EDGE_CURVE('',#2561,#2550,#2912,.T.);
#2063=EDGE_CURVE('',#2562,#2563,#332,.T.);
#2064=EDGE_CURVE('',#2546,#2563,#2913,.T.);
#2065=EDGE_CURVE('',#2545,#2562,#2914,.T.);
#2066=EDGE_CURVE('',#2564,#2563,#333,.T.);
#2067=EDGE_CURVE('',#2560,#2564,#2915,.T.);
#2068=EDGE_CURVE('',#2559,#2565,#2916,.T.);
#2069=EDGE_CURVE('',#2565,#2566,#334,.T.);
#2070=EDGE_CURVE('',#2547,#2566,#2917,.T.);
#2071=EDGE_CURVE('',#2567,#2567,#335,.T.);
#2072=EDGE_CURVE('',#2568,#2564,#336,.T.);
#2073=EDGE_CURVE('',#2561,#2568,#2918,.T.);
#2074=EDGE_CURVE('',#2568,#2569,#2919,.T.);
#2075=EDGE_CURVE('',#2550,#2569,#2920,.T.);
#2076=EDGE_CURVE('',#2569,#2570,#337,.T.);
#2077=EDGE_CURVE('',#2551,#2570,#2921,.T.);
#2078=EDGE_CURVE('',#2571,#2570,#2922,.T.);
#2079=EDGE_CURVE('',#2572,#2571,#2923,.T.);
#2080=EDGE_CURVE('',#2573,#2572,#2924,.T.);
#2081=EDGE_CURVE('',#2573,#2552,#2925,.F.);
#2082=EDGE_CURVE('',#2574,#2571,#338,.T.);
#2083=EDGE_CURVE('',#2575,#2574,#2926,.T.);
#2084=EDGE_CURVE('',#2572,#2575,#339,.T.);
#2085=EDGE_CURVE('',#2576,#2574,#2927,.T.);
#2086=EDGE_CURVE('',#2577,#2576,#2928,.T.);
#2087=EDGE_CURVE('',#2577,#2575,#2929,.F.);
#2088=EDGE_CURVE('',#2578,#2576,#340,.T.);
#2089=EDGE_CURVE('',#2579,#2578,#2930,.T.);
#2090=EDGE_CURVE('',#2577,#2579,#341,.T.);
#2091=EDGE_CURVE('',#2578,#2580,#2931,.T.);
#2092=EDGE_CURVE('',#2543,#2580,#2932,.T.);
#2093=EDGE_CURVE('',#2581,#2542,#2933,.T.);
#2094=EDGE_CURVE('',#2581,#2579,#2934,.T.);
#2095=EDGE_CURVE('',#2582,#2580,#342,.T.);
#2096=EDGE_CURVE('',#2544,#2582,#2935,.T.);
#2097=EDGE_CURVE('',#2583,#2583,#343,.T.);
#2098=EDGE_CURVE('',#2584,#2566,#344,.T.);
#2099=EDGE_CURVE('',#2548,#2584,#2936,.T.);
#2100=EDGE_CURVE('',#2584,#2585,#2937,.T.);
#2101=EDGE_CURVE('',#2549,#2585,#2938,.T.);
#2102=EDGE_CURVE('',#2585,#2586,#345,.T.);
#2103=EDGE_CURVE('',#2539,#2586,#2939,.T.);
#2104=EDGE_CURVE('',#2586,#2587,#2940,.T.);
#2105=EDGE_CURVE('',#2588,#2587,#2941,.T.);
#2106=EDGE_CURVE('',#2588,#2589,#2942,.T.);
#2107=EDGE_CURVE('',#2589,#2538,#2943,.F.);
#2108=EDGE_CURVE('',#2590,#2587,#346,.T.);
#2109=EDGE_CURVE('',#2591,#2590,#2944,.T.);
#2110=EDGE_CURVE('',#2591,#2588,#347,.F.);
#2111=EDGE_CURVE('',#2590,#2592,#2945,.T.);
#2112=EDGE_CURVE('',#2593,#2592,#2946,.T.);
#2113=EDGE_CURVE('',#2591,#2593,#2947,.F.);
#2114=EDGE_CURVE('',#2594,#2592,#348,.T.);
#2115=EDGE_CURVE('',#2595,#2594,#2948,.T.);
#2116=EDGE_CURVE('',#2595,#2593,#349,.F.);
#2117=EDGE_CURVE('',#2596,#2594,#2949,.T.);
#2118=EDGE_CURVE('',#2556,#2596,#2950,.T.);
#2119=EDGE_CURVE('',#2597,#2555,#2951,.T.);
#2120=EDGE_CURVE('',#2597,#2595,#2952,.F.);
#2121=EDGE_CURVE('',#2598,#2596,#350,.T.);
#2122=EDGE_CURVE('',#2557,#2598,#2953,.T.);
#2123=EDGE_CURVE('',#2599,#2598,#2954,.T.);
#2124=EDGE_CURVE('',#2558,#2599,#2955,.T.);
#2125=EDGE_CURVE('',#2600,#2601,#351,.T.);
#2126=EDGE_CURVE('',#2528,#2600,#2956,.T.);
#2127=EDGE_CURVE('',#2529,#2601,#2957,.T.);
#2128=EDGE_CURVE('',#2602,#2600,#2958,.T.);
#2129=EDGE_CURVE('',#2530,#2602,#2959,.T.);
#2130=EDGE_CURVE('',#2603,#2602,#352,.T.);
#2131=EDGE_CURVE('',#2531,#2603,#2960,.T.);
#2132=EDGE_CURVE('',#2604,#2603,#2961,.T.);
#2133=EDGE_CURVE('',#2532,#2604,#2962,.T.);
#2134=EDGE_CURVE('',#2604,#2605,#353,.T.);
#2135=EDGE_CURVE('',#2533,#2605,#2963,.T.);
#2136=EDGE_CURVE('',#2605,#2606,#2964,.T.);
#2137=EDGE_CURVE('',#2534,#2606,#2965,.T.);
#2138=EDGE_CURVE('',#2606,#2607,#354,.T.);
#2139=EDGE_CURVE('',#2535,#2607,#2966,.T.);
#2140=EDGE_CURVE('',#2599,#2565,#355,.T.);
#2141=EDGE_CURVE('',#2601,#2607,#2967,.T.);
#2142=EDGE_CURVE('',#2562,#2582,#2968,.T.);
#2143=EDGE_CURVE('',#2608,#2609,#356,.F.);
#2144=EDGE_CURVE('',#2610,#2608,#2969,.T.);
#2145=EDGE_CURVE('',#2611,#2610,#357,.F.);
#2146=EDGE_CURVE('',#2612,#2611,#2970,.T.);
#2147=EDGE_CURVE('',#2613,#2612,#358,.T.);
#2148=EDGE_CURVE('',#2614,#2613,#359,.F.);
#2149=EDGE_CURVE('',#2615,#2614,#360,.T.);
#2150=EDGE_CURVE('',#2616,#2615,#2971,.T.);
#2151=EDGE_CURVE('',#2617,#2616,#361,.F.);
#2152=EDGE_CURVE('',#2618,#2617,#2972,.T.);
#2153=EDGE_CURVE('',#2619,#2618,#362,.F.);
#2154=EDGE_CURVE('',#2620,#2619,#2973,.T.);
#2155=EDGE_CURVE('',#2621,#2620,#363,.T.);
#2156=EDGE_CURVE('',#2622,#2621,#364,.F.);
#2157=EDGE_CURVE('',#2623,#2622,#365,.T.);
#2158=EDGE_CURVE('',#2609,#2623,#2974,.T.);
#2159=EDGE_CURVE('',#2597,#2624,#366,.F.);
#2160=EDGE_CURVE('',#2625,#2624,#367,.F.);
#2161=EDGE_CURVE('',#2625,#2573,#368,.F.);
#2162=EDGE_CURVE('',#2626,#2581,#369,.T.);
#2163=EDGE_CURVE('',#2626,#2627,#370,.T.);
#2164=EDGE_CURVE('',#2589,#2627,#371,.T.);
#2165=EDGE_CURVE('',#2628,#2628,#372,.T.);
#2166=EDGE_CURVE('',#2627,#2540,#2975,.T.);
#2167=EDGE_CURVE('',#2626,#2541,#2976,.T.);
#2168=EDGE_CURVE('',#2625,#2553,#2977,.T.);
#2169=EDGE_CURVE('',#2624,#2554,#2978,.T.);
#2170=EDGE_CURVE('',#2629,#2629,#373,.T.);
#2171=EDGE_CURVE('',#2630,#2630,#374,.T.);
#2172=EDGE_CURVE('',#2513,#2631,#2979,.T.);
#2173=EDGE_CURVE('',#2632,#2631,#375,.T.);
#2174=EDGE_CURVE('',#2512,#2632,#2980,.T.);
#2175=EDGE_CURVE('',#2633,#2609,#2981,.F.);
#2176=EDGE_CURVE('',#2633,#2634,#376,.T.);
#2177=EDGE_CURVE('',#2634,#2608,#2982,.F.);
#2178=EDGE_CURVE('',#2635,#2632,#2983,.T.);
#2179=EDGE_CURVE('',#2514,#2635,#2984,.T.);
#2180=EDGE_CURVE('',#2636,#2623,#2985,.F.);
#2181=EDGE_CURVE('',#2636,#2633,#2986,.T.);
#2182=EDGE_CURVE('',#2637,#2635,#377,.T.);
#2183=EDGE_CURVE('',#2515,#2637,#2987,.T.);
#2184=EDGE_CURVE('',#2638,#2622,#2988,.F.);
#2185=EDGE_CURVE('',#2638,#2636,#378,.T.);
#2186=EDGE_CURVE('',#2639,#2637,#379,.T.);
#2187=EDGE_CURVE('',#2516,#2639,#2989,.T.);
#2188=EDGE_CURVE('',#2640,#2621,#2990,.F.);
#2189=EDGE_CURVE('',#2640,#2638,#380,.T.);
#2190=EDGE_CURVE('',#2641,#2639,#381,.T.);
#2191=EDGE_CURVE('',#2517,#2641,#2991,.T.);
#2192=EDGE_CURVE('',#2642,#2620,#2992,.F.);
#2193=EDGE_CURVE('',#2642,#2640,#382,.T.);
#2194=EDGE_CURVE('',#2643,#2641,#2993,.T.);
#2195=EDGE_CURVE('',#2518,#2643,#2994,.T.);
#2196=EDGE_CURVE('',#2644,#2619,#2995,.F.);
#2197=EDGE_CURVE('',#2644,#2642,#2996,.T.);
#2198=EDGE_CURVE('',#2645,#2643,#383,.T.);
#2199=EDGE_CURVE('',#2519,#2645,#2997,.T.);
#2200=EDGE_CURVE('',#2646,#2618,#2998,.F.);
#2201=EDGE_CURVE('',#2646,#2644,#384,.T.);
#2202=EDGE_CURVE('',#2647,#2645,#2999,.T.);
#2203=EDGE_CURVE('',#2520,#2647,#3000,.T.);
#2204=EDGE_CURVE('',#2648,#2617,#3001,.F.);
#2205=EDGE_CURVE('',#2648,#2646,#3002,.T.);
#2206=EDGE_CURVE('',#2649,#2647,#385,.T.);
#2207=EDGE_CURVE('',#2521,#2649,#3003,.T.);
#2208=EDGE_CURVE('',#2650,#2616,#3004,.F.);
#2209=EDGE_CURVE('',#2650,#2648,#386,.T.);
#2210=EDGE_CURVE('',#2651,#2649,#3005,.T.);
#2211=EDGE_CURVE('',#2522,#2651,#3006,.T.);
#2212=EDGE_CURVE('',#2652,#2615,#3007,.F.);
#2213=EDGE_CURVE('',#2652,#2650,#3008,.T.);
#2214=EDGE_CURVE('',#2653,#2651,#387,.T.);
#2215=EDGE_CURVE('',#2523,#2653,#3009,.T.);
#2216=EDGE_CURVE('',#2654,#2614,#3010,.F.);
#2217=EDGE_CURVE('',#2654,#2652,#388,.T.);
#2218=EDGE_CURVE('',#2655,#2653,#389,.T.);
#2219=EDGE_CURVE('',#2524,#2655,#3011,.T.);
#2220=EDGE_CURVE('',#2656,#2613,#3012,.F.);
#2221=EDGE_CURVE('',#2656,#2654,#390,.T.);
#2222=EDGE_CURVE('',#2657,#2655,#391,.T.);
#2223=EDGE_CURVE('',#2525,#2657,#3013,.T.);
#2224=EDGE_CURVE('',#2658,#2612,#3014,.F.);
#2225=EDGE_CURVE('',#2658,#2656,#392,.T.);
#2226=EDGE_CURVE('',#2659,#2657,#3015,.T.);
#2227=EDGE_CURVE('',#2526,#2659,#3016,.T.);
#2228=EDGE_CURVE('',#2660,#2611,#3017,.F.);
#2229=EDGE_CURVE('',#2660,#2658,#3018,.T.);
#2230=EDGE_CURVE('',#2661,#2659,#393,.T.);
#2231=EDGE_CURVE('',#2527,#2661,#3019,.T.);
#2232=EDGE_CURVE('',#2662,#2610,#3020,.F.);
#2233=EDGE_CURVE('',#2662,#2660,#394,.T.);
#2234=EDGE_CURVE('',#2634,#2662,#3021,.T.);
#2235=EDGE_CURVE('',#2631,#2661,#3022,.T.);
#2236=EDGE_CURVE('',#2663,#2664,#395,.T.);
#2237=EDGE_CURVE('',#2665,#2663,#3023,.T.);
#2238=EDGE_CURVE('',#2665,#2666,#396,.T.);
#2239=EDGE_CURVE('',#2666,#2664,#3024,.T.);
#2240=EDGE_CURVE('',#2667,#2663,#3025,.T.);
#2241=EDGE_CURVE('',#2668,#2667,#3026,.T.);
#2242=EDGE_CURVE('',#2668,#2665,#3027,.T.);
#2243=EDGE_CURVE('',#2669,#2667,#397,.T.);
#2244=EDGE_CURVE('',#2670,#2669,#3028,.T.);
#2245=EDGE_CURVE('',#2670,#2668,#398,.T.);
#2246=EDGE_CURVE('',#2671,#2669,#3029,.T.);
#2247=EDGE_CURVE('',#2672,#2671,#3030,.T.);
#2248=EDGE_CURVE('',#2672,#2670,#3031,.T.);
#2249=EDGE_CURVE('',#2671,#2673,#399,.T.);
#2250=EDGE_CURVE('',#2674,#2673,#3032,.T.);
#2251=EDGE_CURVE('',#2672,#2674,#400,.T.);
#2252=EDGE_CURVE('',#2673,#2675,#3033,.T.);
#2253=EDGE_CURVE('',#2676,#2675,#3034,.T.);
#2254=EDGE_CURVE('',#2674,#2676,#3035,.T.);
#2255=EDGE_CURVE('',#2675,#2677,#401,.T.);
#2256=EDGE_CURVE('',#2678,#2677,#3036,.T.);
#2257=EDGE_CURVE('',#2676,#2678,#402,.T.);
#2258=EDGE_CURVE('',#2679,#2679,#403,.T.);
#2259=EDGE_CURVE('',#2680,#2680,#404,.T.);
#2260=EDGE_CURVE('',#2664,#2677,#3037,.T.);
#2261=EDGE_CURVE('',#2666,#2678,#3038,.T.);
#2262=EDGE_CURVE('',#2681,#2681,#405,.T.);
#2263=EDGE_CURVE('',#2682,#2682,#406,.T.);
#2264=VERTEX_POINT('',#6116);
#2265=VERTEX_POINT('',#6117);
#2266=VERTEX_POINT('',#6119);
#2267=VERTEX_POINT('',#6121);
#2268=VERTEX_POINT('',#6123);
#2269=VERTEX_POINT('',#6125);
#2270=VERTEX_POINT('',#6127);
#2271=VERTEX_POINT('',#6129);
#2272=VERTEX_POINT('',#6131);
#2273=VERTEX_POINT('',#6133);
#2274=VERTEX_POINT('',#6135);
#2275=VERTEX_POINT('',#6137);
#2276=VERTEX_POINT('',#6140);
#2277=VERTEX_POINT('',#6141);
#2278=VERTEX_POINT('',#6143);
#2279=VERTEX_POINT('',#6145);
#2280=VERTEX_POINT('',#6147);
#2281=VERTEX_POINT('',#6149);
#2282=VERTEX_POINT('',#6151);
#2283=VERTEX_POINT('',#6153);
#2284=VERTEX_POINT('',#6155);
#2285=VERTEX_POINT('',#6157);
#2286=VERTEX_POINT('',#6159);
#2287=VERTEX_POINT('',#6161);
#2288=VERTEX_POINT('',#6165);
#2289=VERTEX_POINT('',#6166);
#2290=VERTEX_POINT('',#6168);
#2291=VERTEX_POINT('',#6170);
#2292=VERTEX_POINT('',#6172);
#2293=VERTEX_POINT('',#6174);
#2294=VERTEX_POINT('',#6176);
#2295=VERTEX_POINT('',#6178);
#2296=VERTEX_POINT('',#6180);
#2297=VERTEX_POINT('',#6182);
#2298=VERTEX_POINT('',#6184);
#2299=VERTEX_POINT('',#6186);
#2300=VERTEX_POINT('',#6188);
#2301=VERTEX_POINT('',#6190);
#2302=VERTEX_POINT('',#6192);
#2303=VERTEX_POINT('',#6194);
#2304=VERTEX_POINT('',#6197);
#2305=VERTEX_POINT('',#6199);
#2306=VERTEX_POINT('',#6201);
#2307=VERTEX_POINT('',#6203);
#2308=VERTEX_POINT('',#6205);
#2309=VERTEX_POINT('',#6206);
#2310=VERTEX_POINT('',#6208);
#2311=VERTEX_POINT('',#6210);
#2312=VERTEX_POINT('',#6212);
#2313=VERTEX_POINT('',#6214);
#2314=VERTEX_POINT('',#6216);
#2315=VERTEX_POINT('',#6218);
#2316=VERTEX_POINT('',#6220);
#2317=VERTEX_POINT('',#6222);
#2318=VERTEX_POINT('',#6224);
#2319=VERTEX_POINT('',#6226);
#2320=VERTEX_POINT('',#6228);
#2321=VERTEX_POINT('',#6230);
#2322=VERTEX_POINT('',#6232);
#2323=VERTEX_POINT('',#6234);
#2324=VERTEX_POINT('',#6236);
#2325=VERTEX_POINT('',#6238);
#2326=VERTEX_POINT('',#6240);
#2327=VERTEX_POINT('',#6242);
#2328=VERTEX_POINT('',#6246);
#2329=VERTEX_POINT('',#6247);
#2330=VERTEX_POINT('',#6249);
#2331=VERTEX_POINT('',#6251);
#2332=VERTEX_POINT('',#6253);
#2333=VERTEX_POINT('',#6255);
#2334=VERTEX_POINT('',#6259);
#2335=VERTEX_POINT('',#6261);
#2336=VERTEX_POINT('',#6265);
#2337=VERTEX_POINT('',#6267);
#2338=VERTEX_POINT('',#6271);
#2339=VERTEX_POINT('',#6273);
#2340=VERTEX_POINT('',#6277);
#2341=VERTEX_POINT('',#6279);
#2342=VERTEX_POINT('',#6283);
#2343=VERTEX_POINT('',#6285);
#2344=VERTEX_POINT('',#6289);
#2345=VERTEX_POINT('',#6291);
#2346=VERTEX_POINT('',#6295);
#2347=VERTEX_POINT('',#6297);
#2348=VERTEX_POINT('',#6301);
#2349=VERTEX_POINT('',#6303);
#2350=VERTEX_POINT('',#6307);
#2351=VERTEX_POINT('',#6309);
#2352=VERTEX_POINT('',#6313);
#2353=VERTEX_POINT('',#6314);
#2354=VERTEX_POINT('',#6316);
#2355=VERTEX_POINT('',#6319);
#2356=VERTEX_POINT('',#6323);
#2357=VERTEX_POINT('',#6324);
#2358=VERTEX_POINT('',#6326);
#2359=VERTEX_POINT('',#6328);
#2360=VERTEX_POINT('',#6332);
#2361=VERTEX_POINT('',#6334);
#2362=VERTEX_POINT('',#6338);
#2363=VERTEX_POINT('',#6339);
#2364=VERTEX_POINT('',#6341);
#2365=VERTEX_POINT('',#6344);
#2366=VERTEX_POINT('',#6348);
#2367=VERTEX_POINT('',#6350);
#2368=VERTEX_POINT('',#6354);
#2369=VERTEX_POINT('',#6356);
#2370=VERTEX_POINT('',#6358);
#2371=VERTEX_POINT('',#6360);
#2372=VERTEX_POINT('',#6364);
#2373=VERTEX_POINT('',#6366);
#2374=VERTEX_POINT('',#6370);
#2375=VERTEX_POINT('',#6372);
#2376=VERTEX_POINT('',#6376);
#2377=VERTEX_POINT('',#6378);
#2378=VERTEX_POINT('',#6382);
#2379=VERTEX_POINT('',#6384);
#2380=VERTEX_POINT('',#6388);
#2381=VERTEX_POINT('',#6390);
#2382=VERTEX_POINT('',#6394);
#2383=VERTEX_POINT('',#6396);
#2384=VERTEX_POINT('',#6400);
#2385=VERTEX_POINT('',#6402);
#2386=VERTEX_POINT('',#6406);
#2387=VERTEX_POINT('',#6410);
#2388=VERTEX_POINT('',#6414);
#2389=VERTEX_POINT('',#6418);
#2390=VERTEX_POINT('',#6422);
#2391=VERTEX_POINT('',#6426);
#2392=VERTEX_POINT('',#6430);
#2393=VERTEX_POINT('',#6434);
#2394=VERTEX_POINT('',#6438);
#2395=VERTEX_POINT('',#6442);
#2396=VERTEX_POINT('',#6446);
#2397=VERTEX_POINT('',#6447);
#2398=VERTEX_POINT('',#6452);
#2399=VERTEX_POINT('',#6456);
#2400=VERTEX_POINT('',#6460);
#2401=VERTEX_POINT('',#6464);
#2402=VERTEX_POINT('',#6468);
#2403=VERTEX_POINT('',#6472);
#2404=VERTEX_POINT('',#6476);
#2405=VERTEX_POINT('',#6480);
#2406=VERTEX_POINT('',#6484);
#2407=VERTEX_POINT('',#6488);
#2408=VERTEX_POINT('',#6492);
#2409=VERTEX_POINT('',#6496);
#2410=VERTEX_POINT('',#6500);
#2411=VERTEX_POINT('',#6504);
#2412=VERTEX_POINT('',#6508);
#2413=VERTEX_POINT('',#6512);
#2414=VERTEX_POINT('',#6516);
#2415=VERTEX_POINT('',#6520);
#2416=VERTEX_POINT('',#6529);
#2417=VERTEX_POINT('',#6532);
#2418=VERTEX_POINT('',#6535);
#2419=VERTEX_POINT('',#6538);
#2420=VERTEX_POINT('',#6546);
#2421=VERTEX_POINT('',#6547);
#2422=VERTEX_POINT('',#6549);
#2423=VERTEX_POINT('',#6551);
#2424=VERTEX_POINT('',#6553);
#2425=VERTEX_POINT('',#6555);
#2426=VERTEX_POINT('',#6557);
#2427=VERTEX_POINT('',#6559);
#2428=VERTEX_POINT('',#6561);
#2429=VERTEX_POINT('',#6563);
#2430=VERTEX_POINT('',#6565);
#2431=VERTEX_POINT('',#6567);
#2432=VERTEX_POINT('',#6570);
#2433=VERTEX_POINT('',#6571);
#2434=VERTEX_POINT('',#6573);
#2435=VERTEX_POINT('',#6575);
#2436=VERTEX_POINT('',#6577);
#2437=VERTEX_POINT('',#6579);
#2438=VERTEX_POINT('',#6581);
#2439=VERTEX_POINT('',#6583);
#2440=VERTEX_POINT('',#6585);
#2441=VERTEX_POINT('',#6587);
#2442=VERTEX_POINT('',#6589);
#2443=VERTEX_POINT('',#6591);
#2444=VERTEX_POINT('',#6593);
#2445=VERTEX_POINT('',#6595);
#2446=VERTEX_POINT('',#6597);
#2447=VERTEX_POINT('',#6599);
#2448=VERTEX_POINT('',#6603);
#2449=VERTEX_POINT('',#6604);
#2450=VERTEX_POINT('',#6606);
#2451=VERTEX_POINT('',#6608);
#2452=VERTEX_POINT('',#6614);
#2453=VERTEX_POINT('',#6615);
#2454=VERTEX_POINT('',#6617);
#2455=VERTEX_POINT('',#6619);
#2456=VERTEX_POINT('',#6637);
#2457=VERTEX_POINT('',#6639);
#2458=VERTEX_POINT('',#6643);
#2459=VERTEX_POINT('',#6645);
#2460=VERTEX_POINT('',#6649);
#2461=VERTEX_POINT('',#6653);
#2462=VERTEX_POINT('',#6657);
#2463=VERTEX_POINT('',#6661);
#2464=VERTEX_POINT('',#6665);
#2465=VERTEX_POINT('',#6669);
#2466=VERTEX_POINT('',#6673);
#2467=VERTEX_POINT('',#6677);
#2468=VERTEX_POINT('',#6681);
#2469=VERTEX_POINT('',#6685);
#2470=VERTEX_POINT('',#6689);
#2471=VERTEX_POINT('',#6693);
#2472=VERTEX_POINT('',#6697);
#2473=VERTEX_POINT('',#6701);
#2474=VERTEX_POINT('',#6705);
#2475=VERTEX_POINT('',#6709);
#2476=VERTEX_POINT('',#6713);
#2477=VERTEX_POINT('',#6717);
#2478=VERTEX_POINT('',#6721);
#2479=VERTEX_POINT('',#6725);
#2480=VERTEX_POINT('',#6729);
#2481=VERTEX_POINT('',#6733);
#2482=VERTEX_POINT('',#6737);
#2483=VERTEX_POINT('',#6741);
#2484=VERTEX_POINT('',#6745);
#2485=VERTEX_POINT('',#6749);
#2486=VERTEX_POINT('',#6753);
#2487=VERTEX_POINT('',#6757);
#2488=VERTEX_POINT('',#6766);
#2489=VERTEX_POINT('',#6768);
#2490=VERTEX_POINT('',#6772);
#2491=VERTEX_POINT('',#6774);
#2492=VERTEX_POINT('',#6778);
#2493=VERTEX_POINT('',#6782);
#2494=VERTEX_POINT('',#6786);
#2495=VERTEX_POINT('',#6790);
#2496=VERTEX_POINT('',#6794);
#2497=VERTEX_POINT('',#6798);
#2498=VERTEX_POINT('',#6802);
#2499=VERTEX_POINT('',#6806);
#2500=VERTEX_POINT('',#6810);
#2501=VERTEX_POINT('',#6814);
#2502=VERTEX_POINT('',#6818);
#2503=VERTEX_POINT('',#6822);
#2504=VERTEX_POINT('',#6826);
#2505=VERTEX_POINT('',#6830);
#2506=VERTEX_POINT('',#6834);
#2507=VERTEX_POINT('',#6838);
#2508=VERTEX_POINT('',#6842);
#2509=VERTEX_POINT('',#6846);
#2510=VERTEX_POINT('',#6850);
#2511=VERTEX_POINT('',#6854);
#2512=VERTEX_POINT('',#6864);
#2513=VERTEX_POINT('',#6865);
#2514=VERTEX_POINT('',#6867);
#2515=VERTEX_POINT('',#6869);
#2516=VERTEX_POINT('',#6871);
#2517=VERTEX_POINT('',#6873);
#2518=VERTEX_POINT('',#6875);
#2519=VERTEX_POINT('',#6877);
#2520=VERTEX_POINT('',#6879);
#2521=VERTEX_POINT('',#6881);
#2522=VERTEX_POINT('',#6883);
#2523=VERTEX_POINT('',#6885);
#2524=VERTEX_POINT('',#6887);
#2525=VERTEX_POINT('',#6889);
#2526=VERTEX_POINT('',#6891);
#2527=VERTEX_POINT('',#6893);
#2528=VERTEX_POINT('',#6896);
#2529=VERTEX_POINT('',#6897);
#2530=VERTEX_POINT('',#6899);
#2531=VERTEX_POINT('',#6901);
#2532=VERTEX_POINT('',#6903);
#2533=VERTEX_POINT('',#6905);
#2534=VERTEX_POINT('',#6907);
#2535=VERTEX_POINT('',#6909);
#2536=VERTEX_POINT('',#6913);
#2537=VERTEX_POINT('',#6915);
#2538=VERTEX_POINT('',#6918);
#2539=VERTEX_POINT('',#6919);
#2540=VERTEX_POINT('',#6921);
#2541=VERTEX_POINT('',#6923);
#2542=VERTEX_POINT('',#6925);
#2543=VERTEX_POINT('',#6927);
#2544=VERTEX_POINT('',#6929);
#2545=VERTEX_POINT('',#6931);
#2546=VERTEX_POINT('',#6933);
#2547=VERTEX_POINT('',#6935);
#2548=VERTEX_POINT('',#6937);
#2549=VERTEX_POINT('',#6939);
#2550=VERTEX_POINT('',#6943);
#2551=VERTEX_POINT('',#6944);
#2552=VERTEX_POINT('',#6946);
#2553=VERTEX_POINT('',#6948);
#2554=VERTEX_POINT('',#6950);
#2555=VERTEX_POINT('',#6952);
#2556=VERTEX_POINT('',#6954);
#2557=VERTEX_POINT('',#6956);
#2558=VERTEX_POINT('',#6958);
#2559=VERTEX_POINT('',#6960);
#2560=VERTEX_POINT('',#6962);
#2561=VERTEX_POINT('',#6964);
#2562=VERTEX_POINT('',#6968);
#2563=VERTEX_POINT('',#6969);
#2564=VERTEX_POINT('',#6974);
#2565=VERTEX_POINT('',#6977);
#2566=VERTEX_POINT('',#6979);
#2567=VERTEX_POINT('',#6982);
#2568=VERTEX_POINT('',#6985);
#2569=VERTEX_POINT('',#6989);
#2570=VERTEX_POINT('',#6993);
#2571=VERTEX_POINT('',#6997);
#2572=VERTEX_POINT('',#6999);
#2573=VERTEX_POINT('',#7001);
#2574=VERTEX_POINT('',#7005);
#2575=VERTEX_POINT('',#7007);
#2576=VERTEX_POINT('',#7011);
#2577=VERTEX_POINT('',#7013);
#2578=VERTEX_POINT('',#7017);
#2579=VERTEX_POINT('',#7019);
#2580=VERTEX_POINT('',#7023);
#2581=VERTEX_POINT('',#7026);
#2582=VERTEX_POINT('',#7030);
#2583=VERTEX_POINT('',#7034);
#2584=VERTEX_POINT('',#7037);
#2585=VERTEX_POINT('',#7041);
#2586=VERTEX_POINT('',#7045);
#2587=VERTEX_POINT('',#7049);
#2588=VERTEX_POINT('',#7051);
#2589=VERTEX_POINT('',#7053);
#2590=VERTEX_POINT('',#7057);
#2591=VERTEX_POINT('',#7059);
#2592=VERTEX_POINT('',#7063);
#2593=VERTEX_POINT('',#7065);
#2594=VERTEX_POINT('',#7069);
#2595=VERTEX_POINT('',#7071);
#2596=VERTEX_POINT('',#7075);
#2597=VERTEX_POINT('',#7078);
#2598=VERTEX_POINT('',#7082);
#2599=VERTEX_POINT('',#7086);
#2600=VERTEX_POINT('',#7090);
#2601=VERTEX_POINT('',#7091);
#2602=VERTEX_POINT('',#7096);
#2603=VERTEX_POINT('',#7100);
#2604=VERTEX_POINT('',#7104);
#2605=VERTEX_POINT('',#7108);
#2606=VERTEX_POINT('',#7112);
#2607=VERTEX_POINT('',#7116);
#2608=VERTEX_POINT('',#7127);
#2609=VERTEX_POINT('',#7128);
#2610=VERTEX_POINT('',#7130);
#2611=VERTEX_POINT('',#7132);
#2612=VERTEX_POINT('',#7134);
#2613=VERTEX_POINT('',#7136);
#2614=VERTEX_POINT('',#7138);
#2615=VERTEX_POINT('',#7140);
#2616=VERTEX_POINT('',#7142);
#2617=VERTEX_POINT('',#7144);
#2618=VERTEX_POINT('',#7146);
#2619=VERTEX_POINT('',#7148);
#2620=VERTEX_POINT('',#7150);
#2621=VERTEX_POINT('',#7152);
#2622=VERTEX_POINT('',#7154);
#2623=VERTEX_POINT('',#7156);
#2624=VERTEX_POINT('',#7159);
#2625=VERTEX_POINT('',#7161);
#2626=VERTEX_POINT('',#7164);
#2627=VERTEX_POINT('',#7166);
#2628=VERTEX_POINT('',#7170);
#2629=VERTEX_POINT('',#7183);
#2630=VERTEX_POINT('',#7186);
#2631=VERTEX_POINT('',#7190);
#2632=VERTEX_POINT('',#7192);
#2633=VERTEX_POINT('',#7196);
#2634=VERTEX_POINT('',#7198);
#2635=VERTEX_POINT('',#7202);
#2636=VERTEX_POINT('',#7206);
#2637=VERTEX_POINT('',#7210);
#2638=VERTEX_POINT('',#7214);
#2639=VERTEX_POINT('',#7218);
#2640=VERTEX_POINT('',#7222);
#2641=VERTEX_POINT('',#7226);
#2642=VERTEX_POINT('',#7230);
#2643=VERTEX_POINT('',#7234);
#2644=VERTEX_POINT('',#7238);
#2645=VERTEX_POINT('',#7242);
#2646=VERTEX_POINT('',#7246);
#2647=VERTEX_POINT('',#7250);
#2648=VERTEX_POINT('',#7254);
#2649=VERTEX_POINT('',#7258);
#2650=VERTEX_POINT('',#7262);
#2651=VERTEX_POINT('',#7266);
#2652=VERTEX_POINT('',#7270);
#2653=VERTEX_POINT('',#7274);
#2654=VERTEX_POINT('',#7278);
#2655=VERTEX_POINT('',#7282);
#2656=VERTEX_POINT('',#7286);
#2657=VERTEX_POINT('',#7290);
#2658=VERTEX_POINT('',#7294);
#2659=VERTEX_POINT('',#7298);
#2660=VERTEX_POINT('',#7302);
#2661=VERTEX_POINT('',#7306);
#2662=VERTEX_POINT('',#7310);
#2663=VERTEX_POINT('',#7320);
#2664=VERTEX_POINT('',#7321);
#2665=VERTEX_POINT('',#7323);
#2666=VERTEX_POINT('',#7325);
#2667=VERTEX_POINT('',#7329);
#2668=VERTEX_POINT('',#7331);
#2669=VERTEX_POINT('',#7335);
#2670=VERTEX_POINT('',#7337);
#2671=VERTEX_POINT('',#7341);
#2672=VERTEX_POINT('',#7343);
#2673=VERTEX_POINT('',#7347);
#2674=VERTEX_POINT('',#7349);
#2675=VERTEX_POINT('',#7353);
#2676=VERTEX_POINT('',#7355);
#2677=VERTEX_POINT('',#7359);
#2678=VERTEX_POINT('',#7361);
#2679=VERTEX_POINT('',#7365);
#2680=VERTEX_POINT('',#7367);
#2681=VERTEX_POINT('',#7373);
#2682=VERTEX_POINT('',#7375);
#2683=LINE('',#6115,#3039);
#2684=LINE('',#6120,#3040);
#2685=LINE('',#6128,#3041);
#2686=LINE('',#6132,#3042);
#2687=LINE('',#6139,#3043);
#2688=LINE('',#6144,#3044);
#2689=LINE('',#6152,#3045);
#2690=LINE('',#6156,#3046);
#2691=LINE('',#6167,#3047);
#2692=LINE('',#6175,#3048);
#2693=LINE('',#6179,#3049);
#2694=LINE('',#6183,#3050);
#2695=LINE('',#6191,#3051);
#2696=LINE('',#6195,#3052);
#2697=LINE('',#6204,#3053);
#2698=LINE('',#6209,#3054);
#2699=LINE('',#6215,#3055);
#2700=LINE('',#6221,#3056);
#2701=LINE('',#6225,#3057);
#2702=LINE('',#6229,#3058);
#2703=LINE('',#6235,#3059);
#2704=LINE('',#6241,#3060);
#2705=LINE('',#6248,#3061);
#2706=LINE('',#6252,#3062);
#2707=LINE('',#6256,#3063);
#2708=LINE('',#6258,#3064);
#2709=LINE('',#6260,#3065);
#2710=LINE('',#6262,#3066);
#2711=LINE('',#6266,#3067);
#2712=LINE('',#6270,#3068);
#2713=LINE('',#6272,#3069);
#2714=LINE('',#6274,#3070);
#2715=LINE('',#6278,#3071);
#2716=LINE('',#6284,#3072);
#2717=LINE('',#6290,#3073);
#2718=LINE('',#6294,#3074);
#2719=LINE('',#6296,#3075);
#2720=LINE('',#6298,#3076);
#2721=LINE('',#6302,#3077);
#2722=LINE('',#6306,#3078);
#2723=LINE('',#6308,#3079);
#2724=LINE('',#6310,#3080);
#2725=LINE('',#6315,#3081);
#2726=LINE('',#6320,#3082);
#2727=LINE('',#6322,#3083);
#2728=LINE('',#6327,#3084);
#2729=LINE('',#6331,#3085);
#2730=LINE('',#6333,#3086);
#2731=LINE('',#6335,#3087);
#2732=LINE('',#6340,#3088);
#2733=LINE('',#6345,#3089);
#2734=LINE('',#6347,#3090);
#2735=LINE('',#6349,#3091);
#2736=LINE('',#6351,#3092);
#2737=LINE('',#6355,#3093);
#2738=LINE('',#6359,#3094);
#2739=LINE('',#6363,#3095);
#2740=LINE('',#6365,#3096);
#2741=LINE('',#6367,#3097);
#2742=LINE('',#6371,#3098);
#2743=LINE('',#6375,#3099);
#2744=LINE('',#6377,#3100);
#2745=LINE('',#6379,#3101);
#2746=LINE('',#6383,#3102);
#2747=LINE('',#6389,#3103);
#2748=LINE('',#6395,#3104);
#2749=LINE('',#6399,#3105);
#2750=LINE('',#6401,#3106);
#2751=LINE('',#6403,#3107);
#2752=LINE('',#6407,#3108);
#2753=LINE('',#6409,#3109);
#2754=LINE('',#6411,#3110);
#2755=LINE('',#6415,#3111);
#2756=LINE('',#6419,#3112);
#2757=LINE('',#6423,#3113);
#2758=LINE('',#6425,#3114);
#2759=LINE('',#6427,#3115);
#2760=LINE('',#6431,#3116);
#2761=LINE('',#6433,#3117);
#2762=LINE('',#6435,#3118);
#2763=LINE('',#6439,#3119);
#2764=LINE('',#6443,#3120);
#2765=LINE('',#6445,#3121);
#2766=LINE('',#6448,#3122);
#2767=LINE('',#6449,#3123);
#2768=LINE('',#6453,#3124);
#2769=LINE('',#6455,#3125);
#2770=LINE('',#6457,#3126);
#2771=LINE('',#6461,#3127);
#2772=LINE('',#6465,#3128);
#2773=LINE('',#6467,#3129);
#2774=LINE('',#6469,#3130);
#2775=LINE('',#6473,#3131);
#2776=LINE('',#6477,#3132);
#2777=LINE('',#6479,#3133);
#2778=LINE('',#6481,#3134);
#2779=LINE('',#6485,#3135);
#2780=LINE('',#6487,#3136);
#2781=LINE('',#6489,#3137);
#2782=LINE('',#6493,#3138);
#2783=LINE('',#6495,#3139);
#2784=LINE('',#6497,#3140);
#2785=LINE('',#6501,#3141);
#2786=LINE('',#6505,#3142);
#2787=LINE('',#6507,#3143);
#2788=LINE('',#6509,#3144);
#2789=LINE('',#6513,#3145);
#2790=LINE('',#6517,#3146);
#2791=LINE('',#6519,#3147);
#2792=LINE('',#6521,#3148);
#2793=LINE('',#6523,#3149);
#2794=LINE('',#6524,#3150);
#2795=LINE('',#6542,#3151);
#2796=LINE('',#6543,#3152);
#2797=LINE('',#6545,#3153);
#2798=LINE('',#6554,#3154);
#2799=LINE('',#6558,#3155);
#2800=LINE('',#6566,#3156);
#2801=LINE('',#6572,#3157);
#2802=LINE('',#6576,#3158);
#2803=LINE('',#6584,#3159);
#2804=LINE('',#6588,#3160);
#2805=LINE('',#6592,#3161);
#2806=LINE('',#6600,#3162);
#2807=LINE('',#6605,#3163);
#2808=LINE('',#6609,#3164);
#2809=LINE('',#6610,#3165);
#2810=LINE('',#6611,#3166);
#2811=LINE('',#6616,#3167);
#2812=LINE('',#6620,#3168);
#2813=LINE('',#6622,#3169);
#2814=LINE('',#6625,#3170);
#2815=LINE('',#6628,#3171);
#2816=LINE('',#6629,#3172);
#2817=LINE('',#6631,#3173);
#2818=LINE('',#6633,#3174);
#2819=LINE('',#6636,#3175);
#2820=LINE('',#6640,#3176);
#2821=LINE('',#6642,#3177);
#2822=LINE('',#6646,#3178);
#2823=LINE('',#6648,#3179);
#2824=LINE('',#6650,#3180);
#2825=LINE('',#6652,#3181);
#2826=LINE('',#6654,#3182);
#2827=LINE('',#6658,#3183);
#2828=LINE('',#6660,#3184);
#2829=LINE('',#6666,#3185);
#2830=LINE('',#6668,#3186);
#2831=LINE('',#6674,#3187);
#2832=LINE('',#6676,#3188);
#2833=LINE('',#6680,#3189);
#2834=LINE('',#6682,#3190);
#2835=LINE('',#6684,#3191);
#2836=LINE('',#6686,#3192);
#2837=LINE('',#6690,#3193);
#2838=LINE('',#6692,#3194);
#2839=LINE('',#6696,#3195);
#2840=LINE('',#6698,#3196);
#2841=LINE('',#6700,#3197);
#2842=LINE('',#6702,#3198);
#2843=LINE('',#6706,#3199);
#2844=LINE('',#6708,#3200);
#2845=LINE('',#6712,#3201);
#2846=LINE('',#6714,#3202);
#2847=LINE('',#6716,#3203);
#2848=LINE('',#6718,#3204);
#2849=LINE('',#6722,#3205);
#2850=LINE('',#6724,#3206);
#2851=LINE('',#6730,#3207);
#2852=LINE('',#6732,#3208);
#2853=LINE('',#6738,#3209);
#2854=LINE('',#6740,#3210);
#2855=LINE('',#6744,#3211);
#2856=LINE('',#6746,#3212);
#2857=LINE('',#6748,#3213);
#2858=LINE('',#6750,#3214);
#2859=LINE('',#6754,#3215);
#2860=LINE('',#6756,#3216);
#2861=LINE('',#6760,#3217);
#2862=LINE('',#6761,#3218);
#2863=LINE('',#6765,#3219);
#2864=LINE('',#6767,#3220);
#2865=LINE('',#6769,#3221);
#2866=LINE('',#6771,#3222);
#2867=LINE('',#6773,#3223);
#2868=LINE('',#6775,#3224);
#2869=LINE('',#6777,#3225);
#2870=LINE('',#6783,#3226);
#2871=LINE('',#6785,#3227);
#2872=LINE('',#6791,#3228);
#2873=LINE('',#6793,#3229);
#2874=LINE('',#6799,#3230);
#2875=LINE('',#6801,#3231);
#2876=LINE('',#6803,#3232);
#2877=LINE('',#6805,#3233);
#2878=LINE('',#6807,#3234);
#2879=LINE('',#6809,#3235);
#2880=LINE('',#6815,#3236);
#2881=LINE('',#6817,#3237);
#2882=LINE('',#6819,#3238);
#2883=LINE('',#6821,#3239);
#2884=LINE('',#6823,#3240);
#2885=LINE('',#6825,#3241);
#2886=LINE('',#6831,#3242);
#2887=LINE('',#6833,#3243);
#2888=LINE('',#6839,#3244);
#2889=LINE('',#6841,#3245);
#2890=LINE('',#6847,#3246);
#2891=LINE('',#6849,#3247);
#2892=LINE('',#6851,#3248);
#2893=LINE('',#6853,#3249);
#2894=LINE('',#6855,#3250);
#2895=LINE('',#6866,#3251);
#2896=LINE('',#6874,#3252);
#2897=LINE('',#6878,#3253);
#2898=LINE('',#6882,#3254);
#2899=LINE('',#6890,#3255);
#2900=LINE('',#6894,#3256);
#2901=LINE('',#6898,#3257);
#2902=LINE('',#6902,#3258);
#2903=LINE('',#6906,#3259);
#2904=LINE('',#6910,#3260);
#2905=LINE('',#6917,#3261);
#2906=LINE('',#6926,#3262);
#2907=LINE('',#6930,#3263);
#2908=LINE('',#6938,#3264);
#2909=LINE('',#6945,#3265);
#2910=LINE('',#6953,#3266);
#2911=LINE('',#6957,#3267);
#2912=LINE('',#6965,#3268);
#2913=LINE('',#6970,#3269);
#2914=LINE('',#6971,#3270);
#2915=LINE('',#6975,#3271);
#2916=LINE('',#6976,#3272);
#2917=LINE('',#6980,#3273);
#2918=LINE('',#6986,#3274);
#2919=LINE('',#6988,#3275);
#2920=LINE('',#6990,#3276);
#2921=LINE('',#6994,#3277);
#2922=LINE('',#6996,#3278);
#2923=LINE('',#6998,#3279);
#2924=LINE('',#7000,#3280);
#2925=LINE('',#7002,#3281);
#2926=LINE('',#7006,#3282);
#2927=LINE('',#7010,#3283);
#2928=LINE('',#7012,#3284);
#2929=LINE('',#7014,#3285);
#2930=LINE('',#7018,#3286);
#2931=LINE('',#7022,#3287);
#2932=LINE('',#7024,#3288);
#2933=LINE('',#7025,#3289);
#2934=LINE('',#7027,#3290);
#2935=LINE('',#7031,#3291);
#2936=LINE('',#7038,#3292);
#2937=LINE('',#7040,#3293);
#2938=LINE('',#7042,#3294);
#2939=LINE('',#7046,#3295);
#2940=LINE('',#7048,#3296);
#2941=LINE('',#7050,#3297);
#2942=LINE('',#7052,#3298);
#2943=LINE('',#7054,#3299);
#2944=LINE('',#7058,#3300);
#2945=LINE('',#7062,#3301);
#2946=LINE('',#7064,#3302);
#2947=LINE('',#7066,#3303);
#2948=LINE('',#7070,#3304);
#2949=LINE('',#7074,#3305);
#2950=LINE('',#7076,#3306);
#2951=LINE('',#7077,#3307);
#2952=LINE('',#7079,#3308);
#2953=LINE('',#7083,#3309);
#2954=LINE('',#7085,#3310);
#2955=LINE('',#7087,#3311);
#2956=LINE('',#7092,#3312);
#2957=LINE('',#7093,#3313);
#2958=LINE('',#7095,#3314);
#2959=LINE('',#7097,#3315);
#2960=LINE('',#7101,#3316);
#2961=LINE('',#7103,#3317);
#2962=LINE('',#7105,#3318);
#2963=LINE('',#7109,#3319);
#2964=LINE('',#7111,#3320);
#2965=LINE('',#7113,#3321);
#2966=LINE('',#7117,#3322);
#2967=LINE('',#7121,#3323);
#2968=LINE('',#7123,#3324);
#2969=LINE('',#7129,#3325);
#2970=LINE('',#7133,#3326);
#2971=LINE('',#7141,#3327);
#2972=LINE('',#7145,#3328);
#2973=LINE('',#7149,#3329);
#2974=LINE('',#7157,#3330);
#2975=LINE('',#7172,#3331);
#2976=LINE('',#7174,#3332);
#2977=LINE('',#7177,#3333);
#2978=LINE('',#7179,#3334);
#2979=LINE('',#7189,#3335);
#2980=LINE('',#7193,#3336);
#2981=LINE('',#7195,#3337);
#2982=LINE('',#7199,#3338);
#2983=LINE('',#7201,#3339);
#2984=LINE('',#7203,#3340);
#2985=LINE('',#7205,#3341);
#2986=LINE('',#7207,#3342);
#2987=LINE('',#7211,#3343);
#2988=LINE('',#7213,#3344);
#2989=LINE('',#7219,#3345);
#2990=LINE('',#7221,#3346);
#2991=LINE('',#7227,#3347);
#2992=LINE('',#7229,#3348);
#2993=LINE('',#7233,#3349);
#2994=LINE('',#7235,#3350);
#2995=LINE('',#7237,#3351);
#2996=LINE('',#7239,#3352);
#2997=LINE('',#7243,#3353);
#2998=LINE('',#7245,#3354);
#2999=LINE('',#7249,#3355);
#3000=LINE('',#7251,#3356);
#3001=LINE('',#7253,#3357);
#3002=LINE('',#7255,#3358);
#3003=LINE('',#7259,#3359);
#3004=LINE('',#7261,#3360);
#3005=LINE('',#7265,#3361);
#3006=LINE('',#7267,#3362);
#3007=LINE('',#7269,#3363);
#3008=LINE('',#7271,#3364);
#3009=LINE('',#7275,#3365);
#3010=LINE('',#7277,#3366);
#3011=LINE('',#7283,#3367);
#3012=LINE('',#7285,#3368);
#3013=LINE('',#7291,#3369);
#3014=LINE('',#7293,#3370);
#3015=LINE('',#7297,#3371);
#3016=LINE('',#7299,#3372);
#3017=LINE('',#7301,#3373);
#3018=LINE('',#7303,#3374);
#3019=LINE('',#7307,#3375);
#3020=LINE('',#7309,#3376);
#3021=LINE('',#7313,#3377);
#3022=LINE('',#7314,#3378);
#3023=LINE('',#7322,#3379);
#3024=LINE('',#7326,#3380);
#3025=LINE('',#7328,#3381);
#3026=LINE('',#7330,#3382);
#3027=LINE('',#7332,#3383);
#3028=LINE('',#7336,#3384);
#3029=LINE('',#7340,#3385);
#3030=LINE('',#7342,#3386);
#3031=LINE('',#7344,#3387);
#3032=LINE('',#7348,#3388);
#3033=LINE('',#7352,#3389);
#3034=LINE('',#7354,#3390);
#3035=LINE('',#7356,#3391);
#3036=LINE('',#7360,#3392);
#3037=LINE('',#7369,#3393);
#3038=LINE('',#7370,#3394);
#3039=VECTOR('',#4781,1.);
#3040=VECTOR('',#4784,1.);
#3041=VECTOR('',#4791,1.);
#3042=VECTOR('',#4794,1.);
#3043=VECTOR('',#4801,1.);
#3044=VECTOR('',#4804,1.);
#3045=VECTOR('',#4811,1.);
#3046=VECTOR('',#4814,1.);
#3047=VECTOR('',#4825,1.);
#3048=VECTOR('',#4832,1.);
#3049=VECTOR('',#4835,1.);
#3050=VECTOR('',#4838,1.);
#3051=VECTOR('',#4845,1.);
#3052=VECTOR('',#4848,1.);
#3053=VECTOR('',#4857,1.);
#3054=VECTOR('',#4860,1.);
#3055=VECTOR('',#4865,1.);
#3056=VECTOR('',#4870,1.);
#3057=VECTOR('',#4873,1.);
#3058=VECTOR('',#4876,1.);
#3059=VECTOR('',#4881,1.);
#3060=VECTOR('',#4886,1.);
#3061=VECTOR('',#4893,1.);
#3062=VECTOR('',#4896,1.);
#3063=VECTOR('',#4899,1.);
#3064=VECTOR('',#4902,1.);
#3065=VECTOR('',#4903,1.);
#3066=VECTOR('',#4904,1.);
#3067=VECTOR('',#4909,1.);
#3068=VECTOR('',#4914,1.);
#3069=VECTOR('',#4915,1.);
#3070=VECTOR('',#4916,1.);
#3071=VECTOR('',#4921,1.);
#3072=VECTOR('',#4928,1.);
#3073=VECTOR('',#4935,1.);
#3074=VECTOR('',#4940,1.);
#3075=VECTOR('',#4941,1.);
#3076=VECTOR('',#4942,1.);
#3077=VECTOR('',#4947,1.);
#3078=VECTOR('',#4952,1.);
#3079=VECTOR('',#4953,1.);
#3080=VECTOR('',#4954,1.);
#3081=VECTOR('',#4959,1.);
#3082=VECTOR('',#4964,1.);
#3083=VECTOR('',#4967,1.);
#3084=VECTOR('',#4970,1.);
#3085=VECTOR('',#4975,1.);
#3086=VECTOR('',#4976,1.);
#3087=VECTOR('',#4977,1.);
#3088=VECTOR('',#4982,1.);
#3089=VECTOR('',#4987,1.);
#3090=VECTOR('',#4990,1.);
#3091=VECTOR('',#4991,1.);
#3092=VECTOR('',#4992,1.);
#3093=VECTOR('',#4997,1.);
#3094=VECTOR('',#5000,1.);
#3095=VECTOR('',#5005,1.);
#3096=VECTOR('',#5006,1.);
#3097=VECTOR('',#5007,1.);
#3098=VECTOR('',#5012,1.);
#3099=VECTOR('',#5017,1.);
#3100=VECTOR('',#5018,1.);
#3101=VECTOR('',#5019,1.);
#3102=VECTOR('',#5024,1.);
#3103=VECTOR('',#5031,1.);
#3104=VECTOR('',#5038,1.);
#3105=VECTOR('',#5043,1.);
#3106=VECTOR('',#5044,1.);
#3107=VECTOR('',#5045,1.);
#3108=VECTOR('',#5050,1.);
#3109=VECTOR('',#5053,1.);
#3110=VECTOR('',#5054,1.);
#3111=VECTOR('',#5059,1.);
#3112=VECTOR('',#5064,1.);
#3113=VECTOR('',#5069,1.);
#3114=VECTOR('',#5072,1.);
#3115=VECTOR('',#5073,1.);
#3116=VECTOR('',#5078,1.);
#3117=VECTOR('',#5081,1.);
#3118=VECTOR('',#5082,1.);
#3119=VECTOR('',#5087,1.);
#3120=VECTOR('',#5092,1.);
#3121=VECTOR('',#5095,1.);
#3122=VECTOR('',#5096,1.);
#3123=VECTOR('',#5097,1.);
#3124=VECTOR('',#5102,1.);
#3125=VECTOR('',#5105,1.);
#3126=VECTOR('',#5106,1.);
#3127=VECTOR('',#5111,1.);
#3128=VECTOR('',#5116,1.);
#3129=VECTOR('',#5119,1.);
#3130=VECTOR('',#5120,1.);
#3131=VECTOR('',#5125,1.);
#3132=VECTOR('',#5130,1.);
#3133=VECTOR('',#5133,1.);
#3134=VECTOR('',#5134,1.);
#3135=VECTOR('',#5139,1.);
#3136=VECTOR('',#5142,1.);
#3137=VECTOR('',#5143,1.);
#3138=VECTOR('',#5148,1.);
#3139=VECTOR('',#5151,1.);
#3140=VECTOR('',#5152,1.);
#3141=VECTOR('',#5157,1.);
#3142=VECTOR('',#5162,1.);
#3143=VECTOR('',#5165,1.);
#3144=VECTOR('',#5166,1.);
#3145=VECTOR('',#5171,1.);
#3146=VECTOR('',#5176,1.);
#3147=VECTOR('',#5179,1.);
#3148=VECTOR('',#5180,1.);
#3149=VECTOR('',#5183,1.);
#3150=VECTOR('',#5184,1.);
#3151=VECTOR('',#5211,1.);
#3152=VECTOR('',#5212,1.);
#3153=VECTOR('',#5215,1.);
#3154=VECTOR('',#5222,1.);
#3155=VECTOR('',#5225,1.);
#3156=VECTOR('',#5232,1.);
#3157=VECTOR('',#5237,1.);
#3158=VECTOR('',#5240,1.);
#3159=VECTOR('',#5247,1.);
#3160=VECTOR('',#5250,1.);
#3161=VECTOR('',#5253,1.);
#3162=VECTOR('',#5260,1.);
#3163=VECTOR('',#5265,1.);
#3164=VECTOR('',#5268,1.);
#3165=VECTOR('',#5269,1.);
#3166=VECTOR('',#5270,1.);
#3167=VECTOR('',#5275,1.);
#3168=VECTOR('',#5278,1.);
#3169=VECTOR('',#5281,1.);
#3170=VECTOR('',#5286,1.);
#3171=VECTOR('',#5291,1.);
#3172=VECTOR('',#5292,1.);
#3173=VECTOR('',#5295,1.);
#3174=VECTOR('',#5298,1.);
#3175=VECTOR('',#5303,1.);
#3176=VECTOR('',#5306,1.);
#3177=VECTOR('',#5309,1.);
#3178=VECTOR('',#5312,1.);
#3179=VECTOR('',#5315,1.);
#3180=VECTOR('',#5316,1.);
#3181=VECTOR('',#5319,1.);
#3182=VECTOR('',#5320,1.);
#3183=VECTOR('',#5325,1.);
#3184=VECTOR('',#5328,1.);
#3185=VECTOR('',#5335,1.);
#3186=VECTOR('',#5338,1.);
#3187=VECTOR('',#5345,1.);
#3188=VECTOR('',#5348,1.);
#3189=VECTOR('',#5353,1.);
#3190=VECTOR('',#5354,1.);
#3191=VECTOR('',#5357,1.);
#3192=VECTOR('',#5358,1.);
#3193=VECTOR('',#5363,1.);
#3194=VECTOR('',#5366,1.);
#3195=VECTOR('',#5371,1.);
#3196=VECTOR('',#5372,1.);
#3197=VECTOR('',#5375,1.);
#3198=VECTOR('',#5376,1.);
#3199=VECTOR('',#5381,1.);
#3200=VECTOR('',#5384,1.);
#3201=VECTOR('',#5389,1.);
#3202=VECTOR('',#5390,1.);
#3203=VECTOR('',#5393,1.);
#3204=VECTOR('',#5394,1.);
#3205=VECTOR('',#5399,1.);
#3206=VECTOR('',#5402,1.);
#3207=VECTOR('',#5409,1.);
#3208=VECTOR('',#5412,1.);
#3209=VECTOR('',#5419,1.);
#3210=VECTOR('',#5422,1.);
#3211=VECTOR('',#5427,1.);
#3212=VECTOR('',#5428,1.);
#3213=VECTOR('',#5431,1.);
#3214=VECTOR('',#5432,1.);
#3215=VECTOR('',#5437,1.);
#3216=VECTOR('',#5440,1.);
#3217=VECTOR('',#5445,1.);
#3218=VECTOR('',#5446,1.);
#3219=VECTOR('',#5453,1.);
#3220=VECTOR('',#5454,1.);
#3221=VECTOR('',#5455,1.);
#3222=VECTOR('',#5458,1.);
#3223=VECTOR('',#5459,1.);
#3224=VECTOR('',#5460,1.);
#3225=VECTOR('',#5463,1.);
#3226=VECTOR('',#5470,1.);
#3227=VECTOR('',#5473,1.);
#3228=VECTOR('',#5480,1.);
#3229=VECTOR('',#5483,1.);
#3230=VECTOR('',#5490,1.);
#3231=VECTOR('',#5493,1.);
#3232=VECTOR('',#5494,1.);
#3233=VECTOR('',#5497,1.);
#3234=VECTOR('',#5498,1.);
#3235=VECTOR('',#5501,1.);
#3236=VECTOR('',#5508,1.);
#3237=VECTOR('',#5511,1.);
#3238=VECTOR('',#5512,1.);
#3239=VECTOR('',#5515,1.);
#3240=VECTOR('',#5516,1.);
#3241=VECTOR('',#5519,1.);
#3242=VECTOR('',#5526,1.);
#3243=VECTOR('',#5529,1.);
#3244=VECTOR('',#5536,1.);
#3245=VECTOR('',#5539,1.);
#3246=VECTOR('',#5546,1.);
#3247=VECTOR('',#5549,1.);
#3248=VECTOR('',#5550,1.);
#3249=VECTOR('',#5553,1.);
#3250=VECTOR('',#5554,1.);
#3251=VECTOR('',#5571,1.);
#3252=VECTOR('',#5578,1.);
#3253=VECTOR('',#5581,1.);
#3254=VECTOR('',#5584,1.);
#3255=VECTOR('',#5591,1.);
#3256=VECTOR('',#5594,1.);
#3257=VECTOR('',#5597,1.);
#3258=VECTOR('',#5600,1.);
#3259=VECTOR('',#5603,1.);
#3260=VECTOR('',#5606,1.);
#3261=VECTOR('',#5615,1.);
#3262=VECTOR('',#5622,1.);
#3263=VECTOR('',#5625,1.);
#3264=VECTOR('',#5632,1.);
#3265=VECTOR('',#5639,1.);
#3266=VECTOR('',#5646,1.);
#3267=VECTOR('',#5649,1.);
#3268=VECTOR('',#5656,1.);
#3269=VECTOR('',#5661,1.);
#3270=VECTOR('',#5662,1.);
#3271=VECTOR('',#5667,1.);
#3272=VECTOR('',#5668,1.);
#3273=VECTOR('',#5671,1.);
#3274=VECTOR('',#5678,1.);
#3275=VECTOR('',#5681,1.);
#3276=VECTOR('',#5682,1.);
#3277=VECTOR('',#5687,1.);
#3278=VECTOR('',#5690,1.);
#3279=VECTOR('',#5691,1.);
#3280=VECTOR('',#5692,1.);
#3281=VECTOR('',#5693,1.);
#3282=VECTOR('',#5698,1.);
#3283=VECTOR('',#5703,1.);
#3284=VECTOR('',#5704,1.);
#3285=VECTOR('',#5705,1.);
#3286=VECTOR('',#5710,1.);
#3287=VECTOR('',#5715,1.);
#3288=VECTOR('',#5716,1.);
#3289=VECTOR('',#5717,1.);
#3290=VECTOR('',#5718,1.);
#3291=VECTOR('',#5723,1.);
#3292=VECTOR('',#5732,1.);
#3293=VECTOR('',#5735,1.);
#3294=VECTOR('',#5736,1.);
#3295=VECTOR('',#5741,1.);
#3296=VECTOR('',#5744,1.);
#3297=VECTOR('',#5745,1.);
#3298=VECTOR('',#5746,1.);
#3299=VECTOR('',#5747,1.);
#3300=VECTOR('',#5752,1.);
#3301=VECTOR('',#5757,1.);
#3302=VECTOR('',#5758,1.);
#3303=VECTOR('',#5759,1.);
#3304=VECTOR('',#5764,1.);
#3305=VECTOR('',#5769,1.);
#3306=VECTOR('',#5770,1.);
#3307=VECTOR('',#5771,1.);
#3308=VECTOR('',#5772,1.);
#3309=VECTOR('',#5777,1.);
#3310=VECTOR('',#5780,1.);
#3311=VECTOR('',#5781,1.);
#3312=VECTOR('',#5786,1.);
#3313=VECTOR('',#5787,1.);
#3314=VECTOR('',#5790,1.);
#3315=VECTOR('',#5791,1.);
#3316=VECTOR('',#5796,1.);
#3317=VECTOR('',#5799,1.);
#3318=VECTOR('',#5800,1.);
#3319=VECTOR('',#5805,1.);
#3320=VECTOR('',#5808,1.);
#3321=VECTOR('',#5809,1.);
#3322=VECTOR('',#5814,1.);
#3323=VECTOR('',#5821,1.);
#3324=VECTOR('',#5824,1.);
#3325=VECTOR('',#5831,1.);
#3326=VECTOR('',#5834,1.);
#3327=VECTOR('',#5841,1.);
#3328=VECTOR('',#5844,1.);
#3329=VECTOR('',#5847,1.);
#3330=VECTOR('',#5854,1.);
#3331=VECTOR('',#5873,1.);
#3332=VECTOR('',#5876,1.);
#3333=VECTOR('',#5881,1.);
#3334=VECTOR('',#5884,1.);
#3335=VECTOR('',#5899,1.);
#3336=VECTOR('',#5902,1.);
#3337=VECTOR('',#5905,1.);
#3338=VECTOR('',#5908,1.);
#3339=VECTOR('',#5911,1.);
#3340=VECTOR('',#5912,1.);
#3341=VECTOR('',#5915,1.);
#3342=VECTOR('',#5916,1.);
#3343=VECTOR('',#5921,1.);
#3344=VECTOR('',#5924,1.);
#3345=VECTOR('',#5931,1.);
#3346=VECTOR('',#5934,1.);
#3347=VECTOR('',#5941,1.);
#3348=VECTOR('',#5944,1.);
#3349=VECTOR('',#5949,1.);
#3350=VECTOR('',#5950,1.);
#3351=VECTOR('',#5953,1.);
#3352=VECTOR('',#5954,1.);
#3353=VECTOR('',#5959,1.);
#3354=VECTOR('',#5962,1.);
#3355=VECTOR('',#5967,1.);
#3356=VECTOR('',#5968,1.);
#3357=VECTOR('',#5971,1.);
#3358=VECTOR('',#5972,1.);
#3359=VECTOR('',#5977,1.);
#3360=VECTOR('',#5980,1.);
#3361=VECTOR('',#5985,1.);
#3362=VECTOR('',#5986,1.);
#3363=VECTOR('',#5989,1.);
#3364=VECTOR('',#5990,1.);
#3365=VECTOR('',#5995,1.);
#3366=VECTOR('',#5998,1.);
#3367=VECTOR('',#6005,1.);
#3368=VECTOR('',#6008,1.);
#3369=VECTOR('',#6015,1.);
#3370=VECTOR('',#6018,1.);
#3371=VECTOR('',#6023,1.);
#3372=VECTOR('',#6024,1.);
#3373=VECTOR('',#6027,1.);
#3374=VECTOR('',#6028,1.);
#3375=VECTOR('',#6033,1.);
#3376=VECTOR('',#6036,1.);
#3377=VECTOR('',#6041,1.);
#3378=VECTOR('',#6042,1.);
#3379=VECTOR('',#6053,1.);
#3380=VECTOR('',#6056,1.);
#3381=VECTOR('',#6059,1.);
#3382=VECTOR('',#6060,1.);
#3383=VECTOR('',#6061,1.);
#3384=VECTOR('',#6066,1.);
#3385=VECTOR('',#6071,1.);
#3386=VECTOR('',#6072,1.);
#3387=VECTOR('',#6073,1.);
#3388=VECTOR('',#6078,1.);
#3389=VECTOR('',#6083,1.);
#3390=VECTOR('',#6084,1.);
#3391=VECTOR('',#6085,1.);
#3392=VECTOR('',#6090,1.);
#3393=VECTOR('',#6101,1.);
#3394=VECTOR('',#6102,1.);
#3395=EDGE_LOOP('',(#407,#408,#409,#410,#411,#412,#413,#414,#415,#416,#417,
#418));
#3396=EDGE_LOOP('',(#419,#420,#421,#422,#423,#424,#425,#426,#427,#428,#429,
#430));
#3397=EDGE_LOOP('',(#431,#432,#433,#434,#435,#436,#437,#438,#439,#440,#441,
#442,#443,#444,#445,#446));
#3398=EDGE_LOOP('',(#447));
#3399=EDGE_LOOP('',(#448));
#3400=EDGE_LOOP('',(#449));
#3401=EDGE_LOOP('',(#450));
#3402=EDGE_LOOP('',(#451,#452,#453,#454,#455,#456,#457,#458,#459,#460,#461,
#462,#463,#464,#465,#466,#467,#468,#469,#470));
#3403=EDGE_LOOP('',(#471,#472,#473,#474,#475,#476));
#3404=EDGE_LOOP('',(#477,#478,#479,#480));
#3405=EDGE_LOOP('',(#481,#482,#483,#484));
#3406=EDGE_LOOP('',(#485,#486,#487,#488));
#3407=EDGE_LOOP('',(#489,#490,#491,#492));
#3408=EDGE_LOOP('',(#493,#494,#495,#496));
#3409=EDGE_LOOP('',(#497,#498,#499,#500));
#3410=EDGE_LOOP('',(#501,#502,#503,#504));
#3411=EDGE_LOOP('',(#505,#506,#507,#508));
#3412=EDGE_LOOP('',(#509,#510,#511,#512));
#3413=EDGE_LOOP('',(#513,#514,#515,#516,#517,#518));
#3414=EDGE_LOOP('',(#519,#520,#521,#522));
#3415=EDGE_LOOP('',(#523,#524,#525,#526));
#3416=EDGE_LOOP('',(#527,#528,#529,#530,#531,#532));
#3417=EDGE_LOOP('',(#533,#534,#535,#536));
#3418=EDGE_LOOP('',(#537,#538,#539,#540,#541,#542));
#3419=EDGE_LOOP('',(#543,#544,#545,#546));
#3420=EDGE_LOOP('',(#547,#548,#549,#550));
#3421=EDGE_LOOP('',(#551,#552,#553,#554));
#3422=EDGE_LOOP('',(#555,#556,#557,#558));
#3423=EDGE_LOOP('',(#559,#560,#561,#562));
#3424=EDGE_LOOP('',(#563,#564,#565,#566));
#3425=EDGE_LOOP('',(#567,#568,#569,#570));
#3426=EDGE_LOOP('',(#571,#572,#573,#574));
#3427=EDGE_LOOP('',(#575,#576,#577,#578));
#3428=EDGE_LOOP('',(#579,#580,#581,#582));
#3429=EDGE_LOOP('',(#583,#584,#585,#586));
#3430=EDGE_LOOP('',(#587,#588,#589,#590));
#3431=EDGE_LOOP('',(#591,#592,#593,#594));
#3432=EDGE_LOOP('',(#595,#596,#597,#598));
#3433=EDGE_LOOP('',(#599,#600,#601,#602));
#3434=EDGE_LOOP('',(#603,#604,#605,#606));
#3435=EDGE_LOOP('',(#607,#608,#609,#610));
#3436=EDGE_LOOP('',(#611,#612,#613,#614));
#3437=EDGE_LOOP('',(#615,#616,#617,#618));
#3438=EDGE_LOOP('',(#619,#620,#621,#622));
#3439=EDGE_LOOP('',(#623,#624,#625,#626));
#3440=EDGE_LOOP('',(#627,#628,#629,#630));
#3441=EDGE_LOOP('',(#631,#632,#633,#634));
#3442=EDGE_LOOP('',(#635,#636,#637,#638));
#3443=EDGE_LOOP('',(#639,#640,#641,#642));
#3444=EDGE_LOOP('',(#643,#644,#645,#646));
#3445=EDGE_LOOP('',(#647,#648,#649,#650));
#3446=EDGE_LOOP('',(#651,#652,#653,#654));
#3447=EDGE_LOOP('',(#655,#656,#657,#658));
#3448=EDGE_LOOP('',(#659,#660,#661,#662));
#3449=EDGE_LOOP('',(#663,#664,#665,#666));
#3450=EDGE_LOOP('',(#667,#668,#669,#670));
#3451=EDGE_LOOP('',(#671,#672,#673,#674));
#3452=EDGE_LOOP('',(#675,#676,#677,#678));
#3453=EDGE_LOOP('',(#679,#680,#681,#682));
#3454=EDGE_LOOP('',(#683,#684,#685,#686));
#3455=EDGE_LOOP('',(#687,#688,#689,#690));
#3456=EDGE_LOOP('',(#691,#692,#693,#694));
#3457=EDGE_LOOP('',(#695));
#3458=EDGE_LOOP('',(#696));
#3459=EDGE_LOOP('',(#697));
#3460=EDGE_LOOP('',(#698));
#3461=EDGE_LOOP('',(#699));
#3462=EDGE_LOOP('',(#700));
#3463=EDGE_LOOP('',(#701));
#3464=EDGE_LOOP('',(#702));
#3465=EDGE_LOOP('',(#703,#704,#705,#706));
#3466=EDGE_LOOP('',(#707,#708,#709,#710));
#3467=EDGE_LOOP('',(#711,#712,#713,#714,#715,#716,#717,#718,#719,#720,#721,
#722));
#3468=EDGE_LOOP('',(#723,#724,#725,#726,#727,#728,#729,#730,#731,#732,#733,
#734,#735,#736,#737,#738));
#3469=EDGE_LOOP('',(#739,#740,#741,#742,#743,#744,#745,#746,#747,#748,#749,
#750));
#3470=EDGE_LOOP('',(#751,#752,#753,#754,#755,#756,#757,#758,#759,#760,#761,
#762));
#3471=EDGE_LOOP('',(#763,#764,#765,#766));
#3472=EDGE_LOOP('',(#767,#768,#769,#770));
#3473=EDGE_LOOP('',(#771,#772,#773,#774));
#3474=EDGE_LOOP('',(#775,#776,#777,#778,#779,#780,#781,#782,#783,#784,#785,
#786,#787,#788,#789,#790,#791,#792,#793,#794));
#3475=EDGE_LOOP('',(#795));
#3476=EDGE_LOOP('',(#796));
#3477=EDGE_LOOP('',(#797));
#3478=EDGE_LOOP('',(#798));
#3479=EDGE_LOOP('',(#799,#800,#801,#802));
#3480=EDGE_LOOP('',(#803,#804,#805,#806,#807,#808,#809,#810,#811,#812,#813,
#814));
#3481=EDGE_LOOP('',(#815,#816,#817,#818));
#3482=EDGE_LOOP('',(#819,#820,#821,#822,#823,#824,#825,#826,#827,#828,#829,
#830));
#3483=EDGE_LOOP('',(#831,#832,#833,#834));
#3484=EDGE_LOOP('',(#835,#836,#837,#838,#839,#840,#841,#842,#843,#844,#845,
#846));
#3485=EDGE_LOOP('',(#847,#848,#849,#850));
#3486=EDGE_LOOP('',(#851,#852,#853,#854));
#3487=EDGE_LOOP('',(#855,#856,#857,#858));
#3488=EDGE_LOOP('',(#859,#860,#861,#862));
#3489=EDGE_LOOP('',(#863,#864,#865,#866));
#3490=EDGE_LOOP('',(#867,#868,#869,#870));
#3491=EDGE_LOOP('',(#871,#872,#873,#874));
#3492=EDGE_LOOP('',(#875,#876,#877,#878));
#3493=EDGE_LOOP('',(#879,#880,#881,#882));
#3494=EDGE_LOOP('',(#883,#884,#885,#886));
#3495=EDGE_LOOP('',(#887,#888,#889,#890));
#3496=EDGE_LOOP('',(#891,#892,#893,#894));
#3497=EDGE_LOOP('',(#895,#896,#897,#898));
#3498=EDGE_LOOP('',(#899,#900,#901,#902));
#3499=EDGE_LOOP('',(#903,#904,#905,#906));
#3500=EDGE_LOOP('',(#907,#908,#909,#910));
#3501=EDGE_LOOP('',(#911,#912,#913,#914));
#3502=EDGE_LOOP('',(#915,#916,#917,#918));
#3503=EDGE_LOOP('',(#919,#920,#921,#922));
#3504=EDGE_LOOP('',(#923,#924,#925,#926));
#3505=EDGE_LOOP('',(#927,#928,#929,#930));
#3506=EDGE_LOOP('',(#931,#932,#933,#934));
#3507=EDGE_LOOP('',(#935,#936,#937,#938));
#3508=EDGE_LOOP('',(#939,#940,#941,#942));
#3509=EDGE_LOOP('',(#943,#944,#945,#946));
#3510=EDGE_LOOP('',(#947,#948,#949,#950));
#3511=EDGE_LOOP('',(#951,#952,#953,#954));
#3512=EDGE_LOOP('',(#955,#956,#957,#958));
#3513=EDGE_LOOP('',(#959,#960,#961,#962));
#3514=EDGE_LOOP('',(#963,#964,#965,#966));
#3515=EDGE_LOOP('',(#967,#968,#969,#970));
#3516=EDGE_LOOP('',(#971,#972,#973,#974));
#3517=EDGE_LOOP('',(#975,#976,#977,#978));
#3518=EDGE_LOOP('',(#979,#980,#981,#982));
#3519=EDGE_LOOP('',(#983,#984,#985,#986,#987,#988,#989,#990,#991,#992,#993,
#994,#995,#996,#997,#998));
#3520=EDGE_LOOP('',(#999,#1000,#1001,#1002,#1003,#1004,#1005,#1006,#1007,
#1008,#1009,#1010,#1011,#1012,#1013,#1014));
#3521=EDGE_LOOP('',(#1015,#1016,#1017,#1018));
#3522=EDGE_LOOP('',(#1019,#1020,#1021,#1022));
#3523=EDGE_LOOP('',(#1023,#1024,#1025,#1026));
#3524=EDGE_LOOP('',(#1027,#1028,#1029,#1030));
#3525=EDGE_LOOP('',(#1031,#1032,#1033,#1034));
#3526=EDGE_LOOP('',(#1035,#1036,#1037,#1038));
#3527=EDGE_LOOP('',(#1039,#1040,#1041,#1042));
#3528=EDGE_LOOP('',(#1043,#1044,#1045,#1046));
#3529=EDGE_LOOP('',(#1047,#1048,#1049,#1050));
#3530=EDGE_LOOP('',(#1051,#1052,#1053,#1054));
#3531=EDGE_LOOP('',(#1055,#1056,#1057,#1058));
#3532=EDGE_LOOP('',(#1059,#1060,#1061,#1062));
#3533=EDGE_LOOP('',(#1063,#1064,#1065,#1066));
#3534=EDGE_LOOP('',(#1067,#1068,#1069,#1070));
#3535=EDGE_LOOP('',(#1071,#1072,#1073,#1074));
#3536=EDGE_LOOP('',(#1075,#1076,#1077,#1078));
#3537=EDGE_LOOP('',(#1079,#1080,#1081,#1082));
#3538=EDGE_LOOP('',(#1083,#1084,#1085,#1086));
#3539=EDGE_LOOP('',(#1087,#1088,#1089,#1090));
#3540=EDGE_LOOP('',(#1091,#1092,#1093,#1094));
#3541=EDGE_LOOP('',(#1095,#1096,#1097,#1098));
#3542=EDGE_LOOP('',(#1099,#1100,#1101,#1102));
#3543=EDGE_LOOP('',(#1103,#1104,#1105,#1106));
#3544=EDGE_LOOP('',(#1107,#1108,#1109,#1110));
#3545=EDGE_LOOP('',(#1111,#1112,#1113,#1114));
#3546=EDGE_LOOP('',(#1115,#1116,#1117,#1118,#1119,#1120,#1121,#1122,#1123,
#1124,#1125,#1126));
#3547=EDGE_LOOP('',(#1127,#1128,#1129,#1130,#1131,#1132,#1133,#1134,#1135,
#1136,#1137,#1138));
#3548=EDGE_LOOP('',(#1139,#1140,#1141,#1142));
#3549=EDGE_LOOP('',(#1143,#1144,#1145,#1146,#1147,#1148,#1149,#1150,#1151,
#1152,#1153,#1154,#1155,#1156,#1157,#1158));
#3550=EDGE_LOOP('',(#1159,#1160,#1161,#1162,#1163,#1164,#1165,#1166));
#3551=EDGE_LOOP('',(#1167));
#3552=EDGE_LOOP('',(#1168));
#3553=EDGE_LOOP('',(#1169,#1170,#1171,#1172,#1173,#1174,#1175,#1176,#1177,
#1178,#1179,#1180));
#3554=EDGE_LOOP('',(#1181,#1182,#1183,#1184,#1185,#1186,#1187,#1188,#1189,
#1190,#1191,#1192));
#3555=EDGE_LOOP('',(#1193,#1194,#1195,#1196));
#3556=EDGE_LOOP('',(#1197,#1198,#1199,#1200,#1201,#1202,#1203,#1204));
#3557=EDGE_LOOP('',(#1205));
#3558=EDGE_LOOP('',(#1206,#1207,#1208,#1209));
#3559=EDGE_LOOP('',(#1210,#1211,#1212,#1213));
#3560=EDGE_LOOP('',(#1214,#1215,#1216,#1217));
#3561=EDGE_LOOP('',(#1218,#1219,#1220,#1221,#1222,#1223));
#3562=EDGE_LOOP('',(#1224,#1225,#1226,#1227));
#3563=EDGE_LOOP('',(#1228,#1229,#1230,#1231));
#3564=EDGE_LOOP('',(#1232,#1233,#1234,#1235));
#3565=EDGE_LOOP('',(#1236,#1237,#1238,#1239,#1240,#1241));
#3566=EDGE_LOOP('',(#1242,#1243,#1244,#1245));
#3567=EDGE_LOOP('',(#1246));
#3568=EDGE_LOOP('',(#1247));
#3569=EDGE_LOOP('',(#1248,#1249,#1250,#1251));
#3570=EDGE_LOOP('',(#1252,#1253,#1254,#1255));
#3571=EDGE_LOOP('',(#1256,#1257,#1258,#1259));
#3572=EDGE_LOOP('',(#1260,#1261,#1262,#1263,#1264,#1265));
#3573=EDGE_LOOP('',(#1266,#1267,#1268,#1269));
#3574=EDGE_LOOP('',(#1270,#1271,#1272,#1273));
#3575=EDGE_LOOP('',(#1274,#1275,#1276,#1277));
#3576=EDGE_LOOP('',(#1278,#1279,#1280,#1281,#1282,#1283));
#3577=EDGE_LOOP('',(#1284,#1285,#1286,#1287));
#3578=EDGE_LOOP('',(#1288,#1289,#1290,#1291));
#3579=EDGE_LOOP('',(#1292,#1293,#1294,#1295));
#3580=EDGE_LOOP('',(#1296,#1297,#1298,#1299));
#3581=EDGE_LOOP('',(#1300,#1301,#1302,#1303));
#3582=EDGE_LOOP('',(#1304,#1305,#1306,#1307));
#3583=EDGE_LOOP('',(#1308,#1309,#1310,#1311));
#3584=EDGE_LOOP('',(#1312,#1313,#1314,#1315));
#3585=EDGE_LOOP('',(#1316,#1317,#1318,#1319));
#3586=EDGE_LOOP('',(#1320,#1321,#1322,#1323));
#3587=EDGE_LOOP('',(#1324,#1325,#1326,#1327));
#3588=EDGE_LOOP('',(#1328,#1329,#1330,#1331));
#3589=EDGE_LOOP('',(#1332));
#3590=EDGE_LOOP('',(#1333,#1334,#1335,#1336,#1337,#1338,#1339,#1340,#1341,
#1342,#1343,#1344));
#3591=EDGE_LOOP('',(#1345,#1346,#1347,#1348,#1349,#1350,#1351,#1352,#1353,
#1354,#1355,#1356));
#3592=EDGE_LOOP('',(#1357,#1358,#1359,#1360,#1361,#1362,#1363,#1364));
#3593=EDGE_LOOP('',(#1365,#1366,#1367,#1368,#1369,#1370,#1371,#1372,#1373,
#1374,#1375,#1376,#1377,#1378,#1379,#1380));
#3594=EDGE_LOOP('',(#1381,#1382,#1383,#1384,#1385,#1386,#1387,#1388,#1389,
#1390,#1391,#1392,#1393,#1394,#1395,#1396));
#3595=EDGE_LOOP('',(#1397));
#3596=EDGE_LOOP('',(#1398));
#3597=EDGE_LOOP('',(#1399,#1400,#1401,#1402));
#3598=EDGE_LOOP('',(#1403,#1404,#1405,#1406));
#3599=EDGE_LOOP('',(#1407,#1408,#1409,#1410));
#3600=EDGE_LOOP('',(#1411,#1412,#1413,#1414));
#3601=EDGE_LOOP('',(#1415,#1416,#1417,#1418));
#3602=EDGE_LOOP('',(#1419,#1420,#1421,#1422));
#3603=EDGE_LOOP('',(#1423));
#3604=EDGE_LOOP('',(#1424));
#3605=EDGE_LOOP('',(#1425));
#3606=EDGE_LOOP('',(#1426));
#3607=EDGE_LOOP('',(#1427));
#3608=EDGE_LOOP('',(#1428));
#3609=EDGE_LOOP('',(#1429,#1430,#1431,#1432));
#3610=EDGE_LOOP('',(#1433,#1434,#1435,#1436));
#3611=EDGE_LOOP('',(#1437,#1438,#1439,#1440));
#3612=EDGE_LOOP('',(#1441,#1442,#1443,#1444));
#3613=EDGE_LOOP('',(#1445,#1446,#1447,#1448));
#3614=EDGE_LOOP('',(#1449,#1450,#1451,#1452));
#3615=EDGE_LOOP('',(#1453,#1454,#1455,#1456));
#3616=EDGE_LOOP('',(#1457,#1458,#1459,#1460));
#3617=EDGE_LOOP('',(#1461,#1462,#1463,#1464));
#3618=EDGE_LOOP('',(#1465,#1466,#1467,#1468));
#3619=EDGE_LOOP('',(#1469,#1470,#1471,#1472));
#3620=EDGE_LOOP('',(#1473,#1474,#1475,#1476));
#3621=EDGE_LOOP('',(#1477,#1478,#1479,#1480));
#3622=EDGE_LOOP('',(#1481,#1482,#1483,#1484));
#3623=EDGE_LOOP('',(#1485,#1486,#1487,#1488));
#3624=EDGE_LOOP('',(#1489,#1490,#1491,#1492));
#3625=EDGE_LOOP('',(#1493,#1494,#1495,#1496));
#3626=EDGE_LOOP('',(#1497,#1498,#1499,#1500));
#3627=EDGE_LOOP('',(#1501,#1502,#1503,#1504));
#3628=EDGE_LOOP('',(#1505,#1506,#1507,#1508));
#3629=EDGE_LOOP('',(#1509,#1510,#1511,#1512));
#3630=EDGE_LOOP('',(#1513,#1514,#1515,#1516));
#3631=EDGE_LOOP('',(#1517,#1518,#1519,#1520));
#3632=EDGE_LOOP('',(#1521,#1522,#1523,#1524));
#3633=EDGE_LOOP('',(#1525,#1526,#1527,#1528));
#3634=EDGE_LOOP('',(#1529,#1530,#1531,#1532));
#3635=EDGE_LOOP('',(#1533,#1534,#1535,#1536));
#3636=EDGE_LOOP('',(#1537,#1538,#1539,#1540));
#3637=EDGE_LOOP('',(#1541,#1542,#1543,#1544));
#3638=EDGE_LOOP('',(#1545,#1546,#1547,#1548));
#3639=EDGE_LOOP('',(#1549,#1550,#1551,#1552,#1553,#1554,#1555,#1556,#1557,
#1558,#1559,#1560,#1561,#1562,#1563,#1564));
#3640=EDGE_LOOP('',(#1565,#1566,#1567,#1568,#1569,#1570,#1571,#1572,#1573,
#1574,#1575,#1576,#1577,#1578,#1579,#1580));
#3641=EDGE_LOOP('',(#1581,#1582,#1583,#1584));
#3642=EDGE_LOOP('',(#1585,#1586,#1587,#1588));
#3643=EDGE_LOOP('',(#1589,#1590,#1591,#1592));
#3644=EDGE_LOOP('',(#1593,#1594,#1595,#1596));
#3645=EDGE_LOOP('',(#1597,#1598,#1599,#1600));
#3646=EDGE_LOOP('',(#1601,#1602,#1603,#1604));
#3647=EDGE_LOOP('',(#1605,#1606,#1607,#1608));
#3648=EDGE_LOOP('',(#1609,#1610,#1611,#1612));
#3649=EDGE_LOOP('',(#1613,#1614,#1615,#1616));
#3650=EDGE_LOOP('',(#1617));
#3651=EDGE_LOOP('',(#1618));
#3652=EDGE_LOOP('',(#1619,#1620,#1621,#1622));
#3653=EDGE_LOOP('',(#1623));
#3654=EDGE_LOOP('',(#1624));
#3655=EDGE_LOOP('',(#1625,#1626,#1627,#1628,#1629,#1630,#1631,#1632));
#3656=EDGE_LOOP('',(#1633));
#3657=EDGE_LOOP('',(#1634));
#3658=EDGE_LOOP('',(#1635,#1636,#1637,#1638,#1639,#1640,#1641,#1642));
#3659=EDGE_LOOP('',(#1643));
#3660=EDGE_LOOP('',(#1644));
#3661=FACE_BOUND('',#3395,.T.);
#3662=FACE_BOUND('',#3396,.T.);
#3663=FACE_BOUND('',#3397,.T.);
#3664=FACE_BOUND('',#3398,.T.);
#3665=FACE_BOUND('',#3399,.T.);
#3666=FACE_BOUND('',#3400,.T.);
#3667=FACE_BOUND('',#3401,.T.);
#3668=FACE_BOUND('',#3402,.T.);
#3669=FACE_BOUND('',#3403,.T.);
#3670=FACE_BOUND('',#3404,.T.);
#3671=FACE_BOUND('',#3405,.T.);
#3672=FACE_BOUND('',#3406,.T.);
#3673=FACE_BOUND('',#3407,.T.);
#3674=FACE_BOUND('',#3408,.T.);
#3675=FACE_BOUND('',#3409,.T.);
#3676=FACE_BOUND('',#3410,.T.);
#3677=FACE_BOUND('',#3411,.T.);
#3678=FACE_BOUND('',#3412,.T.);
#3679=FACE_BOUND('',#3413,.T.);
#3680=FACE_BOUND('',#3414,.T.);
#3681=FACE_BOUND('',#3415,.T.);
#3682=FACE_BOUND('',#3416,.T.);
#3683=FACE_BOUND('',#3417,.T.);
#3684=FACE_BOUND('',#3418,.T.);
#3685=FACE_BOUND('',#3419,.T.);
#3686=FACE_BOUND('',#3420,.T.);
#3687=FACE_BOUND('',#3421,.T.);
#3688=FACE_BOUND('',#3422,.T.);
#3689=FACE_BOUND('',#3423,.T.);
#3690=FACE_BOUND('',#3424,.T.);
#3691=FACE_BOUND('',#3425,.T.);
#3692=FACE_BOUND('',#3426,.T.);
#3693=FACE_BOUND('',#3427,.T.);
#3694=FACE_BOUND('',#3428,.T.);
#3695=FACE_BOUND('',#3429,.T.);
#3696=FACE_BOUND('',#3430,.T.);
#3697=FACE_BOUND('',#3431,.T.);
#3698=FACE_BOUND('',#3432,.T.);
#3699=FACE_BOUND('',#3433,.T.);
#3700=FACE_BOUND('',#3434,.T.);
#3701=FACE_BOUND('',#3435,.T.);
#3702=FACE_BOUND('',#3436,.T.);
#3703=FACE_BOUND('',#3437,.T.);
#3704=FACE_BOUND('',#3438,.T.);
#3705=FACE_BOUND('',#3439,.T.);
#3706=FACE_BOUND('',#3440,.T.);
#3707=FACE_BOUND('',#3441,.T.);
#3708=FACE_BOUND('',#3442,.T.);
#3709=FACE_BOUND('',#3443,.T.);
#3710=FACE_BOUND('',#3444,.T.);
#3711=FACE_BOUND('',#3445,.T.);
#3712=FACE_BOUND('',#3446,.T.);
#3713=FACE_BOUND('',#3447,.T.);
#3714=FACE_BOUND('',#3448,.T.);
#3715=FACE_BOUND('',#3449,.T.);
#3716=FACE_BOUND('',#3450,.T.);
#3717=FACE_BOUND('',#3451,.T.);
#3718=FACE_BOUND('',#3452,.T.);
#3719=FACE_BOUND('',#3453,.T.);
#3720=FACE_BOUND('',#3454,.T.);
#3721=FACE_BOUND('',#3455,.T.);
#3722=FACE_BOUND('',#3456,.T.);
#3723=FACE_BOUND('',#3457,.T.);
#3724=FACE_BOUND('',#3458,.T.);
#3725=FACE_BOUND('',#3459,.T.);
#3726=FACE_BOUND('',#3460,.T.);
#3727=FACE_BOUND('',#3461,.T.);
#3728=FACE_BOUND('',#3462,.T.);
#3729=FACE_BOUND('',#3463,.T.);
#3730=FACE_BOUND('',#3464,.T.);
#3731=FACE_BOUND('',#3465,.T.);
#3732=FACE_BOUND('',#3466,.T.);
#3733=FACE_BOUND('',#3467,.T.);
#3734=FACE_BOUND('',#3468,.T.);
#3735=FACE_BOUND('',#3469,.T.);
#3736=FACE_BOUND('',#3470,.T.);
#3737=FACE_BOUND('',#3471,.T.);
#3738=FACE_BOUND('',#3472,.T.);
#3739=FACE_BOUND('',#3473,.T.);
#3740=FACE_BOUND('',#3474,.T.);
#3741=FACE_BOUND('',#3475,.T.);
#3742=FACE_BOUND('',#3476,.T.);
#3743=FACE_BOUND('',#3477,.T.);
#3744=FACE_BOUND('',#3478,.T.);
#3745=FACE_BOUND('',#3479,.T.);
#3746=FACE_BOUND('',#3480,.T.);
#3747=FACE_BOUND('',#3481,.T.);
#3748=FACE_BOUND('',#3482,.T.);
#3749=FACE_BOUND('',#3483,.T.);
#3750=FACE_BOUND('',#3484,.T.);
#3751=FACE_BOUND('',#3485,.T.);
#3752=FACE_BOUND('',#3486,.T.);
#3753=FACE_BOUND('',#3487,.T.);
#3754=FACE_BOUND('',#3488,.T.);
#3755=FACE_BOUND('',#3489,.T.);
#3756=FACE_BOUND('',#3490,.T.);
#3757=FACE_BOUND('',#3491,.T.);
#3758=FACE_BOUND('',#3492,.T.);
#3759=FACE_BOUND('',#3493,.T.);
#3760=FACE_BOUND('',#3494,.T.);
#3761=FACE_BOUND('',#3495,.T.);
#3762=FACE_BOUND('',#3496,.T.);
#3763=FACE_BOUND('',#3497,.T.);
#3764=FACE_BOUND('',#3498,.T.);
#3765=FACE_BOUND('',#3499,.T.);
#3766=FACE_BOUND('',#3500,.T.);
#3767=FACE_BOUND('',#3501,.T.);
#3768=FACE_BOUND('',#3502,.T.);
#3769=FACE_BOUND('',#3503,.T.);
#3770=FACE_BOUND('',#3504,.T.);
#3771=FACE_BOUND('',#3505,.T.);
#3772=FACE_BOUND('',#3506,.T.);
#3773=FACE_BOUND('',#3507,.T.);
#3774=FACE_BOUND('',#3508,.T.);
#3775=FACE_BOUND('',#3509,.T.);
#3776=FACE_BOUND('',#3510,.T.);
#3777=FACE_BOUND('',#3511,.T.);
#3778=FACE_BOUND('',#3512,.T.);
#3779=FACE_BOUND('',#3513,.T.);
#3780=FACE_BOUND('',#3514,.T.);
#3781=FACE_BOUND('',#3515,.T.);
#3782=FACE_BOUND('',#3516,.T.);
#3783=FACE_BOUND('',#3517,.T.);
#3784=FACE_BOUND('',#3518,.T.);
#3785=FACE_BOUND('',#3519,.T.);
#3786=FACE_BOUND('',#3520,.T.);
#3787=FACE_BOUND('',#3521,.T.);
#3788=FACE_BOUND('',#3522,.T.);
#3789=FACE_BOUND('',#3523,.T.);
#3790=FACE_BOUND('',#3524,.T.);
#3791=FACE_BOUND('',#3525,.T.);
#3792=FACE_BOUND('',#3526,.T.);
#3793=FACE_BOUND('',#3527,.T.);
#3794=FACE_BOUND('',#3528,.T.);
#3795=FACE_BOUND('',#3529,.T.);
#3796=FACE_BOUND('',#3530,.T.);
#3797=FACE_BOUND('',#3531,.T.);
#3798=FACE_BOUND('',#3532,.T.);
#3799=FACE_BOUND('',#3533,.T.);
#3800=FACE_BOUND('',#3534,.T.);
#3801=FACE_BOUND('',#3535,.T.);
#3802=FACE_BOUND('',#3536,.T.);
#3803=FACE_BOUND('',#3537,.T.);
#3804=FACE_BOUND('',#3538,.T.);
#3805=FACE_BOUND('',#3539,.T.);
#3806=FACE_BOUND('',#3540,.T.);
#3807=FACE_BOUND('',#3541,.T.);
#3808=FACE_BOUND('',#3542,.T.);
#3809=FACE_BOUND('',#3543,.T.);
#3810=FACE_BOUND('',#3544,.T.);
#3811=FACE_BOUND('',#3545,.T.);
#3812=FACE_BOUND('',#3546,.T.);
#3813=FACE_BOUND('',#3547,.T.);
#3814=FACE_BOUND('',#3548,.T.);
#3815=FACE_BOUND('',#3549,.T.);
#3816=FACE_BOUND('',#3550,.T.);
#3817=FACE_BOUND('',#3551,.T.);
#3818=FACE_BOUND('',#3552,.T.);
#3819=FACE_BOUND('',#3553,.T.);
#3820=FACE_BOUND('',#3554,.T.);
#3821=FACE_BOUND('',#3555,.T.);
#3822=FACE_BOUND('',#3556,.T.);
#3823=FACE_BOUND('',#3557,.T.);
#3824=FACE_BOUND('',#3558,.T.);
#3825=FACE_BOUND('',#3559,.T.);
#3826=FACE_BOUND('',#3560,.T.);
#3827=FACE_BOUND('',#3561,.T.);
#3828=FACE_BOUND('',#3562,.T.);
#3829=FACE_BOUND('',#3563,.T.);
#3830=FACE_BOUND('',#3564,.T.);
#3831=FACE_BOUND('',#3565,.T.);
#3832=FACE_BOUND('',#3566,.T.);
#3833=FACE_BOUND('',#3567,.T.);
#3834=FACE_BOUND('',#3568,.T.);
#3835=FACE_BOUND('',#3569,.T.);
#3836=FACE_BOUND('',#3570,.T.);
#3837=FACE_BOUND('',#3571,.T.);
#3838=FACE_BOUND('',#3572,.T.);
#3839=FACE_BOUND('',#3573,.T.);
#3840=FACE_BOUND('',#3574,.T.);
#3841=FACE_BOUND('',#3575,.T.);
#3842=FACE_BOUND('',#3576,.T.);
#3843=FACE_BOUND('',#3577,.T.);
#3844=FACE_BOUND('',#3578,.T.);
#3845=FACE_BOUND('',#3579,.T.);
#3846=FACE_BOUND('',#3580,.T.);
#3847=FACE_BOUND('',#3581,.T.);
#3848=FACE_BOUND('',#3582,.T.);
#3849=FACE_BOUND('',#3583,.T.);
#3850=FACE_BOUND('',#3584,.T.);
#3851=FACE_BOUND('',#3585,.T.);
#3852=FACE_BOUND('',#3586,.T.);
#3853=FACE_BOUND('',#3587,.T.);
#3854=FACE_BOUND('',#3588,.T.);
#3855=FACE_BOUND('',#3589,.T.);
#3856=FACE_BOUND('',#3590,.T.);
#3857=FACE_BOUND('',#3591,.T.);
#3858=FACE_BOUND('',#3592,.T.);
#3859=FACE_BOUND('',#3593,.T.);
#3860=FACE_BOUND('',#3594,.T.);
#3861=FACE_BOUND('',#3595,.T.);
#3862=FACE_BOUND('',#3596,.T.);
#3863=FACE_BOUND('',#3597,.T.);
#3864=FACE_BOUND('',#3598,.T.);
#3865=FACE_BOUND('',#3599,.T.);
#3866=FACE_BOUND('',#3600,.T.);
#3867=FACE_BOUND('',#3601,.T.);
#3868=FACE_BOUND('',#3602,.T.);
#3869=FACE_BOUND('',#3603,.T.);
#3870=FACE_BOUND('',#3604,.T.);
#3871=FACE_BOUND('',#3605,.T.);
#3872=FACE_BOUND('',#3606,.T.);
#3873=FACE_BOUND('',#3607,.T.);
#3874=FACE_BOUND('',#3608,.T.);
#3875=FACE_BOUND('',#3609,.T.);
#3876=FACE_BOUND('',#3610,.T.);
#3877=FACE_BOUND('',#3611,.T.);
#3878=FACE_BOUND('',#3612,.T.);
#3879=FACE_BOUND('',#3613,.T.);
#3880=FACE_BOUND('',#3614,.T.);
#3881=FACE_BOUND('',#3615,.T.);
#3882=FACE_BOUND('',#3616,.T.);
#3883=FACE_BOUND('',#3617,.T.);
#3884=FACE_BOUND('',#3618,.T.);
#3885=FACE_BOUND('',#3619,.T.);
#3886=FACE_BOUND('',#3620,.T.);
#3887=FACE_BOUND('',#3621,.T.);
#3888=FACE_BOUND('',#3622,.T.);
#3889=FACE_BOUND('',#3623,.T.);
#3890=FACE_BOUND('',#3624,.T.);
#3891=FACE_BOUND('',#3625,.T.);
#3892=FACE_BOUND('',#3626,.T.);
#3893=FACE_BOUND('',#3627,.T.);
#3894=FACE_BOUND('',#3628,.T.);
#3895=FACE_BOUND('',#3629,.T.);
#3896=FACE_BOUND('',#3630,.T.);
#3897=FACE_BOUND('',#3631,.T.);
#3898=FACE_BOUND('',#3632,.T.);
#3899=FACE_BOUND('',#3633,.T.);
#3900=FACE_BOUND('',#3634,.T.);
#3901=FACE_BOUND('',#3635,.T.);
#3902=FACE_BOUND('',#3636,.T.);
#3903=FACE_BOUND('',#3637,.T.);
#3904=FACE_BOUND('',#3638,.T.);
#3905=FACE_BOUND('',#3639,.T.);
#3906=FACE_BOUND('',#3640,.T.);
#3907=FACE_BOUND('',#3641,.T.);
#3908=FACE_BOUND('',#3642,.T.);
#3909=FACE_BOUND('',#3643,.T.);
#3910=FACE_BOUND('',#3644,.T.);
#3911=FACE_BOUND('',#3645,.T.);
#3912=FACE_BOUND('',#3646,.T.);
#3913=FACE_BOUND('',#3647,.T.);
#3914=FACE_BOUND('',#3648,.T.);
#3915=FACE_BOUND('',#3649,.T.);
#3916=FACE_BOUND('',#3650,.T.);
#3917=FACE_BOUND('',#3651,.T.);
#3918=FACE_BOUND('',#3652,.T.);
#3919=FACE_BOUND('',#3653,.T.);
#3920=FACE_BOUND('',#3654,.T.);
#3921=FACE_BOUND('',#3655,.T.);
#3922=FACE_BOUND('',#3656,.T.);
#3923=FACE_BOUND('',#3657,.T.);
#3924=FACE_BOUND('',#3658,.T.);
#3925=FACE_BOUND('',#3659,.T.);
#3926=FACE_BOUND('',#3660,.T.);
#3927=PLANE('',#4288);
#3928=PLANE('',#4305);
#3929=PLANE('',#4336);
#3930=PLANE('',#4340);
#3931=PLANE('',#4350);
#3932=PLANE('',#4354);
#3933=PLANE('',#4362);
#3934=PLANE('',#4367);
#3935=PLANE('',#4372);
#3936=PLANE('',#4376);
#3937=PLANE('',#4386);
#3938=PLANE('',#4389);
#3939=PLANE('',#4396);
#3940=PLANE('',#4399);
#3941=PLANE('',#4404);
#3942=PLANE('',#4407);
#3943=PLANE('',#4412);
#3944=PLANE('',#4417);
#3945=PLANE('',#4420);
#3946=PLANE('',#4423);
#3947=PLANE('',#4428);
#3948=PLANE('',#4433);
#3949=PLANE('',#4434);
#3950=PLANE('',#4447);
#3951=PLANE('',#4448);
#3952=PLANE('',#4467);
#3953=PLANE('',#4470);
#3954=PLANE('',#4473);
#3955=PLANE('',#4474);
#3956=PLANE('',#4475);
#3957=PLANE('',#4476);
#3958=PLANE('',#4477);
#3959=PLANE('',#4479);
#3960=PLANE('',#4485);
#3961=PLANE('',#4486);
#3962=PLANE('',#4499);
#3963=PLANE('',#4500);
#3964=PLANE('',#4505);
#3965=PLANE('',#4506);
#3966=PLANE('',#4511);
#3967=PLANE('',#4512);
#3968=PLANE('',#4525);
#3969=PLANE('',#4526);
#3970=PLANE('',#4531);
#3971=PLANE('',#4532);
#3972=PLANE('',#4533);
#3973=PLANE('',#4534);
#3974=PLANE('',#4535);
#3975=PLANE('',#4548);
#3976=PLANE('',#4549);
#3977=PLANE('',#4554);
#3978=PLANE('',#4555);
#3979=PLANE('',#4568);
#3980=PLANE('',#4569);
#3981=PLANE('',#4572);
#3982=PLANE('',#4576);
#3983=PLANE('',#4591);
#3984=PLANE('',#4594);
#3985=PLANE('',#4603);
#3986=PLANE('',#4620);
#3987=PLANE('',#4623);
#3988=PLANE('',#4627);
#3989=PLANE('',#4631);
#3990=PLANE('',#4638);
#3991=PLANE('',#4641);
#3992=PLANE('',#4645);
#3993=PLANE('',#4649);
#3994=PLANE('',#4652);
#3995=PLANE('',#4655);
#3996=PLANE('',#4658);
#3997=PLANE('',#4661);
#3998=PLANE('',#4666);
#3999=PLANE('',#4667);
#4000=PLANE('',#4668);
#4001=PLANE('',#4669);
#4002=PLANE('',#4686);
#4003=PLANE('',#4696);
#4004=PLANE('',#4703);
#4005=PLANE('',#4704);
#4006=PLANE('',#4717);
#4007=PLANE('',#4718);
#4008=PLANE('',#4723);
#4009=PLANE('',#4724);
#4010=PLANE('',#4729);
#4011=PLANE('',#4730);
#4012=PLANE('',#4743);
#4013=PLANE('',#4744);
#4014=PLANE('',#4749);
#4015=PLANE('',#4750);
#4016=PLANE('',#4751);
#4017=PLANE('',#4756);
#4018=PLANE('',#4760);
#4019=PLANE('',#4764);
#4020=PLANE('',#4771);
#4021=PLANE('',#4775);
#4022=PLANE('',#4776);
#4023=ADVANCED_FACE('',(#3661,#3662),#3927,.T.);
#4024=ADVANCED_FACE('',(#3663,#3664,#3665,#3666,#3667,#3668),#3928,.T.);
#4025=ADVANCED_FACE('',(#3669),#16,.F.);
#4026=ADVANCED_FACE('',(#3670),#3929,.F.);
#4027=ADVANCED_FACE('',(#3671),#17,.F.);
#4028=ADVANCED_FACE('',(#3672),#3930,.T.);
#4029=ADVANCED_FACE('',(#3673),#18,.F.);
#4030=ADVANCED_FACE('',(#3674),#19,.T.);
#4031=ADVANCED_FACE('',(#3675),#20,.F.);
#4032=ADVANCED_FACE('',(#3676),#3931,.F.);
#4033=ADVANCED_FACE('',(#3677),#21,.F.);
#4034=ADVANCED_FACE('',(#3678),#3932,.T.);
#4035=ADVANCED_FACE('',(#3679),#22,.F.);
#4036=ADVANCED_FACE('',(#3680),#23,.F.);
#4037=ADVANCED_FACE('',(#3681),#3933,.F.);
#4038=ADVANCED_FACE('',(#3682),#24,.F.);
#4039=ADVANCED_FACE('',(#3683),#3934,.F.);
#4040=ADVANCED_FACE('',(#3684),#25,.F.);
#4041=ADVANCED_FACE('',(#3685),#3935,.T.);
#4042=ADVANCED_FACE('',(#3686),#26,.F.);
#4043=ADVANCED_FACE('',(#3687),#3936,.T.);
#4044=ADVANCED_FACE('',(#3688),#27,.F.);
#4045=ADVANCED_FACE('',(#3689),#28,.T.);
#4046=ADVANCED_FACE('',(#3690),#29,.F.);
#4047=ADVANCED_FACE('',(#3691),#3937,.F.);
#4048=ADVANCED_FACE('',(#3692),#30,.F.);
#4049=ADVANCED_FACE('',(#3693),#3938,.F.);
#4050=ADVANCED_FACE('',(#3694),#31,.T.);
#4051=ADVANCED_FACE('',(#3695),#32,.F.);
#4052=ADVANCED_FACE('',(#3696),#33,.T.);
#4053=ADVANCED_FACE('',(#3697),#3939,.F.);
#4054=ADVANCED_FACE('',(#3698),#34,.F.);
#4055=ADVANCED_FACE('',(#3699),#3940,.F.);
#4056=ADVANCED_FACE('',(#3700),#35,.T.);
#4057=ADVANCED_FACE('',(#3701),#36,.F.);
#4058=ADVANCED_FACE('',(#3702),#3941,.T.);
#4059=ADVANCED_FACE('',(#3703),#37,.T.);
#4060=ADVANCED_FACE('',(#3704),#3942,.T.);
#4061=ADVANCED_FACE('',(#3705),#38,.T.);
#4062=ADVANCED_FACE('',(#3706),#39,.F.);
#4063=ADVANCED_FACE('',(#3707),#3943,.F.);
#4064=ADVANCED_FACE('',(#3708),#40,.F.);
#4065=ADVANCED_FACE('',(#3709),#41,.T.);
#4066=ADVANCED_FACE('',(#3710),#3944,.T.);
#4067=ADVANCED_FACE('',(#3711),#42,.T.);
#4068=ADVANCED_FACE('',(#3712),#3945,.F.);
#4069=ADVANCED_FACE('',(#3713),#43,.T.);
#4070=ADVANCED_FACE('',(#3714),#3946,.F.);
#4071=ADVANCED_FACE('',(#3715),#44,.T.);
#4072=ADVANCED_FACE('',(#3716),#45,.F.);
#4073=ADVANCED_FACE('',(#3717),#3947,.T.);
#4074=ADVANCED_FACE('',(#3718),#46,.F.);
#4075=ADVANCED_FACE('',(#3719),#47,.T.);
#4076=ADVANCED_FACE('',(#3720),#3948,.F.);
#4077=ADVANCED_FACE('',(#3721),#3949,.F.);
#4078=ADVANCED_FACE('',(#3722),#48,.T.);
#4079=ADVANCED_FACE('',(#3723,#3724),#49,.F.);
#4080=ADVANCED_FACE('',(#3725,#3726),#50,.F.);
#4081=ADVANCED_FACE('',(#3727,#3728),#51,.F.);
#4082=ADVANCED_FACE('',(#3729,#3730),#52,.F.);
#4083=ADVANCED_FACE('',(#3731),#53,.T.);
#4084=ADVANCED_FACE('',(#3732),#3950,.T.);
#4085=ADVANCED_FACE('',(#3733,#3734,#3735,#3736),#3951,.T.);
#4086=ADVANCED_FACE('',(#3737,#3738,#3739,#3740,#3741,#3742,#3743,#3744),
#3952,.F.);
#4087=ADVANCED_FACE('',(#3745,#3746),#3953,.T.);
#4088=ADVANCED_FACE('',(#3747),#3954,.T.);
#4089=ADVANCED_FACE('',(#3748),#3955,.T.);
#4090=ADVANCED_FACE('',(#3749),#3956,.F.);
#4091=ADVANCED_FACE('',(#3750),#3957,.T.);
#4092=ADVANCED_FACE('',(#3751),#3958,.F.);
#4093=ADVANCED_FACE('',(#3752),#54,.F.);
#4094=ADVANCED_FACE('',(#3753),#3959,.T.);
#4095=ADVANCED_FACE('',(#3754),#55,.F.);
#4096=ADVANCED_FACE('',(#3755),#56,.F.);
#4097=ADVANCED_FACE('',(#3756),#57,.T.);
#4098=ADVANCED_FACE('',(#3757),#3960,.F.);
#4099=ADVANCED_FACE('',(#3758),#3961,.F.);
#4100=ADVANCED_FACE('',(#3759),#58,.T.);
#4101=ADVANCED_FACE('',(#3760),#59,.F.);
#4102=ADVANCED_FACE('',(#3761),#60,.F.);
#4103=ADVANCED_FACE('',(#3762),#61,.T.);
#4104=ADVANCED_FACE('',(#3763),#62,.T.);
#4105=ADVANCED_FACE('',(#3764),#63,.F.);
#4106=ADVANCED_FACE('',(#3765),#3962,.F.);
#4107=ADVANCED_FACE('',(#3766),#3963,.F.);
#4108=ADVANCED_FACE('',(#3767),#64,.F.);
#4109=ADVANCED_FACE('',(#3768),#65,.T.);
#4110=ADVANCED_FACE('',(#3769),#3964,.F.);
#4111=ADVANCED_FACE('',(#3770),#3965,.F.);
#4112=ADVANCED_FACE('',(#3771),#66,.F.);
#4113=ADVANCED_FACE('',(#3772),#67,.T.);
#4114=ADVANCED_FACE('',(#3773),#3966,.F.);
#4115=ADVANCED_FACE('',(#3774),#3967,.F.);
#4116=ADVANCED_FACE('',(#3775),#68,.T.);
#4117=ADVANCED_FACE('',(#3776),#69,.F.);
#4118=ADVANCED_FACE('',(#3777),#70,.F.);
#4119=ADVANCED_FACE('',(#3778),#71,.T.);
#4120=ADVANCED_FACE('',(#3779),#72,.T.);
#4121=ADVANCED_FACE('',(#3780),#73,.F.);
#4122=ADVANCED_FACE('',(#3781),#3968,.F.);
#4123=ADVANCED_FACE('',(#3782),#3969,.F.);
#4124=ADVANCED_FACE('',(#3783),#74,.F.);
#4125=ADVANCED_FACE('',(#3784),#75,.T.);
#4126=ADVANCED_FACE('',(#3785,#3786),#3970,.F.);
#4127=ADVANCED_FACE('',(#3787),#3971,.F.);
#4128=ADVANCED_FACE('',(#3788),#3972,.F.);
#4129=ADVANCED_FACE('',(#3789),#3973,.F.);
#4130=ADVANCED_FACE('',(#3790),#3974,.F.);
#4131=ADVANCED_FACE('',(#3791),#76,.F.);
#4132=ADVANCED_FACE('',(#3792),#77,.T.);
#4133=ADVANCED_FACE('',(#3793),#78,.T.);
#4134=ADVANCED_FACE('',(#3794),#79,.F.);
#4135=ADVANCED_FACE('',(#3795),#80,.F.);
#4136=ADVANCED_FACE('',(#3796),#81,.T.);
#4137=ADVANCED_FACE('',(#3797),#3975,.F.);
#4138=ADVANCED_FACE('',(#3798),#3976,.F.);
#4139=ADVANCED_FACE('',(#3799),#82,.T.);
#4140=ADVANCED_FACE('',(#3800),#83,.F.);
#4141=ADVANCED_FACE('',(#3801),#3977,.F.);
#4142=ADVANCED_FACE('',(#3802),#3978,.F.);
#4143=ADVANCED_FACE('',(#3803),#84,.F.);
#4144=ADVANCED_FACE('',(#3804),#85,.T.);
#4145=ADVANCED_FACE('',(#3805),#86,.T.);
#4146=ADVANCED_FACE('',(#3806),#87,.F.);
#4147=ADVANCED_FACE('',(#3807),#88,.F.);
#4148=ADVANCED_FACE('',(#3808),#89,.T.);
#4149=ADVANCED_FACE('',(#3809),#3979,.F.);
#4150=ADVANCED_FACE('',(#3810),#3980,.F.);
#4151=ADVANCED_FACE('',(#3811),#90,.T.);
#4152=ADVANCED_FACE('',(#3812,#3813),#3981,.F.);
#4153=ADVANCED_FACE('',(#3814),#91,.F.);
#4154=ADVANCED_FACE('',(#3815,#3816),#3982,.T.);
#4155=ADVANCED_FACE('',(#3817,#3818),#3983,.T.);
#4156=ADVANCED_FACE('',(#3819),#3984,.T.);
#4157=ADVANCED_FACE('',(#3820),#3985,.T.);
#4158=ADVANCED_FACE('',(#3821),#92,.F.);
#4159=ADVANCED_FACE('',(#3822,#3823),#93,.T.);
#4160=ADVANCED_FACE('',(#3824),#94,.F.);
#4161=ADVANCED_FACE('',(#3825),#3986,.F.);
#4162=ADVANCED_FACE('',(#3826),#95,.F.);
#4163=ADVANCED_FACE('',(#3827),#3987,.T.);
#4164=ADVANCED_FACE('',(#3828),#96,.F.);
#4165=ADVANCED_FACE('',(#3829),#3988,.T.);
#4166=ADVANCED_FACE('',(#3830),#97,.F.);
#4167=ADVANCED_FACE('',(#3831),#3989,.F.);
#4168=ADVANCED_FACE('',(#3832),#98,.F.);
#4169=ADVANCED_FACE('',(#3833,#3834),#99,.F.);
#4170=ADVANCED_FACE('',(#3835),#100,.F.);
#4171=ADVANCED_FACE('',(#3836),#3990,.F.);
#4172=ADVANCED_FACE('',(#3837),#101,.F.);
#4173=ADVANCED_FACE('',(#3838),#3991,.F.);
#4174=ADVANCED_FACE('',(#3839),#102,.F.);
#4175=ADVANCED_FACE('',(#3840),#3992,.F.);
#4176=ADVANCED_FACE('',(#3841),#103,.F.);
#4177=ADVANCED_FACE('',(#3842),#3993,.T.);
#4178=ADVANCED_FACE('',(#3843),#104,.F.);
#4179=ADVANCED_FACE('',(#3844),#3994,.T.);
#4180=ADVANCED_FACE('',(#3845),#105,.T.);
#4181=ADVANCED_FACE('',(#3846),#3995,.T.);
#4182=ADVANCED_FACE('',(#3847),#106,.T.);
#4183=ADVANCED_FACE('',(#3848),#3996,.T.);
#4184=ADVANCED_FACE('',(#3849),#107,.T.);
#4185=ADVANCED_FACE('',(#3850),#3997,.F.);
#4186=ADVANCED_FACE('',(#3851),#108,.T.);
#4187=ADVANCED_FACE('',(#3852),#109,.F.);
#4188=ADVANCED_FACE('',(#3853),#3998,.T.);
#4189=ADVANCED_FACE('',(#3854),#3999,.T.);
#4190=ADVANCED_FACE('',(#3855,#3856,#3857,#3858),#4000,.F.);
#4191=ADVANCED_FACE('',(#3859,#3860),#4001,.T.);
#4192=ADVANCED_FACE('',(#3861,#3862),#4002,.T.);
#4193=ADVANCED_FACE('',(#3863),#110,.T.);
#4194=ADVANCED_FACE('',(#3864),#111,.F.);
#4195=ADVANCED_FACE('',(#3865),#112,.T.);
#4196=ADVANCED_FACE('',(#3866),#113,.T.);
#4197=ADVANCED_FACE('',(#3867),#114,.F.);
#4198=ADVANCED_FACE('',(#3868),#115,.T.);
#4199=ADVANCED_FACE('',(#3869,#3870),#116,.T.);
#4200=ADVANCED_FACE('',(#3871,#3872),#4003,.F.);
#4201=ADVANCED_FACE('',(#3873,#3874),#117,.F.);
#4202=ADVANCED_FACE('',(#3875),#118,.F.);
#4203=ADVANCED_FACE('',(#3876),#119,.T.);
#4204=ADVANCED_FACE('',(#3877),#4004,.F.);
#4205=ADVANCED_FACE('',(#3878),#4005,.F.);
#4206=ADVANCED_FACE('',(#3879),#120,.T.);
#4207=ADVANCED_FACE('',(#3880),#121,.F.);
#4208=ADVANCED_FACE('',(#3881),#122,.F.);
#4209=ADVANCED_FACE('',(#3882),#123,.T.);
#4210=ADVANCED_FACE('',(#3883),#124,.T.);
#4211=ADVANCED_FACE('',(#3884),#125,.F.);
#4212=ADVANCED_FACE('',(#3885),#4006,.F.);
#4213=ADVANCED_FACE('',(#3886),#4007,.F.);
#4214=ADVANCED_FACE('',(#3887),#126,.F.);
#4215=ADVANCED_FACE('',(#3888),#127,.T.);
#4216=ADVANCED_FACE('',(#3889),#4008,.F.);
#4217=ADVANCED_FACE('',(#3890),#4009,.F.);
#4218=ADVANCED_FACE('',(#3891),#128,.F.);
#4219=ADVANCED_FACE('',(#3892),#129,.T.);
#4220=ADVANCED_FACE('',(#3893),#4010,.F.);
#4221=ADVANCED_FACE('',(#3894),#4011,.F.);
#4222=ADVANCED_FACE('',(#3895),#130,.T.);
#4223=ADVANCED_FACE('',(#3896),#131,.F.);
#4224=ADVANCED_FACE('',(#3897),#132,.F.);
#4225=ADVANCED_FACE('',(#3898),#133,.T.);
#4226=ADVANCED_FACE('',(#3899),#134,.T.);
#4227=ADVANCED_FACE('',(#3900),#135,.F.);
#4228=ADVANCED_FACE('',(#3901),#4012,.F.);
#4229=ADVANCED_FACE('',(#3902),#4013,.F.);
#4230=ADVANCED_FACE('',(#3903),#136,.F.);
#4231=ADVANCED_FACE('',(#3904),#137,.T.);
#4232=ADVANCED_FACE('',(#3905,#3906),#4014,.F.);
#4233=ADVANCED_FACE('',(#3907),#4015,.F.);
#4234=ADVANCED_FACE('',(#3908),#4016,.F.);
#4235=ADVANCED_FACE('',(#3909),#138,.T.);
#4236=ADVANCED_FACE('',(#3910),#4017,.T.);
#4237=ADVANCED_FACE('',(#3911),#139,.T.);
#4238=ADVANCED_FACE('',(#3912),#4018,.T.);
#4239=ADVANCED_FACE('',(#3913),#140,.T.);
#4240=ADVANCED_FACE('',(#3914),#4019,.F.);
#4241=ADVANCED_FACE('',(#3915),#141,.T.);
#4242=ADVANCED_FACE('',(#3916,#3917),#142,.F.);
#4243=ADVANCED_FACE('',(#3918),#4020,.T.);
#4244=ADVANCED_FACE('',(#3919,#3920),#143,.F.);
#4245=ADVANCED_FACE('',(#3921,#3922,#3923),#4021,.T.);
#4246=ADVANCED_FACE('',(#3924,#3925,#3926),#4022,.F.);
#4247=CLOSED_SHELL('',(#4023,#4024,#4025,#4026,#4027,#4028,#4029,#4030,
#4031,#4032,#4033,#4034,#4035,#4036,#4037,#4038,#4039,#4040,#4041,#4042,
#4043,#4044,#4045,#4046,#4047,#4048,#4049,#4050,#4051,#4052,#4053,#4054,
#4055,#4056,#4057,#4058,#4059,#4060,#4061,#4062,#4063,#4064,#4065,#4066,
#4067,#4068,#4069,#4070,#4071,#4072,#4073,#4074,#4075,#4076,#4077,#4078,
#4079,#4080,#4081,#4082,#4083,#4084,#4085,#4086,#4087,#4088,#4089,#4090,
#4091,#4092,#4093,#4094,#4095,#4096,#4097,#4098,#4099,#4100,#4101,#4102,
#4103,#4104,#4105,#4106,#4107,#4108,#4109,#4110,#4111,#4112,#4113,#4114,
#4115,#4116,#4117,#4118,#4119,#4120,#4121,#4122,#4123,#4124,#4125,#4126,
#4127,#4128,#4129,#4130,#4131,#4132,#4133,#4134,#4135,#4136,#4137,#4138,
#4139,#4140,#4141,#4142,#4143,#4144,#4145,#4146,#4147,#4148,#4149,#4150,
#4151,#4152,#4153));
#4248=CLOSED_SHELL('',(#4154,#4155,#4156,#4157,#4158,#4159,#4160,#4161,
#4162,#4163,#4164,#4165,#4166,#4167,#4168,#4169,#4170,#4171,#4172,#4173,
#4174,#4175,#4176,#4177,#4178,#4179,#4180,#4181,#4182,#4183,#4184,#4185,
#4186,#4187,#4188,#4189,#4190,#4191,#4192,#4193,#4194,#4195,#4196,#4197,
#4198,#4199,#4200,#4201,#4202,#4203,#4204,#4205,#4206,#4207,#4208,#4209,
#4210,#4211,#4212,#4213,#4214,#4215,#4216,#4217,#4218,#4219,#4220,#4221,
#4222,#4223,#4224,#4225,#4226,#4227,#4228,#4229,#4230,#4231,#4232,#4233,
#4234));
#4249=CLOSED_SHELL('',(#4235,#4236,#4237,#4238,#4239,#4240,#4241,#4242,
#4243,#4244,#4245,#4246));
#4250=STYLED_ITEM('',(#4253),#4278);
#4251=STYLED_ITEM('',(#4254),#4279);
#4252=STYLED_ITEM('',(#4255),#4280);
#4253=PRESENTATION_STYLE_ASSIGNMENT((#4256));
#4254=PRESENTATION_STYLE_ASSIGNMENT((#4257));
#4255=PRESENTATION_STYLE_ASSIGNMENT((#4258));
#4256=SURFACE_STYLE_USAGE(.BOTH.,#4259);
#4257=SURFACE_STYLE_USAGE(.BOTH.,#4260);
#4258=SURFACE_STYLE_USAGE(.BOTH.,#4261);
#4259=SURFACE_SIDE_STYLE('',(#4268,#4262));
#4260=SURFACE_SIDE_STYLE('',(#4269,#4263));
#4261=SURFACE_SIDE_STYLE('',(#4270,#4264));
#4262=SURFACE_STYLE_RENDERING_WITH_PROPERTIES(.CONSTANT_SHADING.,#4277,
(#4265));
#4263=SURFACE_STYLE_RENDERING_WITH_PROPERTIES(.CONSTANT_SHADING.,#4277,
(#4266));
#4264=SURFACE_STYLE_RENDERING_WITH_PROPERTIES(.CONSTANT_SHADING.,#4277,
(#4267));
#4265=SURFACE_STYLE_TRANSPARENT(0.501960784313726);
#4266=SURFACE_STYLE_TRANSPARENT(0.501960784313726);
#4267=SURFACE_STYLE_TRANSPARENT(0.501960784313726);
#4268=SURFACE_STYLE_FILL_AREA(#4271);
#4269=SURFACE_STYLE_FILL_AREA(#4272);
#4270=SURFACE_STYLE_FILL_AREA(#4273);
#4271=FILL_AREA_STYLE('',(#4274));
#4272=FILL_AREA_STYLE('',(#4275));
#4273=FILL_AREA_STYLE('',(#4276));
#4274=FILL_AREA_STYLE_COLOUR('',#4277);
#4275=FILL_AREA_STYLE_COLOUR('',#4277);
#4276=FILL_AREA_STYLE_COLOUR('',#4277);
#4277=COLOUR_RGB('',0.231372549019608,0.380392156862745,0.705882352941177);
#4278=MANIFOLD_SOLID_BREP('Part 2',#4247);
#4279=MANIFOLD_SOLID_BREP('Part 3',#4248);
#4280=MANIFOLD_SOLID_BREP('Part 4',#4249);
#4281=SHAPE_DEFINITION_REPRESENTATION(#7396,#4284);
#4282=SHAPE_DEFINITION_REPRESENTATION(#7397,#4285);
#4283=SHAPE_DEFINITION_REPRESENTATION(#7398,#4286);
#4284=SHAPE_REPRESENTATION('Part 2',(#4287),#7381);
#4285=SHAPE_REPRESENTATION('Part 3',(#4575),#7382);
#4286=SHAPE_REPRESENTATION('Part 4',(#4752),#7383);
#4287=AXIS2_PLACEMENT_3D('',#6113,#4777,#4778);
#4288=AXIS2_PLACEMENT_3D('',#6114,#4779,#4780);
#4289=AXIS2_PLACEMENT_3D('',#6118,#4782,#4783);
#4290=AXIS2_PLACEMENT_3D('',#6122,#4785,#4786);
#4291=AXIS2_PLACEMENT_3D('',#6124,#4787,#4788);
#4292=AXIS2_PLACEMENT_3D('',#6126,#4789,#4790);
#4293=AXIS2_PLACEMENT_3D('',#6130,#4792,#4793);
#4294=AXIS2_PLACEMENT_3D('',#6134,#4795,#4796);
#4295=AXIS2_PLACEMENT_3D('',#6136,#4797,#4798);
#4296=AXIS2_PLACEMENT_3D('',#6138,#4799,#4800);
#4297=AXIS2_PLACEMENT_3D('',#6142,#4802,#4803);
#4298=AXIS2_PLACEMENT_3D('',#6146,#4805,#4806);
#4299=AXIS2_PLACEMENT_3D('',#6148,#4807,#4808);
#4300=AXIS2_PLACEMENT_3D('',#6150,#4809,#4810);
#4301=AXIS2_PLACEMENT_3D('',#6154,#4812,#4813);
#4302=AXIS2_PLACEMENT_3D('',#6158,#4815,#4816);
#4303=AXIS2_PLACEMENT_3D('',#6160,#4817,#4818);
#4304=AXIS2_PLACEMENT_3D('',#6162,#4819,#4820);
#4305=AXIS2_PLACEMENT_3D('',#6163,#4821,#4822);
#4306=AXIS2_PLACEMENT_3D('',#6164,#4823,#4824);
#4307=AXIS2_PLACEMENT_3D('',#6169,#4826,#4827);
#4308=AXIS2_PLACEMENT_3D('',#6171,#4828,#4829);
#4309=AXIS2_PLACEMENT_3D('',#6173,#4830,#4831);
#4310=AXIS2_PLACEMENT_3D('',#6177,#4833,#4834);
#4311=AXIS2_PLACEMENT_3D('',#6181,#4836,#4837);
#4312=AXIS2_PLACEMENT_3D('',#6185,#4839,#4840);
#4313=AXIS2_PLACEMENT_3D('',#6187,#4841,#4842);
#4314=AXIS2_PLACEMENT_3D('',#6189,#4843,#4844);
#4315=AXIS2_PLACEMENT_3D('',#6193,#4846,#4847);
#4316=AXIS2_PLACEMENT_3D('',#6196,#4849,#4850);
#4317=AXIS2_PLACEMENT_3D('',#6198,#4851,#4852);
#4318=AXIS2_PLACEMENT_3D('',#6200,#4853,#4854);
#4319=AXIS2_PLACEMENT_3D('',#6202,#4855,#4856);
#4320=AXIS2_PLACEMENT_3D('',#6207,#4858,#4859);
#4321=AXIS2_PLACEMENT_3D('',#6211,#4861,#4862);
#4322=AXIS2_PLACEMENT_3D('',#6213,#4863,#4864);
#4323=AXIS2_PLACEMENT_3D('',#6217,#4866,#4867);
#4324=AXIS2_PLACEMENT_3D('',#6219,#4868,#4869);
#4325=AXIS2_PLACEMENT_3D('',#6223,#4871,#4872);
#4326=AXIS2_PLACEMENT_3D('',#6227,#4874,#4875);
#4327=AXIS2_PLACEMENT_3D('',#6231,#4877,#4878);
#4328=AXIS2_PLACEMENT_3D('',#6233,#4879,#4880);
#4329=AXIS2_PLACEMENT_3D('',#6237,#4882,#4883);
#4330=AXIS2_PLACEMENT_3D('',#6239,#4884,#4885);
#4331=AXIS2_PLACEMENT_3D('',#6243,#4887,#4888);
#4332=AXIS2_PLACEMENT_3D('',#6244,#4889,#4890);
#4333=AXIS2_PLACEMENT_3D('',#6245,#4891,#4892);
#4334=AXIS2_PLACEMENT_3D('',#6250,#4894,#4895);
#4335=AXIS2_PLACEMENT_3D('',#6254,#4897,#4898);
#4336=AXIS2_PLACEMENT_3D('',#6257,#4900,#4901);
#4337=AXIS2_PLACEMENT_3D('',#6263,#4905,#4906);
#4338=AXIS2_PLACEMENT_3D('',#6264,#4907,#4908);
#4339=AXIS2_PLACEMENT_3D('',#6268,#4910,#4911);
#4340=AXIS2_PLACEMENT_3D('',#6269,#4912,#4913);
#4341=AXIS2_PLACEMENT_3D('',#6275,#4917,#4918);
#4342=AXIS2_PLACEMENT_3D('',#6276,#4919,#4920);
#4343=AXIS2_PLACEMENT_3D('',#6280,#4922,#4923);
#4344=AXIS2_PLACEMENT_3D('',#6281,#4924,#4925);
#4345=AXIS2_PLACEMENT_3D('',#6282,#4926,#4927);
#4346=AXIS2_PLACEMENT_3D('',#6286,#4929,#4930);
#4347=AXIS2_PLACEMENT_3D('',#6287,#4931,#4932);
#4348=AXIS2_PLACEMENT_3D('',#6288,#4933,#4934);
#4349=AXIS2_PLACEMENT_3D('',#6292,#4936,#4937);
#4350=AXIS2_PLACEMENT_3D('',#6293,#4938,#4939);
#4351=AXIS2_PLACEMENT_3D('',#6299,#4943,#4944);
#4352=AXIS2_PLACEMENT_3D('',#6300,#4945,#4946);
#4353=AXIS2_PLACEMENT_3D('',#6304,#4948,#4949);
#4354=AXIS2_PLACEMENT_3D('',#6305,#4950,#4951);
#4355=AXIS2_PLACEMENT_3D('',#6311,#4955,#4956);
#4356=AXIS2_PLACEMENT_3D('',#6312,#4957,#4958);
#4357=AXIS2_PLACEMENT_3D('',#6317,#4960,#4961);
#4358=AXIS2_PLACEMENT_3D('',#6318,#4962,#4963);
#4359=AXIS2_PLACEMENT_3D('',#6321,#4965,#4966);
#4360=AXIS2_PLACEMENT_3D('',#6325,#4968,#4969);
#4361=AXIS2_PLACEMENT_3D('',#6329,#4971,#4972);
#4362=AXIS2_PLACEMENT_3D('',#6330,#4973,#4974);
#4363=AXIS2_PLACEMENT_3D('',#6336,#4978,#4979);
#4364=AXIS2_PLACEMENT_3D('',#6337,#4980,#4981);
#4365=AXIS2_PLACEMENT_3D('',#6342,#4983,#4984);
#4366=AXIS2_PLACEMENT_3D('',#6343,#4985,#4986);
#4367=AXIS2_PLACEMENT_3D('',#6346,#4988,#4989);
#4368=AXIS2_PLACEMENT_3D('',#6352,#4993,#4994);
#4369=AXIS2_PLACEMENT_3D('',#6353,#4995,#4996);
#4370=AXIS2_PLACEMENT_3D('',#6357,#4998,#4999);
#4371=AXIS2_PLACEMENT_3D('',#6361,#5001,#5002);
#4372=AXIS2_PLACEMENT_3D('',#6362,#5003,#5004);
#4373=AXIS2_PLACEMENT_3D('',#6368,#5008,#5009);
#4374=AXIS2_PLACEMENT_3D('',#6369,#5010,#5011);
#4375=AXIS2_PLACEMENT_3D('',#6373,#5013,#5014);
#4376=AXIS2_PLACEMENT_3D('',#6374,#5015,#5016);
#4377=AXIS2_PLACEMENT_3D('',#6380,#5020,#5021);
#4378=AXIS2_PLACEMENT_3D('',#6381,#5022,#5023);
#4379=AXIS2_PLACEMENT_3D('',#6385,#5025,#5026);
#4380=AXIS2_PLACEMENT_3D('',#6386,#5027,#5028);
#4381=AXIS2_PLACEMENT_3D('',#6387,#5029,#5030);
#4382=AXIS2_PLACEMENT_3D('',#6391,#5032,#5033);
#4383=AXIS2_PLACEMENT_3D('',#6392,#5034,#5035);
#4384=AXIS2_PLACEMENT_3D('',#6393,#5036,#5037);
#4385=AXIS2_PLACEMENT_3D('',#6397,#5039,#5040);
#4386=AXIS2_PLACEMENT_3D('',#6398,#5041,#5042);
#4387=AXIS2_PLACEMENT_3D('',#6404,#5046,#5047);
#4388=AXIS2_PLACEMENT_3D('',#6405,#5048,#5049);
#4389=AXIS2_PLACEMENT_3D('',#6408,#5051,#5052);
#4390=AXIS2_PLACEMENT_3D('',#6412,#5055,#5056);
#4391=AXIS2_PLACEMENT_3D('',#6413,#5057,#5058);
#4392=AXIS2_PLACEMENT_3D('',#6416,#5060,#5061);
#4393=AXIS2_PLACEMENT_3D('',#6417,#5062,#5063);
#4394=AXIS2_PLACEMENT_3D('',#6420,#5065,#5066);
#4395=AXIS2_PLACEMENT_3D('',#6421,#5067,#5068);
#4396=AXIS2_PLACEMENT_3D('',#6424,#5070,#5071);
#4397=AXIS2_PLACEMENT_3D('',#6428,#5074,#5075);
#4398=AXIS2_PLACEMENT_3D('',#6429,#5076,#5077);
#4399=AXIS2_PLACEMENT_3D('',#6432,#5079,#5080);
#4400=AXIS2_PLACEMENT_3D('',#6436,#5083,#5084);
#4401=AXIS2_PLACEMENT_3D('',#6437,#5085,#5086);
#4402=AXIS2_PLACEMENT_3D('',#6440,#5088,#5089);
#4403=AXIS2_PLACEMENT_3D('',#6441,#5090,#5091);
#4404=AXIS2_PLACEMENT_3D('',#6444,#5093,#5094);
#4405=AXIS2_PLACEMENT_3D('',#6450,#5098,#5099);
#4406=AXIS2_PLACEMENT_3D('',#6451,#5100,#5101);
#4407=AXIS2_PLACEMENT_3D('',#6454,#5103,#5104);
#4408=AXIS2_PLACEMENT_3D('',#6458,#5107,#5108);
#4409=AXIS2_PLACEMENT_3D('',#6459,#5109,#5110);
#4410=AXIS2_PLACEMENT_3D('',#6462,#5112,#5113);
#4411=AXIS2_PLACEMENT_3D('',#6463,#5114,#5115);
#4412=AXIS2_PLACEMENT_3D('',#6466,#5117,#5118);
#4413=AXIS2_PLACEMENT_3D('',#6470,#5121,#5122);
#4414=AXIS2_PLACEMENT_3D('',#6471,#5123,#5124);
#4415=AXIS2_PLACEMENT_3D('',#6474,#5126,#5127);
#4416=AXIS2_PLACEMENT_3D('',#6475,#5128,#5129);
#4417=AXIS2_PLACEMENT_3D('',#6478,#5131,#5132);
#4418=AXIS2_PLACEMENT_3D('',#6482,#5135,#5136);
#4419=AXIS2_PLACEMENT_3D('',#6483,#5137,#5138);
#4420=AXIS2_PLACEMENT_3D('',#6486,#5140,#5141);
#4421=AXIS2_PLACEMENT_3D('',#6490,#5144,#5145);
#4422=AXIS2_PLACEMENT_3D('',#6491,#5146,#5147);
#4423=AXIS2_PLACEMENT_3D('',#6494,#5149,#5150);
#4424=AXIS2_PLACEMENT_3D('',#6498,#5153,#5154);
#4425=AXIS2_PLACEMENT_3D('',#6499,#5155,#5156);
#4426=AXIS2_PLACEMENT_3D('',#6502,#5158,#5159);
#4427=AXIS2_PLACEMENT_3D('',#6503,#5160,#5161);
#4428=AXIS2_PLACEMENT_3D('',#6506,#5163,#5164);
#4429=AXIS2_PLACEMENT_3D('',#6510,#5167,#5168);
#4430=AXIS2_PLACEMENT_3D('',#6511,#5169,#5170);
#4431=AXIS2_PLACEMENT_3D('',#6514,#5172,#5173);
#4432=AXIS2_PLACEMENT_3D('',#6515,#5174,#5175);
#4433=AXIS2_PLACEMENT_3D('',#6518,#5177,#5178);
#4434=AXIS2_PLACEMENT_3D('',#6522,#5181,#5182);
#4435=AXIS2_PLACEMENT_3D('',#6525,#5185,#5186);
#4436=AXIS2_PLACEMENT_3D('',#6526,#5187,#5188);
#4437=AXIS2_PLACEMENT_3D('',#6527,#5189,#5190);
#4438=AXIS2_PLACEMENT_3D('',#6528,#5191,#5192);
#4439=AXIS2_PLACEMENT_3D('',#6530,#5193,#5194);
#4440=AXIS2_PLACEMENT_3D('',#6531,#5195,#5196);
#4441=AXIS2_PLACEMENT_3D('',#6533,#5197,#5198);
#4442=AXIS2_PLACEMENT_3D('',#6534,#5199,#5200);
#4443=AXIS2_PLACEMENT_3D('',#6536,#5201,#5202);
#4444=AXIS2_PLACEMENT_3D('',#6537,#5203,#5204);
#4445=AXIS2_PLACEMENT_3D('',#6539,#5205,#5206);
#4446=AXIS2_PLACEMENT_3D('',#6540,#5207,#5208);
#4447=AXIS2_PLACEMENT_3D('',#6541,#5209,#5210);
#4448=AXIS2_PLACEMENT_3D('',#6544,#5213,#5214);
#4449=AXIS2_PLACEMENT_3D('',#6548,#5216,#5217);
#4450=AXIS2_PLACEMENT_3D('',#6550,#5218,#5219);
#4451=AXIS2_PLACEMENT_3D('',#6552,#5220,#5221);
#4452=AXIS2_PLACEMENT_3D('',#6556,#5223,#5224);
#4453=AXIS2_PLACEMENT_3D('',#6560,#5226,#5227);
#4454=AXIS2_PLACEMENT_3D('',#6562,#5228,#5229);
#4455=AXIS2_PLACEMENT_3D('',#6564,#5230,#5231);
#4456=AXIS2_PLACEMENT_3D('',#6568,#5233,#5234);
#4457=AXIS2_PLACEMENT_3D('',#6569,#5235,#5236);
#4458=AXIS2_PLACEMENT_3D('',#6574,#5238,#5239);
#4459=AXIS2_PLACEMENT_3D('',#6578,#5241,#5242);
#4460=AXIS2_PLACEMENT_3D('',#6580,#5243,#5244);
#4461=AXIS2_PLACEMENT_3D('',#6582,#5245,#5246);
#4462=AXIS2_PLACEMENT_3D('',#6586,#5248,#5249);
#4463=AXIS2_PLACEMENT_3D('',#6590,#5251,#5252);
#4464=AXIS2_PLACEMENT_3D('',#6594,#5254,#5255);
#4465=AXIS2_PLACEMENT_3D('',#6596,#5256,#5257);
#4466=AXIS2_PLACEMENT_3D('',#6598,#5258,#5259);
#4467=AXIS2_PLACEMENT_3D('',#6601,#5261,#5262);
#4468=AXIS2_PLACEMENT_3D('',#6602,#5263,#5264);
#4469=AXIS2_PLACEMENT_3D('',#6607,#5266,#5267);
#4470=AXIS2_PLACEMENT_3D('',#6612,#5271,#5272);
#4471=AXIS2_PLACEMENT_3D('',#6613,#5273,#5274);
#4472=AXIS2_PLACEMENT_3D('',#6618,#5276,#5277);
#4473=AXIS2_PLACEMENT_3D('',#6621,#5279,#5280);
#4474=AXIS2_PLACEMENT_3D('',#6623,#5282,#5283);
#4475=AXIS2_PLACEMENT_3D('',#6624,#5284,#5285);
#4476=AXIS2_PLACEMENT_3D('',#6626,#5287,#5288);
#4477=AXIS2_PLACEMENT_3D('',#6627,#5289,#5290);
#4478=AXIS2_PLACEMENT_3D('',#6630,#5293,#5294);
#4479=AXIS2_PLACEMENT_3D('',#6632,#5296,#5297);
#4480=AXIS2_PLACEMENT_3D('',#6634,#5299,#5300);
#4481=AXIS2_PLACEMENT_3D('',#6635,#5301,#5302);
#4482=AXIS2_PLACEMENT_3D('',#6638,#5304,#5305);
#4483=AXIS2_PLACEMENT_3D('',#6641,#5307,#5308);
#4484=AXIS2_PLACEMENT_3D('',#6644,#5310,#5311);
#4485=AXIS2_PLACEMENT_3D('',#6647,#5313,#5314);
#4486=AXIS2_PLACEMENT_3D('',#6651,#5317,#5318);
#4487=AXIS2_PLACEMENT_3D('',#6655,#5321,#5322);
#4488=AXIS2_PLACEMENT_3D('',#6656,#5323,#5324);
#4489=AXIS2_PLACEMENT_3D('',#6659,#5326,#5327);
#4490=AXIS2_PLACEMENT_3D('',#6662,#5329,#5330);
#4491=AXIS2_PLACEMENT_3D('',#6663,#5331,#5332);
#4492=AXIS2_PLACEMENT_3D('',#6664,#5333,#5334);
#4493=AXIS2_PLACEMENT_3D('',#6667,#5336,#5337);
#4494=AXIS2_PLACEMENT_3D('',#6670,#5339,#5340);
#4495=AXIS2_PLACEMENT_3D('',#6671,#5341,#5342);
#4496=AXIS2_PLACEMENT_3D('',#6672,#5343,#5344);
#4497=AXIS2_PLACEMENT_3D('',#6675,#5346,#5347);
#4498=AXIS2_PLACEMENT_3D('',#6678,#5349,#5350);
#4499=AXIS2_PLACEMENT_3D('',#6679,#5351,#5352);
#4500=AXIS2_PLACEMENT_3D('',#6683,#5355,#5356);
#4501=AXIS2_PLACEMENT_3D('',#6687,#5359,#5360);
#4502=AXIS2_PLACEMENT_3D('',#6688,#5361,#5362);
#4503=AXIS2_PLACEMENT_3D('',#6691,#5364,#5365);
#4504=AXIS2_PLACEMENT_3D('',#6694,#5367,#5368);
#4505=AXIS2_PLACEMENT_3D('',#6695,#5369,#5370);
#4506=AXIS2_PLACEMENT_3D('',#6699,#5373,#5374);
#4507=AXIS2_PLACEMENT_3D('',#6703,#5377,#5378);
#4508=AXIS2_PLACEMENT_3D('',#6704,#5379,#5380);
#4509=AXIS2_PLACEMENT_3D('',#6707,#5382,#5383);
#4510=AXIS2_PLACEMENT_3D('',#6710,#5385,#5386);
#4511=AXIS2_PLACEMENT_3D('',#6711,#5387,#5388);
#4512=AXIS2_PLACEMENT_3D('',#6715,#5391,#5392);
#4513=AXIS2_PLACEMENT_3D('',#6719,#5395,#5396);
#4514=AXIS2_PLACEMENT_3D('',#6720,#5397,#5398);
#4515=AXIS2_PLACEMENT_3D('',#6723,#5400,#5401);
#4516=AXIS2_PLACEMENT_3D('',#6726,#5403,#5404);
#4517=AXIS2_PLACEMENT_3D('',#6727,#5405,#5406);
#4518=AXIS2_PLACEMENT_3D('',#6728,#5407,#5408);
#4519=AXIS2_PLACEMENT_3D('',#6731,#5410,#5411);
#4520=AXIS2_PLACEMENT_3D('',#6734,#5413,#5414);
#4521=AXIS2_PLACEMENT_3D('',#6735,#5415,#5416);
#4522=AXIS2_PLACEMENT_3D('',#6736,#5417,#5418);
#4523=AXIS2_PLACEMENT_3D('',#6739,#5420,#5421);
#4524=AXIS2_PLACEMENT_3D('',#6742,#5423,#5424);
#4525=AXIS2_PLACEMENT_3D('',#6743,#5425,#5426);
#4526=AXIS2_PLACEMENT_3D('',#6747,#5429,#5430);
#4527=AXIS2_PLACEMENT_3D('',#6751,#5433,#5434);
#4528=AXIS2_PLACEMENT_3D('',#6752,#5435,#5436);
#4529=AXIS2_PLACEMENT_3D('',#6755,#5438,#5439);
#4530=AXIS2_PLACEMENT_3D('',#6758,#5441,#5442);
#4531=AXIS2_PLACEMENT_3D('',#6759,#5443,#5444);
#4532=AXIS2_PLACEMENT_3D('',#6762,#5447,#5448);
#4533=AXIS2_PLACEMENT_3D('',#6763,#5449,#5450);
#4534=AXIS2_PLACEMENT_3D('',#6764,#5451,#5452);
#4535=AXIS2_PLACEMENT_3D('',#6770,#5456,#5457);
#4536=AXIS2_PLACEMENT_3D('',#6776,#5461,#5462);
#4537=AXIS2_PLACEMENT_3D('',#6779,#5464,#5465);
#4538=AXIS2_PLACEMENT_3D('',#6780,#5466,#5467);
#4539=AXIS2_PLACEMENT_3D('',#6781,#5468,#5469);
#4540=AXIS2_PLACEMENT_3D('',#6784,#5471,#5472);
#4541=AXIS2_PLACEMENT_3D('',#6787,#5474,#5475);
#4542=AXIS2_PLACEMENT_3D('',#6788,#5476,#5477);
#4543=AXIS2_PLACEMENT_3D('',#6789,#5478,#5479);
#4544=AXIS2_PLACEMENT_3D('',#6792,#5481,#5482);
#4545=AXIS2_PLACEMENT_3D('',#6795,#5484,#5485);
#4546=AXIS2_PLACEMENT_3D('',#6796,#5486,#5487);
#4547=AXIS2_PLACEMENT_3D('',#6797,#5488,#5489);
#4548=AXIS2_PLACEMENT_3D('',#6800,#5491,#5492);
#4549=AXIS2_PLACEMENT_3D('',#6804,#5495,#5496);
#4550=AXIS2_PLACEMENT_3D('',#6808,#5499,#5500);
#4551=AXIS2_PLACEMENT_3D('',#6811,#5502,#5503);
#4552=AXIS2_PLACEMENT_3D('',#6812,#5504,#5505);
#4553=AXIS2_PLACEMENT_3D('',#6813,#5506,#5507);
#4554=AXIS2_PLACEMENT_3D('',#6816,#5509,#5510);
#4555=AXIS2_PLACEMENT_3D('',#6820,#5513,#5514);
#4556=AXIS2_PLACEMENT_3D('',#6824,#5517,#5518);
#4557=AXIS2_PLACEMENT_3D('',#6827,#5520,#5521);
#4558=AXIS2_PLACEMENT_3D('',#6828,#5522,#5523);
#4559=AXIS2_PLACEMENT_3D('',#6829,#5524,#5525);
#4560=AXIS2_PLACEMENT_3D('',#6832,#5527,#5528);
#4561=AXIS2_PLACEMENT_3D('',#6835,#5530,#5531);
#4562=AXIS2_PLACEMENT_3D('',#6836,#5532,#5533);
#4563=AXIS2_PLACEMENT_3D('',#6837,#5534,#5535);
#4564=AXIS2_PLACEMENT_3D('',#6840,#5537,#5538);
#4565=AXIS2_PLACEMENT_3D('',#6843,#5540,#5541);
#4566=AXIS2_PLACEMENT_3D('',#6844,#5542,#5543);
#4567=AXIS2_PLACEMENT_3D('',#6845,#5544,#5545);
#4568=AXIS2_PLACEMENT_3D('',#6848,#5547,#5548);
#4569=AXIS2_PLACEMENT_3D('',#6852,#5551,#5552);
#4570=AXIS2_PLACEMENT_3D('',#6856,#5555,#5556);
#4571=AXIS2_PLACEMENT_3D('',#6857,#5557,#5558);
#4572=AXIS2_PLACEMENT_3D('',#6858,#5559,#5560);
#4573=AXIS2_PLACEMENT_3D('',#6859,#5561,#5562);
#4574=AXIS2_PLACEMENT_3D('',#6860,#5563,#5564);
#4575=AXIS2_PLACEMENT_3D('',#6861,#5565,#5566);
#4576=AXIS2_PLACEMENT_3D('',#6862,#5567,#5568);
#4577=AXIS2_PLACEMENT_3D('',#6863,#5569,#5570);
#4578=AXIS2_PLACEMENT_3D('',#6868,#5572,#5573);
#4579=AXIS2_PLACEMENT_3D('',#6870,#5574,#5575);
#4580=AXIS2_PLACEMENT_3D('',#6872,#5576,#5577);
#4581=AXIS2_PLACEMENT_3D('',#6876,#5579,#5580);
#4582=AXIS2_PLACEMENT_3D('',#6880,#5582,#5583);
#4583=AXIS2_PLACEMENT_3D('',#6884,#5585,#5586);
#4584=AXIS2_PLACEMENT_3D('',#6886,#5587,#5588);
#4585=AXIS2_PLACEMENT_3D('',#6888,#5589,#5590);
#4586=AXIS2_PLACEMENT_3D('',#6892,#5592,#5593);
#4587=AXIS2_PLACEMENT_3D('',#6895,#5595,#5596);
#4588=AXIS2_PLACEMENT_3D('',#6900,#5598,#5599);
#4589=AXIS2_PLACEMENT_3D('',#6904,#5601,#5602);
#4590=AXIS2_PLACEMENT_3D('',#6908,#5604,#5605);
#4591=AXIS2_PLACEMENT_3D('',#6911,#5607,#5608);
#4592=AXIS2_PLACEMENT_3D('',#6912,#5609,#5610);
#4593=AXIS2_PLACEMENT_3D('',#6914,#5611,#5612);
#4594=AXIS2_PLACEMENT_3D('',#6916,#5613,#5614);
#4595=AXIS2_PLACEMENT_3D('',#6920,#5616,#5617);
#4596=AXIS2_PLACEMENT_3D('',#6922,#5618,#5619);
#4597=AXIS2_PLACEMENT_3D('',#6924,#5620,#5621);
#4598=AXIS2_PLACEMENT_3D('',#6928,#5623,#5624);
#4599=AXIS2_PLACEMENT_3D('',#6932,#5626,#5627);
#4600=AXIS2_PLACEMENT_3D('',#6934,#5628,#5629);
#4601=AXIS2_PLACEMENT_3D('',#6936,#5630,#5631);
#4602=AXIS2_PLACEMENT_3D('',#6940,#5633,#5634);
#4603=AXIS2_PLACEMENT_3D('',#6941,#5635,#5636);
#4604=AXIS2_PLACEMENT_3D('',#6942,#5637,#5638);
#4605=AXIS2_PLACEMENT_3D('',#6947,#5640,#5641);
#4606=AXIS2_PLACEMENT_3D('',#6949,#5642,#5643);
#4607=AXIS2_PLACEMENT_3D('',#6951,#5644,#5645);
#4608=AXIS2_PLACEMENT_3D('',#6955,#5647,#5648);
#4609=AXIS2_PLACEMENT_3D('',#6959,#5650,#5651);
#4610=AXIS2_PLACEMENT_3D('',#6961,#5652,#5653);
#4611=AXIS2_PLACEMENT_3D('',#6963,#5654,#5655);
#4612=AXIS2_PLACEMENT_3D('',#6966,#5657,#5658);
#4613=AXIS2_PLACEMENT_3D('',#6967,#5659,#5660);
#4614=AXIS2_PLACEMENT_3D('',#6972,#5663,#5664);
#4615=AXIS2_PLACEMENT_3D('',#6973,#5665,#5666);
#4616=AXIS2_PLACEMENT_3D('',#6978,#5669,#5670);
#4617=AXIS2_PLACEMENT_3D('',#6981,#5672,#5673);
#4618=AXIS2_PLACEMENT_3D('',#6983,#5674,#5675);
#4619=AXIS2_PLACEMENT_3D('',#6984,#5676,#5677);
#4620=AXIS2_PLACEMENT_3D('',#6987,#5679,#5680);
#4621=AXIS2_PLACEMENT_3D('',#6991,#5683,#5684);
#4622=AXIS2_PLACEMENT_3D('',#6992,#5685,#5686);
#4623=AXIS2_PLACEMENT_3D('',#6995,#5688,#5689);
#4624=AXIS2_PLACEMENT_3D('',#7003,#5694,#5695);
#4625=AXIS2_PLACEMENT_3D('',#7004,#5696,#5697);
#4626=AXIS2_PLACEMENT_3D('',#7008,#5699,#5700);
#4627=AXIS2_PLACEMENT_3D('',#7009,#5701,#5702);
#4628=AXIS2_PLACEMENT_3D('',#7015,#5706,#5707);
#4629=AXIS2_PLACEMENT_3D('',#7016,#5708,#5709);
#4630=AXIS2_PLACEMENT_3D('',#7020,#5711,#5712);
#4631=AXIS2_PLACEMENT_3D('',#7021,#5713,#5714);
#4632=AXIS2_PLACEMENT_3D('',#7028,#5719,#5720);
#4633=AXIS2_PLACEMENT_3D('',#7029,#5721,#5722);
#4634=AXIS2_PLACEMENT_3D('',#7032,#5724,#5725);
#4635=AXIS2_PLACEMENT_3D('',#7033,#5726,#5727);
#4636=AXIS2_PLACEMENT_3D('',#7035,#5728,#5729);
#4637=AXIS2_PLACEMENT_3D('',#7036,#5730,#5731);
#4638=AXIS2_PLACEMENT_3D('',#7039,#5733,#5734);
#4639=AXIS2_PLACEMENT_3D('',#7043,#5737,#5738);
#4640=AXIS2_PLACEMENT_3D('',#7044,#5739,#5740);
#4641=AXIS2_PLACEMENT_3D('',#7047,#5742,#5743);
#4642=AXIS2_PLACEMENT_3D('',#7055,#5748,#5749);
#4643=AXIS2_PLACEMENT_3D('',#7056,#5750,#5751);
#4644=AXIS2_PLACEMENT_3D('',#7060,#5753,#5754);
#4645=AXIS2_PLACEMENT_3D('',#7061,#5755,#5756);
#4646=AXIS2_PLACEMENT_3D('',#7067,#5760,#5761);
#4647=AXIS2_PLACEMENT_3D('',#7068,#5762,#5763);
#4648=AXIS2_PLACEMENT_3D('',#7072,#5765,#5766);
#4649=AXIS2_PLACEMENT_3D('',#7073,#5767,#5768);
#4650=AXIS2_PLACEMENT_3D('',#7080,#5773,#5774);
#4651=AXIS2_PLACEMENT_3D('',#7081,#5775,#5776);
#4652=AXIS2_PLACEMENT_3D('',#7084,#5778,#5779);
#4653=AXIS2_PLACEMENT_3D('',#7088,#5782,#5783);
#4654=AXIS2_PLACEMENT_3D('',#7089,#5784,#5785);
#4655=AXIS2_PLACEMENT_3D('',#7094,#5788,#5789);
#4656=AXIS2_PLACEMENT_3D('',#7098,#5792,#5793);
#4657=AXIS2_PLACEMENT_3D('',#7099,#5794,#5795);
#4658=AXIS2_PLACEMENT_3D('',#7102,#5797,#5798);
#4659=AXIS2_PLACEMENT_3D('',#7106,#5801,#5802);
#4660=AXIS2_PLACEMENT_3D('',#7107,#5803,#5804);
#4661=AXIS2_PLACEMENT_3D('',#7110,#5806,#5807);
#4662=AXIS2_PLACEMENT_3D('',#7114,#5810,#5811);
#4663=AXIS2_PLACEMENT_3D('',#7115,#5812,#5813);
#4664=AXIS2_PLACEMENT_3D('',#7118,#5815,#5816);
#4665=AXIS2_PLACEMENT_3D('',#7119,#5817,#5818);
#4666=AXIS2_PLACEMENT_3D('',#7120,#5819,#5820);
#4667=AXIS2_PLACEMENT_3D('',#7122,#5822,#5823);
#4668=AXIS2_PLACEMENT_3D('',#7124,#5825,#5826);
#4669=AXIS2_PLACEMENT_3D('',#7125,#5827,#5828);
#4670=AXIS2_PLACEMENT_3D('',#7126,#5829,#5830);
#4671=AXIS2_PLACEMENT_3D('',#7131,#5832,#5833);
#4672=AXIS2_PLACEMENT_3D('',#7135,#5835,#5836);
#4673=AXIS2_PLACEMENT_3D('',#7137,#5837,#5838);
#4674=AXIS2_PLACEMENT_3D('',#7139,#5839,#5840);
#4675=AXIS2_PLACEMENT_3D('',#7143,#5842,#5843);
#4676=AXIS2_PLACEMENT_3D('',#7147,#5845,#5846);
#4677=AXIS2_PLACEMENT_3D('',#7151,#5848,#5849);
#4678=AXIS2_PLACEMENT_3D('',#7153,#5850,#5851);
#4679=AXIS2_PLACEMENT_3D('',#7155,#5852,#5853);
#4680=AXIS2_PLACEMENT_3D('',#7158,#5855,#5856);
#4681=AXIS2_PLACEMENT_3D('',#7160,#5857,#5858);
#4682=AXIS2_PLACEMENT_3D('',#7162,#5859,#5860);
#4683=AXIS2_PLACEMENT_3D('',#7163,#5861,#5862);
#4684=AXIS2_PLACEMENT_3D('',#7165,#5863,#5864);
#4685=AXIS2_PLACEMENT_3D('',#7167,#5865,#5866);
#4686=AXIS2_PLACEMENT_3D('',#7168,#5867,#5868);
#4687=AXIS2_PLACEMENT_3D('',#7169,#5869,#5870);
#4688=AXIS2_PLACEMENT_3D('',#7171,#5871,#5872);
#4689=AXIS2_PLACEMENT_3D('',#7173,#5874,#5875);
#4690=AXIS2_PLACEMENT_3D('',#7175,#5877,#5878);
#4691=AXIS2_PLACEMENT_3D('',#7176,#5879,#5880);
#4692=AXIS2_PLACEMENT_3D('',#7178,#5882,#5883);
#4693=AXIS2_PLACEMENT_3D('',#7180,#5885,#5886);
#4694=AXIS2_PLACEMENT_3D('',#7181,#5887,#5888);
#4695=AXIS2_PLACEMENT_3D('',#7182,#5889,#5890);
#4696=AXIS2_PLACEMENT_3D('',#7184,#5891,#5892);
#4697=AXIS2_PLACEMENT_3D('',#7185,#5893,#5894);
#4698=AXIS2_PLACEMENT_3D('',#7187,#5895,#5896);
#4699=AXIS2_PLACEMENT_3D('',#7188,#5897,#5898);
#4700=AXIS2_PLACEMENT_3D('',#7191,#5900,#5901);
#4701=AXIS2_PLACEMENT_3D('',#7194,#5903,#5904);
#4702=AXIS2_PLACEMENT_3D('',#7197,#5906,#5907);
#4703=AXIS2_PLACEMENT_3D('',#7200,#5909,#5910);
#4704=AXIS2_PLACEMENT_3D('',#7204,#5913,#5914);
#4705=AXIS2_PLACEMENT_3D('',#7208,#5917,#5918);
#4706=AXIS2_PLACEMENT_3D('',#7209,#5919,#5920);
#4707=AXIS2_PLACEMENT_3D('',#7212,#5922,#5923);
#4708=AXIS2_PLACEMENT_3D('',#7215,#5925,#5926);
#4709=AXIS2_PLACEMENT_3D('',#7216,#5927,#5928);
#4710=AXIS2_PLACEMENT_3D('',#7217,#5929,#5930);
#4711=AXIS2_PLACEMENT_3D('',#7220,#5932,#5933);
#4712=AXIS2_PLACEMENT_3D('',#7223,#5935,#5936);
#4713=AXIS2_PLACEMENT_3D('',#7224,#5937,#5938);
#4714=AXIS2_PLACEMENT_3D('',#7225,#5939,#5940);
#4715=AXIS2_PLACEMENT_3D('',#7228,#5942,#5943);
#4716=AXIS2_PLACEMENT_3D('',#7231,#5945,#5946);
#4717=AXIS2_PLACEMENT_3D('',#7232,#5947,#5948);
#4718=AXIS2_PLACEMENT_3D('',#7236,#5951,#5952);
#4719=AXIS2_PLACEMENT_3D('',#7240,#5955,#5956);
#4720=AXIS2_PLACEMENT_3D('',#7241,#5957,#5958);
#4721=AXIS2_PLACEMENT_3D('',#7244,#5960,#5961);
#4722=AXIS2_PLACEMENT_3D('',#7247,#5963,#5964);
#4723=AXIS2_PLACEMENT_3D('',#7248,#5965,#5966);
#4724=AXIS2_PLACEMENT_3D('',#7252,#5969,#5970);
#4725=AXIS2_PLACEMENT_3D('',#7256,#5973,#5974);
#4726=AXIS2_PLACEMENT_3D('',#7257,#5975,#5976);
#4727=AXIS2_PLACEMENT_3D('',#7260,#5978,#5979);
#4728=AXIS2_PLACEMENT_3D('',#7263,#5981,#5982);
#4729=AXIS2_PLACEMENT_3D('',#7264,#5983,#5984);
#4730=AXIS2_PLACEMENT_3D('',#7268,#5987,#5988);
#4731=AXIS2_PLACEMENT_3D('',#7272,#5991,#5992);
#4732=AXIS2_PLACEMENT_3D('',#7273,#5993,#5994);
#4733=AXIS2_PLACEMENT_3D('',#7276,#5996,#5997);
#4734=AXIS2_PLACEMENT_3D('',#7279,#5999,#6000);
#4735=AXIS2_PLACEMENT_3D('',#7280,#6001,#6002);
#4736=AXIS2_PLACEMENT_3D('',#7281,#6003,#6004);
#4737=AXIS2_PLACEMENT_3D('',#7284,#6006,#6007);
#4738=AXIS2_PLACEMENT_3D('',#7287,#6009,#6010);
#4739=AXIS2_PLACEMENT_3D('',#7288,#6011,#6012);
#4740=AXIS2_PLACEMENT_3D('',#7289,#6013,#6014);
#4741=AXIS2_PLACEMENT_3D('',#7292,#6016,#6017);
#4742=AXIS2_PLACEMENT_3D('',#7295,#6019,#6020);
#4743=AXIS2_PLACEMENT_3D('',#7296,#6021,#6022);
#4744=AXIS2_PLACEMENT_3D('',#7300,#6025,#6026);
#4745=AXIS2_PLACEMENT_3D('',#7304,#6029,#6030);
#4746=AXIS2_PLACEMENT_3D('',#7305,#6031,#6032);
#4747=AXIS2_PLACEMENT_3D('',#7308,#6034,#6035);
#4748=AXIS2_PLACEMENT_3D('',#7311,#6037,#6038);
#4749=AXIS2_PLACEMENT_3D('',#7312,#6039,#6040);
#4750=AXIS2_PLACEMENT_3D('',#7315,#6043,#6044);
#4751=AXIS2_PLACEMENT_3D('',#7316,#6045,#6046);
#4752=AXIS2_PLACEMENT_3D('',#7317,#6047,#6048);
#4753=AXIS2_PLACEMENT_3D('',#7318,#6049,#6050);
#4754=AXIS2_PLACEMENT_3D('',#7319,#6051,#6052);
#4755=AXIS2_PLACEMENT_3D('',#7324,#6054,#6055);
#4756=AXIS2_PLACEMENT_3D('',#7327,#6057,#6058);
#4757=AXIS2_PLACEMENT_3D('',#7333,#6062,#6063);
#4758=AXIS2_PLACEMENT_3D('',#7334,#6064,#6065);
#4759=AXIS2_PLACEMENT_3D('',#7338,#6067,#6068);
#4760=AXIS2_PLACEMENT_3D('',#7339,#6069,#6070);
#4761=AXIS2_PLACEMENT_3D('',#7345,#6074,#6075);
#4762=AXIS2_PLACEMENT_3D('',#7346,#6076,#6077);
#4763=AXIS2_PLACEMENT_3D('',#7350,#6079,#6080);
#4764=AXIS2_PLACEMENT_3D('',#7351,#6081,#6082);
#4765=AXIS2_PLACEMENT_3D('',#7357,#6086,#6087);
#4766=AXIS2_PLACEMENT_3D('',#7358,#6088,#6089);
#4767=AXIS2_PLACEMENT_3D('',#7362,#6091,#6092);
#4768=AXIS2_PLACEMENT_3D('',#7363,#6093,#6094);
#4769=AXIS2_PLACEMENT_3D('',#7364,#6095,#6096);
#4770=AXIS2_PLACEMENT_3D('',#7366,#6097,#6098);
#4771=AXIS2_PLACEMENT_3D('',#7368,#6099,#6100);
#4772=AXIS2_PLACEMENT_3D('',#7371,#6103,#6104);
#4773=AXIS2_PLACEMENT_3D('',#7372,#6105,#6106);
#4774=AXIS2_PLACEMENT_3D('',#7374,#6107,#6108);
#4775=AXIS2_PLACEMENT_3D('',#7376,#6109,#6110);
#4776=AXIS2_PLACEMENT_3D('',#7377,#6111,#6112);
#4777=DIRECTION('',(0.,0.,1.));
#4778=DIRECTION('',(1.,0.,0.));
#4779=DIRECTION('',(0.,0.,1.));
#4780=DIRECTION('',(1.,0.,0.));
#4781=DIRECTION('',(-1.,-2.01823659781567E-16,0.));
#4782=DIRECTION('',(0.,0.,1.));
#4783=DIRECTION('',(1.,0.,0.));
#4784=DIRECTION('',(1.,-3.6425808364792E-16,0.));
#4785=DIRECTION('',(0.,0.,1.));
#4786=DIRECTION('',(1.,0.,0.));
#4787=DIRECTION('',(0.,0.,1.));
#4788=DIRECTION('',(1.,0.,0.));
#4789=DIRECTION('',(0.,0.,1.));
#4790=DIRECTION('',(1.,0.,0.));
#4791=DIRECTION('',(1.,-4.65169913538704E-16,0.));
#4792=DIRECTION('',(0.,0.,1.));
#4793=DIRECTION('',(1.,0.,0.));
#4794=DIRECTION('',(-1.,-3.02735489672351E-16,0.));
#4795=DIRECTION('',(0.,0.,1.));
#4796=DIRECTION('',(1.,0.,0.));
#4797=DIRECTION('',(0.,0.,1.));
#4798=DIRECTION('',(1.,0.,0.));
#4799=DIRECTION('',(0.,0.,1.));
#4800=DIRECTION('',(1.,0.,0.));
#4801=DIRECTION('',(1.,8.07294639126269E-16,0.));
#4802=DIRECTION('',(0.,0.,-1.));
#4803=DIRECTION('',(1.,0.,0.));
#4804=DIRECTION('',(-1.,-1.00911829890784E-16,0.));
#4805=DIRECTION('',(0.,0.,1.));
#4806=DIRECTION('',(1.,0.,0.));
#4807=DIRECTION('',(0.,0.,1.));
#4808=DIRECTION('',(1.,0.,0.));
#4809=DIRECTION('',(0.,0.,-1.));
#4810=DIRECTION('',(1.,0.,0.));
#4811=DIRECTION('',(-1.,-3.02735489672351E-16,0.));
#4812=DIRECTION('',(0.,0.,-1.));
#4813=DIRECTION('',(1.,0.,0.));
#4814=DIRECTION('',(1.,0.,0.));
#4815=DIRECTION('',(0.,0.,1.));
#4816=DIRECTION('',(1.,0.,0.));
#4817=DIRECTION('',(0.,0.,1.));
#4818=DIRECTION('',(1.,0.,0.));
#4819=DIRECTION('',(0.,0.,-1.));
#4820=DIRECTION('',(1.,0.,0.));
#4821=DIRECTION('',(0.,0.,1.));
#4822=DIRECTION('',(1.,0.,0.));
#4823=DIRECTION('',(0.,0.,1.));
#4824=DIRECTION('',(1.,0.,0.));
#4825=DIRECTION('',(0.,-1.,0.));
#4826=DIRECTION('',(0.,0.,1.));
#4827=DIRECTION('',(1.,0.,0.));
#4828=DIRECTION('',(0.,0.,1.));
#4829=DIRECTION('',(1.,0.,0.));
#4830=DIRECTION('',(0.,0.,1.));
#4831=DIRECTION('',(1.,0.,0.));
#4832=DIRECTION('',(-1.62434423866352E-16,-1.,0.));
#4833=DIRECTION('',(0.,0.,1.));
#4834=DIRECTION('',(1.,0.,0.));
#4835=DIRECTION('',(-1.,1.62434423866352E-16,0.));
#4836=DIRECTION('',(0.,0.,1.));
#4837=DIRECTION('',(1.,0.,0.));
#4838=DIRECTION('',(-6.70793693364317E-17,1.,0.));
#4839=DIRECTION('',(0.,0.,1.));
#4840=DIRECTION('',(1.,0.,0.));
#4841=DIRECTION('',(0.,0.,1.));
#4842=DIRECTION('',(1.,0.,0.));
#4843=DIRECTION('',(0.,0.,1.));
#4844=DIRECTION('',(1.,0.,0.));
#4845=DIRECTION('',(-1.66002246504957E-16,1.,0.));
#4846=DIRECTION('',(0.,0.,1.));
#4847=DIRECTION('',(1.,0.,0.));
#4848=DIRECTION('',(1.,0.,0.));
#4849=DIRECTION('',(0.,0.,1.));
#4850=DIRECTION('',(1.,0.,0.));
#4851=DIRECTION('',(0.,0.,1.));
#4852=DIRECTION('',(1.,0.,0.));
#4853=DIRECTION('',(0.,0.,1.));
#4854=DIRECTION('',(1.,0.,0.));
#4855=DIRECTION('',(0.,0.,1.));
#4856=DIRECTION('',(1.,0.,0.));
#4857=DIRECTION('',(1.,0.,0.));
#4858=DIRECTION('',(0.,0.,1.));
#4859=DIRECTION('',(1.,0.,0.));
#4860=DIRECTION('',(0.,1.,0.));
#4861=DIRECTION('',(0.,0.,1.));
#4862=DIRECTION('',(1.,0.,0.));
#4863=DIRECTION('',(0.,0.,1.));
#4864=DIRECTION('',(1.,0.,0.));
#4865=DIRECTION('',(0.,-1.,0.));
#4866=DIRECTION('',(0.,0.,1.));
#4867=DIRECTION('',(1.,0.,0.));
#4868=DIRECTION('',(0.,0.,1.));
#4869=DIRECTION('',(1.,0.,0.));
#4870=DIRECTION('',(0.,1.,0.));
#4871=DIRECTION('',(0.,0.,1.));
#4872=DIRECTION('',(1.,0.,0.));
#4873=DIRECTION('',(1.,0.,0.));
#4874=DIRECTION('',(0.,0.,1.));
#4875=DIRECTION('',(1.,0.,0.));
#4876=DIRECTION('',(0.,1.,0.));
#4877=DIRECTION('',(0.,0.,1.));
#4878=DIRECTION('',(1.,0.,0.));
#4879=DIRECTION('',(0.,0.,1.));
#4880=DIRECTION('',(1.,0.,0.));
#4881=DIRECTION('',(0.,-1.,0.));
#4882=DIRECTION('',(0.,0.,1.));
#4883=DIRECTION('',(1.,0.,0.));
#4884=DIRECTION('',(0.,0.,1.));
#4885=DIRECTION('',(1.,0.,0.));
#4886=DIRECTION('',(-3.46944695195361E-15,1.,0.));
#4887=DIRECTION('',(0.,0.,1.));
#4888=DIRECTION('',(1.,0.,0.));
#4889=DIRECTION('',(0.,0.,-1.));
#4890=DIRECTION('',(-1.,0.,0.));
#4891=DIRECTION('',(0.,0.,1.));
#4892=DIRECTION('',(1.,0.,0.));
#4893=DIRECTION('',(0.,0.,-1.));
#4894=DIRECTION('',(0.,0.,-1.));
#4895=DIRECTION('',(1.,0.,0.));
#4896=DIRECTION('',(0.,0.,-1.));
#4897=DIRECTION('',(0.,0.,1.));
#4898=DIRECTION('',(1.,0.,0.));
#4899=DIRECTION('',(0.,0.,-1.));
#4900=DIRECTION('',(1.,1.66002246504957E-16,0.));
#4901=DIRECTION('',(-1.66002246504957E-16,1.,0.));
#4902=DIRECTION('',(1.66002246504957E-16,-1.,0.));
#4903=DIRECTION('',(0.,0.,-1.));
#4904=DIRECTION('',(1.66002246504957E-16,-1.,0.));
#4905=DIRECTION('',(0.,0.,-1.));
#4906=DIRECTION('',(-1.,0.,0.));
#4907=DIRECTION('',(0.,0.,1.));
#4908=DIRECTION('',(1.,0.,0.));
#4909=DIRECTION('',(0.,0.,-1.));
#4910=DIRECTION('',(0.,0.,1.));
#4911=DIRECTION('',(1.,0.,0.));
#4912=DIRECTION('',(4.03647319563135E-16,1.,0.));
#4913=DIRECTION('',(-1.,4.03647319563135E-16,0.));
#4914=DIRECTION('',(1.,-4.03647319563135E-16,0.));
#4915=DIRECTION('',(0.,0.,-1.));
#4916=DIRECTION('',(1.,-4.03647319563135E-16,0.));
#4917=DIRECTION('',(0.,0.,-1.));
#4918=DIRECTION('',(-1.,0.,0.));
#4919=DIRECTION('',(0.,0.,1.));
#4920=DIRECTION('',(1.,0.,0.));
#4921=DIRECTION('',(0.,0.,-1.));
#4922=DIRECTION('',(0.,0.,-1.));
#4923=DIRECTION('',(1.,0.,0.));
#4924=DIRECTION('',(0.,0.,-1.));
#4925=DIRECTION('',(-1.,0.,0.));
#4926=DIRECTION('',(0.,0.,1.));
#4927=DIRECTION('',(1.,0.,0.));
#4928=DIRECTION('',(0.,0.,-1.));
#4929=DIRECTION('',(0.,0.,-1.));
#4930=DIRECTION('',(1.,0.,0.));
#4931=DIRECTION('',(0.,0.,-1.));
#4932=DIRECTION('',(-1.,0.,0.));
#4933=DIRECTION('',(0.,0.,1.));
#4934=DIRECTION('',(1.,0.,0.));
#4935=DIRECTION('',(0.,0.,-1.));
#4936=DIRECTION('',(0.,0.,1.));
#4937=DIRECTION('',(1.,0.,0.));
#4938=DIRECTION('',(-4.03647319563135E-16,-1.,0.));
#4939=DIRECTION('',(1.,-4.03647319563135E-16,0.));
#4940=DIRECTION('',(-1.,4.03647319563135E-16,0.));
#4941=DIRECTION('',(0.,0.,-1.));
#4942=DIRECTION('',(-1.,4.03647319563135E-16,0.));
#4943=DIRECTION('',(0.,0.,-1.));
#4944=DIRECTION('',(-1.,0.,0.));
#4945=DIRECTION('',(0.,0.,1.));
#4946=DIRECTION('',(1.,0.,0.));
#4947=DIRECTION('',(0.,0.,-1.));
#4948=DIRECTION('',(0.,0.,-1.));
#4949=DIRECTION('',(1.,0.,0.));
#4950=DIRECTION('',(1.,0.,0.));
#4951=DIRECTION('',(0.,0.,-1.));
#4952=DIRECTION('',(0.,-1.,0.));
#4953=DIRECTION('',(0.,0.,-1.));
#4954=DIRECTION('',(0.,-1.,0.));
#4955=DIRECTION('',(0.,0.,-1.));
#4956=DIRECTION('',(-1.,0.,0.));
#4957=DIRECTION('',(0.,0.,1.));
#4958=DIRECTION('',(1.,0.,0.));
#4959=DIRECTION('',(0.,0.,-1.));
#4960=DIRECTION('',(0.,0.,1.));
#4961=DIRECTION('',(1.,0.,0.));
#4962=DIRECTION('',(0.,0.,-1.));
#4963=DIRECTION('',(1.,0.,0.));
#4964=DIRECTION('',(0.,0.,-1.));
#4965=DIRECTION('',(0.,0.,-1.));
#4966=DIRECTION('',(-1.,0.,0.));
#4967=DIRECTION('',(0.,0.,-1.));
#4968=DIRECTION('',(0.,0.,1.));
#4969=DIRECTION('',(1.,0.,0.));
#4970=DIRECTION('',(0.,0.,-1.));
#4971=DIRECTION('',(0.,0.,-1.));
#4972=DIRECTION('',(1.,0.,0.));
#4973=DIRECTION('',(1.,1.66002246504957E-16,0.));
#4974=DIRECTION('',(-1.66002246504957E-16,1.,0.));
#4975=DIRECTION('',(1.66002246504957E-16,-1.,0.));
#4976=DIRECTION('',(0.,0.,-1.));
#4977=DIRECTION('',(1.66002246504957E-16,-1.,0.));
#4978=DIRECTION('',(0.,0.,-1.));
#4979=DIRECTION('',(-1.,0.,0.));
#4980=DIRECTION('',(0.,0.,1.));
#4981=DIRECTION('',(1.,0.,0.));
#4982=DIRECTION('',(0.,0.,-1.));
#4983=DIRECTION('',(0.,0.,1.));
#4984=DIRECTION('',(1.,0.,0.));
#4985=DIRECTION('',(0.,0.,1.));
#4986=DIRECTION('',(1.,0.,0.));
#4987=DIRECTION('',(0.,0.,-1.));
#4988=DIRECTION('',(0.,-1.,0.));
#4989=DIRECTION('',(0.,0.,-1.));
#4990=DIRECTION('',(-1.,0.,0.));
#4991=DIRECTION('',(0.,0.,-1.));
#4992=DIRECTION('',(-1.,0.,0.));
#4993=DIRECTION('',(0.,0.,-1.));
#4994=DIRECTION('',(-1.,0.,0.));
#4995=DIRECTION('',(0.,0.,1.));
#4996=DIRECTION('',(1.,0.,0.));
#4997=DIRECTION('',(0.,0.,-1.));
#4998=DIRECTION('',(0.,0.,1.));
#4999=DIRECTION('',(1.,0.,0.));
#5000=DIRECTION('',(0.,0.,-1.));
#5001=DIRECTION('',(0.,0.,1.));
#5002=DIRECTION('',(1.,0.,0.));
#5003=DIRECTION('',(1.,0.,0.));
#5004=DIRECTION('',(0.,0.,-1.));
#5005=DIRECTION('',(0.,-1.,0.));
#5006=DIRECTION('',(0.,0.,-1.));
#5007=DIRECTION('',(0.,-1.,0.));
#5008=DIRECTION('',(0.,0.,-1.));
#5009=DIRECTION('',(-1.,0.,0.));
#5010=DIRECTION('',(0.,0.,1.));
#5011=DIRECTION('',(1.,0.,0.));
#5012=DIRECTION('',(0.,0.,-1.));
#5013=DIRECTION('',(0.,0.,1.));
#5014=DIRECTION('',(1.,0.,0.));
#5015=DIRECTION('',(3.02735489672351E-16,-1.,0.));
#5016=DIRECTION('',(1.,3.02735489672351E-16,0.));
#5017=DIRECTION('',(-1.,-3.02735489672351E-16,0.));
#5018=DIRECTION('',(0.,0.,-1.));
#5019=DIRECTION('',(-1.,-3.02735489672351E-16,0.));
#5020=DIRECTION('',(0.,0.,-1.));
#5021=DIRECTION('',(-1.,0.,0.));
#5022=DIRECTION('',(0.,0.,1.));
#5023=DIRECTION('',(1.,0.,0.));
#5024=DIRECTION('',(0.,0.,-1.));
#5025=DIRECTION('',(0.,0.,-1.));
#5026=DIRECTION('',(1.,0.,0.));
#5027=DIRECTION('',(0.,0.,-1.));
#5028=DIRECTION('',(-1.,0.,0.));
#5029=DIRECTION('',(0.,0.,1.));
#5030=DIRECTION('',(1.,0.,0.));
#5031=DIRECTION('',(0.,0.,-1.));
#5032=DIRECTION('',(0.,0.,1.));
#5033=DIRECTION('',(1.,0.,0.));
#5034=DIRECTION('',(0.,0.,-1.));
#5035=DIRECTION('',(-1.,0.,0.));
#5036=DIRECTION('',(0.,0.,1.));
#5037=DIRECTION('',(1.,0.,0.));
#5038=DIRECTION('',(0.,0.,-1.));
#5039=DIRECTION('',(0.,0.,1.));
#5040=DIRECTION('',(1.,0.,0.));
#5041=DIRECTION('',(-8.07294639126269E-16,1.,0.));
#5042=DIRECTION('',(-1.,-8.07294639126269E-16,0.));
#5043=DIRECTION('',(0.,0.,-1.));
#5044=DIRECTION('',(1.,8.07294639126269E-16,0.));
#5045=DIRECTION('',(0.,0.,-1.));
#5046=DIRECTION('',(0.,0.,-1.));
#5047=DIRECTION('',(-1.,0.,0.));
#5048=DIRECTION('',(0.,0.,1.));
#5049=DIRECTION('',(1.,0.,0.));
#5050=DIRECTION('',(0.,0.,-1.));
#5051=DIRECTION('',(1.00911829890784E-16,-1.,0.));
#5052=DIRECTION('',(1.,1.00911829890784E-16,0.));
#5053=DIRECTION('',(-1.,-1.00911829890784E-16,0.));
#5054=DIRECTION('',(0.,0.,-1.));
#5055=DIRECTION('',(0.,0.,-1.));
#5056=DIRECTION('',(-1.,0.,0.));
#5057=DIRECTION('',(0.,0.,1.));
#5058=DIRECTION('',(1.,0.,0.));
#5059=DIRECTION('',(0.,0.,-1.));
#5060=DIRECTION('',(0.,0.,-1.));
#5061=DIRECTION('',(-1.,0.,0.));
#5062=DIRECTION('',(0.,0.,1.));
#5063=DIRECTION('',(1.,0.,0.));
#5064=DIRECTION('',(0.,0.,-1.));
#5065=DIRECTION('',(0.,0.,-1.));
#5066=DIRECTION('',(-1.,0.,0.));
#5067=DIRECTION('',(0.,0.,1.));
#5068=DIRECTION('',(1.,0.,0.));
#5069=DIRECTION('',(0.,0.,-1.));
#5070=DIRECTION('',(3.02735489672351E-16,-1.,0.));
#5071=DIRECTION('',(1.,3.02735489672351E-16,0.));
#5072=DIRECTION('',(-1.,-3.02735489672351E-16,0.));
#5073=DIRECTION('',(0.,0.,-1.));
#5074=DIRECTION('',(0.,0.,-1.));
#5075=DIRECTION('',(-1.,0.,0.));
#5076=DIRECTION('',(0.,0.,1.));
#5077=DIRECTION('',(1.,0.,0.));
#5078=DIRECTION('',(0.,0.,-1.));
#5079=DIRECTION('',(0.,1.,0.));
#5080=DIRECTION('',(0.,0.,1.));
#5081=DIRECTION('',(1.,0.,0.));
#5082=DIRECTION('',(0.,0.,-1.));
#5083=DIRECTION('',(0.,0.,-1.));
#5084=DIRECTION('',(-1.,0.,0.));
#5085=DIRECTION('',(0.,0.,1.));
#5086=DIRECTION('',(1.,0.,0.));
#5087=DIRECTION('',(0.,0.,-1.));
#5088=DIRECTION('',(0.,0.,-1.));
#5089=DIRECTION('',(-1.,0.,0.));
#5090=DIRECTION('',(0.,0.,1.));
#5091=DIRECTION('',(1.,0.,0.));
#5092=DIRECTION('',(0.,0.,-1.));
#5093=DIRECTION('',(0.,1.,0.));
#5094=DIRECTION('',(0.,0.,1.));
#5095=DIRECTION('',(1.,0.,0.));
#5096=DIRECTION('',(0.,0.,-1.));
#5097=DIRECTION('',(0.,0.,-1.));
#5098=DIRECTION('',(0.,0.,-1.));
#5099=DIRECTION('',(-1.,0.,0.));
#5100=DIRECTION('',(0.,0.,1.));
#5101=DIRECTION('',(1.,0.,0.));
#5102=DIRECTION('',(0.,0.,-1.));
#5103=DIRECTION('',(-1.,0.,0.));
#5104=DIRECTION('',(0.,0.,1.));
#5105=DIRECTION('',(0.,1.,0.));
#5106=DIRECTION('',(0.,0.,-1.));
#5107=DIRECTION('',(0.,0.,-1.));
#5108=DIRECTION('',(-1.,0.,0.));
#5109=DIRECTION('',(0.,0.,1.));
#5110=DIRECTION('',(1.,0.,0.));
#5111=DIRECTION('',(0.,0.,-1.));
#5112=DIRECTION('',(0.,0.,-1.));
#5113=DIRECTION('',(-1.,0.,0.));
#5114=DIRECTION('',(0.,0.,1.));
#5115=DIRECTION('',(1.,0.,0.));
#5116=DIRECTION('',(0.,0.,-1.));
#5117=DIRECTION('',(1.,0.,0.));
#5118=DIRECTION('',(0.,0.,-1.));
#5119=DIRECTION('',(0.,-1.,0.));
#5120=DIRECTION('',(0.,0.,-1.));
#5121=DIRECTION('',(0.,0.,-1.));
#5122=DIRECTION('',(-1.,0.,0.));
#5123=DIRECTION('',(0.,0.,1.));
#5124=DIRECTION('',(1.,0.,0.));
#5125=DIRECTION('',(0.,0.,-1.));
#5126=DIRECTION('',(0.,0.,-1.));
#5127=DIRECTION('',(-1.,0.,0.));
#5128=DIRECTION('',(0.,0.,1.));
#5129=DIRECTION('',(1.,0.,0.));
#5130=DIRECTION('',(0.,0.,-1.));
#5131=DIRECTION('',(-1.,0.,0.));
#5132=DIRECTION('',(0.,0.,1.));
#5133=DIRECTION('',(0.,1.,0.));
#5134=DIRECTION('',(0.,0.,-1.));
#5135=DIRECTION('',(0.,0.,-1.));
#5136=DIRECTION('',(-1.,0.,0.));
#5137=DIRECTION('',(0.,0.,1.));
#5138=DIRECTION('',(1.,0.,0.));
#5139=DIRECTION('',(0.,0.,-1.));
#5140=DIRECTION('',(0.,1.,0.));
#5141=DIRECTION('',(0.,0.,1.));
#5142=DIRECTION('',(1.,0.,0.));
#5143=DIRECTION('',(0.,0.,-1.));
#5144=DIRECTION('',(0.,0.,-1.));
#5145=DIRECTION('',(-1.,0.,0.));
#5146=DIRECTION('',(0.,0.,1.));
#5147=DIRECTION('',(1.,0.,0.));
#5148=DIRECTION('',(0.,0.,-1.));
#5149=DIRECTION('',(-1.,0.,0.));
#5150=DIRECTION('',(0.,0.,1.));
#5151=DIRECTION('',(0.,1.,0.));
#5152=DIRECTION('',(0.,0.,-1.));
#5153=DIRECTION('',(0.,0.,-1.));
#5154=DIRECTION('',(-1.,0.,0.));
#5155=DIRECTION('',(0.,0.,1.));
#5156=DIRECTION('',(1.,0.,0.));
#5157=DIRECTION('',(0.,0.,-1.));
#5158=DIRECTION('',(0.,0.,-1.));
#5159=DIRECTION('',(-1.,0.,0.));
#5160=DIRECTION('',(0.,0.,1.));
#5161=DIRECTION('',(1.,0.,0.));
#5162=DIRECTION('',(0.,0.,-1.));
#5163=DIRECTION('',(1.,0.,0.));
#5164=DIRECTION('',(0.,0.,-1.));
#5165=DIRECTION('',(0.,-1.,0.));
#5166=DIRECTION('',(0.,0.,-1.));
#5167=DIRECTION('',(0.,0.,-1.));
#5168=DIRECTION('',(-1.,0.,0.));
#5169=DIRECTION('',(0.,0.,1.));
#5170=DIRECTION('',(1.,0.,0.));
#5171=DIRECTION('',(0.,0.,-1.));
#5172=DIRECTION('',(0.,0.,-1.));
#5173=DIRECTION('',(-1.,0.,0.));
#5174=DIRECTION('',(0.,0.,1.));
#5175=DIRECTION('',(1.,0.,0.));
#5176=DIRECTION('',(0.,0.,-1.));
#5177=DIRECTION('',(-1.,-3.46944695195361E-15,0.));
#5178=DIRECTION('',(3.46944695195361E-15,-1.,0.));
#5179=DIRECTION('',(-3.46944695195361E-15,1.,0.));
#5180=DIRECTION('',(0.,0.,-1.));
#5181=DIRECTION('',(-2.01823659781567E-16,1.,0.));
#5182=DIRECTION('',(-1.,-2.01823659781567E-16,0.));
#5183=DIRECTION('',(1.,2.01823659781567E-16,0.));
#5184=DIRECTION('',(1.,2.01823659781567E-16,0.));
#5185=DIRECTION('',(0.,0.,-1.));
#5186=DIRECTION('',(-1.,0.,0.));
#5187=DIRECTION('',(0.,0.,1.));
#5188=DIRECTION('',(1.,0.,0.));
#5189=DIRECTION('',(0.,0.,-1.));
#5190=DIRECTION('',(-1.,0.,0.));
#5191=DIRECTION('',(0.,0.,1.));
#5192=DIRECTION('',(1.,0.,0.));
#5193=DIRECTION('',(0.,0.,-1.));
#5194=DIRECTION('',(-1.,0.,0.));
#5195=DIRECTION('',(0.,0.,1.));
#5196=DIRECTION('',(1.,0.,0.));
#5197=DIRECTION('',(0.,0.,-1.));
#5198=DIRECTION('',(-1.,0.,0.));
#5199=DIRECTION('',(0.,0.,1.));
#5200=DIRECTION('',(1.,0.,0.));
#5201=DIRECTION('',(0.,0.,-1.));
#5202=DIRECTION('',(-1.,0.,0.));
#5203=DIRECTION('',(0.,0.,1.));
#5204=DIRECTION('',(1.,0.,0.));
#5205=DIRECTION('',(0.,0.,-1.));
#5206=DIRECTION('',(-1.,0.,0.));
#5207=DIRECTION('',(0.,0.,1.));
#5208=DIRECTION('',(1.,0.,0.));
#5209=DIRECTION('',(1.34735803959364E-16,-1.,0.));
#5210=DIRECTION('',(1.,1.34735803959364E-16,0.));
#5211=DIRECTION('',(-1.,-1.34735803959364E-16,0.));
#5212=DIRECTION('',(-1.,-1.34735803959364E-16,0.));
#5213=DIRECTION('',(0.,0.,1.));
#5214=DIRECTION('',(1.,0.,0.));
#5215=DIRECTION('',(1.,2.01823659781567E-16,0.));
#5216=DIRECTION('',(0.,0.,1.));
#5217=DIRECTION('',(1.,0.,0.));
#5218=DIRECTION('',(0.,0.,1.));
#5219=DIRECTION('',(1.,0.,0.));
#5220=DIRECTION('',(0.,0.,1.));
#5221=DIRECTION('',(1.,0.,0.));
#5222=DIRECTION('',(1.,3.02735489672351E-16,0.));
#5223=DIRECTION('',(0.,0.,1.));
#5224=DIRECTION('',(1.,0.,0.));
#5225=DIRECTION('',(-1.,4.65169913538704E-16,0.));
#5226=DIRECTION('',(0.,0.,1.));
#5227=DIRECTION('',(1.,0.,0.));
#5228=DIRECTION('',(0.,0.,1.));
#5229=DIRECTION('',(1.,0.,0.));
#5230=DIRECTION('',(0.,0.,1.));
#5231=DIRECTION('',(1.,0.,0.));
#5232=DIRECTION('',(-1.,3.6425808364792E-16,0.));
#5233=DIRECTION('',(0.,0.,1.));
#5234=DIRECTION('',(1.,0.,0.));
#5235=DIRECTION('',(0.,0.,1.));
#5236=DIRECTION('',(1.,0.,0.));
#5237=DIRECTION('',(-1.,0.,0.));
#5238=DIRECTION('',(0.,0.,1.));
#5239=DIRECTION('',(1.,0.,0.));
#5240=DIRECTION('',(1.66002246504957E-16,-1.,0.));
#5241=DIRECTION('',(0.,0.,1.));
#5242=DIRECTION('',(1.,0.,0.));
#5243=DIRECTION('',(0.,0.,1.));
#5244=DIRECTION('',(1.,0.,0.));
#5245=DIRECTION('',(0.,0.,1.));
#5246=DIRECTION('',(1.,0.,0.));
#5247=DIRECTION('',(6.70793693364317E-17,-1.,0.));
#5248=DIRECTION('',(0.,0.,1.));
#5249=DIRECTION('',(1.,0.,0.));
#5250=DIRECTION('',(1.,-1.62434423866352E-16,0.));
#5251=DIRECTION('',(0.,0.,1.));
#5252=DIRECTION('',(1.,0.,0.));
#5253=DIRECTION('',(1.62434423866352E-16,1.,0.));
#5254=DIRECTION('',(0.,0.,1.));
#5255=DIRECTION('',(1.,0.,0.));
#5256=DIRECTION('',(0.,0.,1.));
#5257=DIRECTION('',(1.,0.,0.));
#5258=DIRECTION('',(0.,0.,1.));
#5259=DIRECTION('',(1.,0.,0.));
#5260=DIRECTION('',(0.,1.,0.));
#5261=DIRECTION('',(0.,0.,1.));
#5262=DIRECTION('',(1.,0.,0.));
#5263=DIRECTION('',(0.,0.,-1.));
#5264=DIRECTION('',(1.,0.,0.));
#5265=DIRECTION('',(1.,-4.74127165060955E-17,0.));
#5266=DIRECTION('',(0.,0.,-1.));
#5267=DIRECTION('',(1.,0.,0.));
#5268=DIRECTION('',(1.,-4.74127165060955E-17,0.));
#5269=DIRECTION('',(-1.,0.,0.));
#5270=DIRECTION('',(-1.,-1.34735803959364E-16,0.));
#5271=DIRECTION('',(0.,0.,1.));
#5272=DIRECTION('',(1.,0.,0.));
#5273=DIRECTION('',(0.,0.,-1.));
#5274=DIRECTION('',(1.,0.,0.));
#5275=DIRECTION('',(1.,-4.74127165060955E-17,0.));
#5276=DIRECTION('',(0.,0.,-1.));
#5277=DIRECTION('',(1.,0.,0.));
#5278=DIRECTION('',(1.,-4.74127165060955E-17,0.));
#5279=DIRECTION('',(0.,-1.,0.));
#5280=DIRECTION('',(0.,0.,-1.));
#5281=DIRECTION('',(-1.,0.,0.));
#5282=DIRECTION('',(0.,0.,1.));
#5283=DIRECTION('',(1.,0.,0.));
#5284=DIRECTION('',(1.34735803959364E-16,-1.,0.));
#5285=DIRECTION('',(1.,1.34735803959364E-16,0.));
#5286=DIRECTION('',(-1.,-1.34735803959364E-16,0.));
#5287=DIRECTION('',(0.,0.,1.));
#5288=DIRECTION('',(1.,0.,0.));
#5289=DIRECTION('',(4.74127165060955E-17,1.,0.));
#5290=DIRECTION('',(-1.,4.74127165060955E-17,0.));
#5291=DIRECTION('',(0.,0.,-1.));
#5292=DIRECTION('',(0.,0.,-1.));
#5293=DIRECTION('',(0.,0.,-1.));
#5294=DIRECTION('',(-1.,0.,0.));
#5295=DIRECTION('',(0.,0.,-1.));
#5296=DIRECTION('',(4.74127165060955E-17,1.,0.));
#5297=DIRECTION('',(-1.,4.74127165060955E-17,0.));
#5298=DIRECTION('',(0.,0.,-1.));
#5299=DIRECTION('',(0.,0.,-1.));
#5300=DIRECTION('',(-1.,0.,0.));
#5301=DIRECTION('',(0.,0.,1.));
#5302=DIRECTION('',(1.,0.,0.));
#5303=DIRECTION('',(0.,0.,-1.));
#5304=DIRECTION('',(0.,0.,1.));
#5305=DIRECTION('',(-1.,0.,0.));
#5306=DIRECTION('',(0.,0.,-1.));
#5307=DIRECTION('',(0.,0.,1.));
#5308=DIRECTION('',(1.,0.,0.));
#5309=DIRECTION('',(0.,0.,-1.));
#5310=DIRECTION('',(0.,0.,1.));
#5311=DIRECTION('',(-1.,0.,0.));
#5312=DIRECTION('',(0.,0.,-1.));
#5313=DIRECTION('',(-1.,0.,0.));
#5314=DIRECTION('',(0.,0.,1.));
#5315=DIRECTION('',(0.,-1.,0.));
#5316=DIRECTION('',(0.,0.,-1.));
#5317=DIRECTION('',(1.,0.,0.));
#5318=DIRECTION('',(0.,0.,-1.));
#5319=DIRECTION('',(0.,0.,-1.));
#5320=DIRECTION('',(0.,-1.,0.));
#5321=DIRECTION('',(0.,0.,-1.));
#5322=DIRECTION('',(-1.,0.,0.));
#5323=DIRECTION('',(0.,0.,-1.));
#5324=DIRECTION('',(0.796875,0.604144216536914,0.));
#5325=DIRECTION('',(0.,0.,-1.));
#5326=DIRECTION('',(0.,0.,-1.));
#5327=DIRECTION('',(-1.,0.,0.));
#5328=DIRECTION('',(0.,0.,-1.));
#5329=DIRECTION('',(0.,0.,-1.));
#5330=DIRECTION('',(0.796875,0.604144216536914,0.));
#5331=DIRECTION('',(0.,0.,1.));
#5332=DIRECTION('',(1.,0.,0.));
#5333=DIRECTION('',(0.,0.,1.));
#5334=DIRECTION('',(-0.796875,0.604144216536914,0.));
#5335=DIRECTION('',(0.,0.,-1.));
#5336=DIRECTION('',(0.,0.,1.));
#5337=DIRECTION('',(1.,0.,0.));
#5338=DIRECTION('',(0.,0.,-1.));
#5339=DIRECTION('',(0.,0.,1.));
#5340=DIRECTION('',(-0.796875,0.604144216536914,0.));
#5341=DIRECTION('',(0.,0.,-1.));
#5342=DIRECTION('',(-1.,0.,0.));
#5343=DIRECTION('',(0.,0.,-1.));
#5344=DIRECTION('',(1.,0.,0.));
#5345=DIRECTION('',(0.,0.,-1.));
#5346=DIRECTION('',(0.,0.,-1.));
#5347=DIRECTION('',(-1.,0.,0.));
#5348=DIRECTION('',(0.,0.,-1.));
#5349=DIRECTION('',(0.,0.,-1.));
#5350=DIRECTION('',(1.,0.,0.));
#5351=DIRECTION('',(-1.,1.62434423866352E-16,0.));
#5352=DIRECTION('',(-1.62434423866352E-16,-1.,0.));
#5353=DIRECTION('',(-1.62434423866352E-16,-1.,0.));
#5354=DIRECTION('',(0.,0.,-1.));
#5355=DIRECTION('',(1.,-1.62434423866352E-16,0.));
#5356=DIRECTION('',(1.62434423866352E-16,1.,0.));
#5357=DIRECTION('',(0.,0.,-1.));
#5358=DIRECTION('',(-1.62434423866352E-16,-1.,0.));
#5359=DIRECTION('',(0.,0.,1.));
#5360=DIRECTION('',(1.,0.,0.));
#5361=DIRECTION('',(0.,0.,1.));
#5362=DIRECTION('',(0.,1.,0.));
#5363=DIRECTION('',(0.,0.,-1.));
#5364=DIRECTION('',(0.,0.,1.));
#5365=DIRECTION('',(1.,0.,0.));
#5366=DIRECTION('',(0.,0.,-1.));
#5367=DIRECTION('',(0.,0.,1.));
#5368=DIRECTION('',(0.,1.,0.));
#5369=DIRECTION('',(1.62434423866352E-16,1.,0.));
#5370=DIRECTION('',(-1.,1.62434423866352E-16,0.));
#5371=DIRECTION('',(-1.,1.62434423866352E-16,0.));
#5372=DIRECTION('',(0.,0.,-1.));
#5373=DIRECTION('',(-1.62434423866352E-16,-1.,0.));
#5374=DIRECTION('',(1.,-1.62434423866352E-16,0.));
#5375=DIRECTION('',(0.,0.,-1.));
#5376=DIRECTION('',(-1.,1.62434423866352E-16,0.));
#5377=DIRECTION('',(0.,0.,1.));
#5378=DIRECTION('',(1.,0.,0.));
#5379=DIRECTION('',(0.,0.,1.));
#5380=DIRECTION('',(1.,0.,0.));
#5381=DIRECTION('',(0.,0.,-1.));
#5382=DIRECTION('',(0.,0.,1.));
#5383=DIRECTION('',(1.,0.,0.));
#5384=DIRECTION('',(0.,0.,-1.));
#5385=DIRECTION('',(0.,0.,1.));
#5386=DIRECTION('',(1.,0.,0.));
#5387=DIRECTION('',(1.,6.70793693364317E-17,0.));
#5388=DIRECTION('',(-6.70793693364317E-17,1.,0.));
#5389=DIRECTION('',(-6.70793693364317E-17,1.,0.));
#5390=DIRECTION('',(0.,0.,-1.));
#5391=DIRECTION('',(-1.,-6.70793693364317E-17,0.));
#5392=DIRECTION('',(6.70793693364317E-17,-1.,0.));
#5393=DIRECTION('',(0.,0.,-1.));
#5394=DIRECTION('',(-6.70793693364317E-17,1.,0.));
#5395=DIRECTION('',(0.,0.,-1.));
#5396=DIRECTION('',(-1.,0.,0.));
#5397=DIRECTION('',(0.,0.,-1.));
#5398=DIRECTION('',(-0.796875,-0.604144216536913,0.));
#5399=DIRECTION('',(0.,0.,-1.));
#5400=DIRECTION('',(0.,0.,-1.));
#5401=DIRECTION('',(-1.,0.,0.));
#5402=DIRECTION('',(0.,0.,-1.));
#5403=DIRECTION('',(0.,0.,-1.));
#5404=DIRECTION('',(-0.796875,-0.604144216536913,0.));
#5405=DIRECTION('',(0.,0.,1.));
#5406=DIRECTION('',(1.,0.,0.));
#5407=DIRECTION('',(0.,0.,1.));
#5408=DIRECTION('',(0.796875,-0.604144216536914,0.));
#5409=DIRECTION('',(0.,0.,-1.));
#5410=DIRECTION('',(0.,0.,1.));
#5411=DIRECTION('',(1.,0.,0.));
#5412=DIRECTION('',(0.,0.,-1.));
#5413=DIRECTION('',(0.,0.,1.));
#5414=DIRECTION('',(0.796875,-0.604144216536914,0.));
#5415=DIRECTION('',(0.,0.,-1.));
#5416=DIRECTION('',(-1.,0.,0.));
#5417=DIRECTION('',(0.,0.,-1.));
#5418=DIRECTION('',(-1.,-1.8454505063583E-16,0.));
#5419=DIRECTION('',(0.,0.,-1.));
#5420=DIRECTION('',(0.,0.,-1.));
#5421=DIRECTION('',(-1.,0.,0.));
#5422=DIRECTION('',(0.,0.,-1.));
#5423=DIRECTION('',(0.,0.,-1.));
#5424=DIRECTION('',(-1.,-2.4547973716653E-16,0.));
#5425=DIRECTION('',(1.,1.66002246504957E-16,0.));
#5426=DIRECTION('',(-1.66002246504957E-16,1.,0.));
#5427=DIRECTION('',(-1.66002246504957E-16,1.,0.));
#5428=DIRECTION('',(0.,0.,-1.));
#5429=DIRECTION('',(-1.,-1.66002246504957E-16,0.));
#5430=DIRECTION('',(1.66002246504957E-16,-1.,0.));
#5431=DIRECTION('',(0.,0.,-1.));
#5432=DIRECTION('',(-1.66002246504957E-16,1.,0.));
#5433=DIRECTION('',(0.,0.,1.));
#5434=DIRECTION('',(1.,0.,0.));
#5435=DIRECTION('',(0.,0.,1.));
#5436=DIRECTION('',(0.,-1.,0.));
#5437=DIRECTION('',(0.,0.,-1.));
#5438=DIRECTION('',(0.,0.,1.));
#5439=DIRECTION('',(1.,0.,0.));
#5440=DIRECTION('',(0.,0.,-1.));
#5441=DIRECTION('',(0.,0.,1.));
#5442=DIRECTION('',(0.,-1.,0.));
#5443=DIRECTION('',(0.,0.,-1.));
#5444=DIRECTION('',(-1.,0.,0.));
#5445=DIRECTION('',(1.,0.,0.));
#5446=DIRECTION('',(1.,0.,0.));
#5447=DIRECTION('',(0.,-1.,0.));
#5448=DIRECTION('',(0.,0.,-1.));
#5449=DIRECTION('',(0.,1.,0.));
#5450=DIRECTION('',(0.,0.,1.));
#5451=DIRECTION('',(-2.01823659781567E-16,1.,0.));
#5452=DIRECTION('',(-1.,-2.01823659781567E-16,0.));
#5453=DIRECTION('',(0.,0.,-1.));
#5454=DIRECTION('',(1.,2.01823659781567E-16,0.));
#5455=DIRECTION('',(0.,0.,-1.));
#5456=DIRECTION('',(2.01823659781567E-16,-1.,0.));
#5457=DIRECTION('',(1.,2.01823659781567E-16,0.));
#5458=DIRECTION('',(0.,0.,-1.));
#5459=DIRECTION('',(1.,2.01823659781567E-16,0.));
#5460=DIRECTION('',(0.,0.,-1.));
#5461=DIRECTION('',(0.,0.,-1.));
#5462=DIRECTION('',(-1.,0.,0.));
#5463=DIRECTION('',(0.,0.,-1.));
#5464=DIRECTION('',(0.,0.,-1.));
#5465=DIRECTION('',(-0.765986092483115,0.642857142857143,0.));
#5466=DIRECTION('',(0.,0.,-1.));
#5467=DIRECTION('',(-1.,0.,0.));
#5468=DIRECTION('',(0.,0.,-1.));
#5469=DIRECTION('',(-0.765986092483114,0.642857142857144,0.));
#5470=DIRECTION('',(0.,0.,-1.));
#5471=DIRECTION('',(0.,0.,1.));
#5472=DIRECTION('',(1.,0.,0.));
#5473=DIRECTION('',(0.,0.,-1.));
#5474=DIRECTION('',(0.,0.,1.));
#5475=DIRECTION('',(-0.765986092483115,-0.642857142857143,0.));
#5476=DIRECTION('',(0.,0.,1.));
#5477=DIRECTION('',(1.,0.,0.));
#5478=DIRECTION('',(0.,0.,1.));
#5479=DIRECTION('',(-0.765986092483114,-0.642857142857143,0.));
#5480=DIRECTION('',(0.,0.,-1.));
#5481=DIRECTION('',(0.,0.,-1.));
#5482=DIRECTION('',(-1.,0.,0.));
#5483=DIRECTION('',(0.,0.,-1.));
#5484=DIRECTION('',(0.,0.,-1.));
#5485=DIRECTION('',(4.56506177888633E-16,1.,0.));
#5486=DIRECTION('',(0.,0.,-1.));
#5487=DIRECTION('',(-1.,0.,0.));
#5488=DIRECTION('',(0.,0.,-1.));
#5489=DIRECTION('',(1.62630325872826E-15,1.,0.));
#5490=DIRECTION('',(0.,0.,-1.));
#5491=DIRECTION('',(-3.02735489672351E-16,1.,0.));
#5492=DIRECTION('',(-1.,-3.02735489672351E-16,0.));
#5493=DIRECTION('',(0.,0.,-1.));
#5494=DIRECTION('',(1.,3.02735489672351E-16,0.));
#5495=DIRECTION('',(3.02735489672351E-16,-1.,0.));
#5496=DIRECTION('',(1.,3.02735489672351E-16,0.));
#5497=DIRECTION('',(1.,3.02735489672351E-16,0.));
#5498=DIRECTION('',(0.,0.,-1.));
#5499=DIRECTION('',(0.,0.,1.));
#5500=DIRECTION('',(1.,0.,0.));
#5501=DIRECTION('',(0.,0.,-1.));
#5502=DIRECTION('',(0.,0.,1.));
#5503=DIRECTION('',(-2.3284878872172E-16,1.,0.));
#5504=DIRECTION('',(0.,0.,1.));
#5505=DIRECTION('',(1.,0.,0.));
#5506=DIRECTION('',(0.,0.,1.));
#5507=DIRECTION('',(-6.46480798500674E-16,1.,0.));
#5508=DIRECTION('',(0.,0.,-1.));
#5509=DIRECTION('',(-4.65169913538703E-16,-1.,0.));
#5510=DIRECTION('',(1.,-4.65169913538704E-16,0.));
#5511=DIRECTION('',(0.,0.,-1.));
#5512=DIRECTION('',(-1.,4.65169913538703E-16,0.));
#5513=DIRECTION('',(4.65169913538703E-16,1.,0.));
#5514=DIRECTION('',(-1.,4.65169913538704E-16,0.));
#5515=DIRECTION('',(-1.,4.65169913538703E-16,0.));
#5516=DIRECTION('',(0.,0.,-1.));
#5517=DIRECTION('',(0.,0.,-1.));
#5518=DIRECTION('',(-1.,0.,0.));
#5519=DIRECTION('',(0.,0.,-1.));
#5520=DIRECTION('',(0.,0.,-1.));
#5521=DIRECTION('',(0.765986092483114,-0.642857142857144,0.));
#5522=DIRECTION('',(0.,0.,-1.));
#5523=DIRECTION('',(-1.,0.,0.));
#5524=DIRECTION('',(0.,0.,-1.));
#5525=DIRECTION('',(0.765986092483113,-0.642857142857145,0.));
#5526=DIRECTION('',(0.,0.,-1.));
#5527=DIRECTION('',(0.,0.,1.));
#5528=DIRECTION('',(1.,0.,0.));
#5529=DIRECTION('',(0.,0.,-1.));
#5530=DIRECTION('',(0.,0.,1.));
#5531=DIRECTION('',(0.765986092483115,0.642857142857143,0.));
#5532=DIRECTION('',(0.,0.,1.));
#5533=DIRECTION('',(1.,0.,0.));
#5534=DIRECTION('',(0.,0.,1.));
#5535=DIRECTION('',(0.765986092483115,0.642857142857143,0.));
#5536=DIRECTION('',(0.,0.,-1.));
#5537=DIRECTION('',(0.,0.,-1.));
#5538=DIRECTION('',(-1.,0.,0.));
#5539=DIRECTION('',(0.,0.,-1.));
#5540=DIRECTION('',(0.,0.,-1.));
#5541=DIRECTION('',(-9.13012355777266E-16,-1.,0.));
#5542=DIRECTION('',(0.,0.,-1.));
#5543=DIRECTION('',(-1.,0.,0.));
#5544=DIRECTION('',(0.,0.,-1.));
#5545=DIRECTION('',(-2.16840434497101E-15,-1.,0.));
#5546=DIRECTION('',(0.,0.,-1.));
#5547=DIRECTION('',(-3.6425808364792E-16,-1.,0.));
#5548=DIRECTION('',(1.,-3.6425808364792E-16,0.));
#5549=DIRECTION('',(0.,0.,-1.));
#5550=DIRECTION('',(-1.,3.6425808364792E-16,0.));
#5551=DIRECTION('',(3.6425808364792E-16,1.,0.));
#5552=DIRECTION('',(-1.,3.6425808364792E-16,0.));
#5553=DIRECTION('',(-1.,3.6425808364792E-16,0.));
#5554=DIRECTION('',(0.,0.,-1.));
#5555=DIRECTION('',(0.,0.,1.));
#5556=DIRECTION('',(1.,0.,0.));
#5557=DIRECTION('',(0.,0.,1.));
#5558=DIRECTION('',(1.,-4.42412698571267E-15,0.));
#5559=DIRECTION('',(0.,0.,-1.));
#5560=DIRECTION('',(-1.,0.,0.));
#5561=DIRECTION('',(0.,0.,1.));
#5562=DIRECTION('',(1.,-4.09437839050427E-15,0.));
#5563=DIRECTION('',(0.,0.,1.));
#5564=DIRECTION('',(1.,0.,0.));
#5565=DIRECTION('',(0.,0.,1.));
#5566=DIRECTION('',(1.,0.,0.));
#5567=DIRECTION('',(0.,0.,1.));
#5568=DIRECTION('',(-1.,0.,0.));
#5569=DIRECTION('',(0.,0.,1.));
#5570=DIRECTION('',(-1.,0.,0.));
#5571=DIRECTION('',(0.,1.,0.));
#5572=DIRECTION('',(0.,0.,1.));
#5573=DIRECTION('',(-1.,0.,0.));
#5574=DIRECTION('',(0.,0.,1.));
#5575=DIRECTION('',(-1.,0.,0.));
#5576=DIRECTION('',(0.,0.,1.));
#5577=DIRECTION('',(-1.,0.,0.));
#5578=DIRECTION('',(0.,1.,0.));
#5579=DIRECTION('',(0.,0.,1.));
#5580=DIRECTION('',(-1.,0.,0.));
#5581=DIRECTION('',(1.,-1.34735803959364E-16,0.));
#5582=DIRECTION('',(0.,0.,1.));
#5583=DIRECTION('',(-1.,0.,0.));
#5584=DIRECTION('',(0.,-1.,0.));
#5585=DIRECTION('',(0.,0.,1.));
#5586=DIRECTION('',(-1.,0.,0.));
#5587=DIRECTION('',(0.,0.,1.));
#5588=DIRECTION('',(-1.,0.,0.));
#5589=DIRECTION('',(0.,0.,1.));
#5590=DIRECTION('',(-1.,0.,0.));
#5591=DIRECTION('',(0.,-1.,0.));
#5592=DIRECTION('',(0.,0.,1.));
#5593=DIRECTION('',(-1.,0.,0.));
#5594=DIRECTION('',(-1.,0.,0.));
#5595=DIRECTION('',(0.,0.,-1.));
#5596=DIRECTION('',(-1.,0.,0.));
#5597=DIRECTION('',(-1.,0.,0.));
#5598=DIRECTION('',(0.,0.,-1.));
#5599=DIRECTION('',(-1.,0.,0.));
#5600=DIRECTION('',(0.,-1.,0.));
#5601=DIRECTION('',(0.,0.,1.));
#5602=DIRECTION('',(-1.,0.,0.));
#5603=DIRECTION('',(-1.,0.,0.));
#5604=DIRECTION('',(0.,0.,1.));
#5605=DIRECTION('',(-1.,0.,0.));
#5606=DIRECTION('',(0.,1.,0.));
#5607=DIRECTION('',(0.,0.,1.));
#5608=DIRECTION('',(-1.,0.,0.));
#5609=DIRECTION('',(0.,0.,1.));
#5610=DIRECTION('',(-1.,0.,0.));
#5611=DIRECTION('',(0.,0.,1.));
#5612=DIRECTION('',(-1.,0.,0.));
#5613=DIRECTION('',(0.,0.,1.));
#5614=DIRECTION('',(-1.,0.,0.));
#5615=DIRECTION('',(0.,-1.,0.));
#5616=DIRECTION('',(0.,0.,-1.));
#5617=DIRECTION('',(1.,0.,0.));
#5618=DIRECTION('',(0.,0.,-1.));
#5619=DIRECTION('',(1.,0.,0.));
#5620=DIRECTION('',(0.,0.,-1.));
#5621=DIRECTION('',(1.,0.,0.));
#5622=DIRECTION('',(0.,-1.,0.));
#5623=DIRECTION('',(0.,0.,1.));
#5624=DIRECTION('',(-1.,0.,0.));
#5625=DIRECTION('',(-1.,4.03647319563135E-16,0.));
#5626=DIRECTION('',(0.,0.,-1.));
#5627=DIRECTION('',(-1.,0.,0.));
#5628=DIRECTION('',(0.,0.,1.));
#5629=DIRECTION('',(-1.,0.,0.));
#5630=DIRECTION('',(0.,0.,1.));
#5631=DIRECTION('',(-1.,0.,0.));
#5632=DIRECTION('',(-1.,-2.01823659781567E-16,0.));
#5633=DIRECTION('',(0.,0.,-1.));
#5634=DIRECTION('',(-1.,0.,0.));
#5635=DIRECTION('',(0.,0.,1.));
#5636=DIRECTION('',(-1.,0.,0.));
#5637=DIRECTION('',(0.,0.,-1.));
#5638=DIRECTION('',(-1.,0.,0.));
#5639=DIRECTION('',(0.,-1.,0.));
#5640=DIRECTION('',(0.,0.,-1.));
#5641=DIRECTION('',(1.,0.,0.));
#5642=DIRECTION('',(0.,0.,-1.));
#5643=DIRECTION('',(1.,0.,0.));
#5644=DIRECTION('',(0.,0.,-1.));
#5645=DIRECTION('',(1.,0.,0.));
#5646=DIRECTION('',(0.,-1.,0.));
#5647=DIRECTION('',(0.,0.,1.));
#5648=DIRECTION('',(-1.,0.,0.));
#5649=DIRECTION('',(1.,3.02735489672351E-16,0.));
#5650=DIRECTION('',(0.,0.,-1.));
#5651=DIRECTION('',(-1.,0.,0.));
#5652=DIRECTION('',(0.,0.,1.));
#5653=DIRECTION('',(-1.,0.,0.));
#5654=DIRECTION('',(0.,0.,1.));
#5655=DIRECTION('',(-1.,0.,0.));
#5656=DIRECTION('',(1.,-4.03647319563135E-16,0.));
#5657=DIRECTION('',(0.,0.,-1.));
#5658=DIRECTION('',(1.,0.,0.));
#5659=DIRECTION('',(0.,0.,-1.));
#5660=DIRECTION('',(-1.,0.,0.));
#5661=DIRECTION('',(0.,0.,-1.));
#5662=DIRECTION('',(0.,0.,-1.));
#5663=DIRECTION('',(0.,0.,-1.));
#5664=DIRECTION('',(1.,0.,0.));
#5665=DIRECTION('',(0.,0.,-1.));
#5666=DIRECTION('',(-1.,0.,0.));
#5667=DIRECTION('',(0.,0.,-1.));
#5668=DIRECTION('',(0.,0.,-1.));
#5669=DIRECTION('',(0.,0.,1.));
#5670=DIRECTION('',(-1.,0.,0.));
#5671=DIRECTION('',(0.,0.,-1.));
#5672=DIRECTION('',(0.,0.,1.));
#5673=DIRECTION('',(-1.,0.,0.));
#5674=DIRECTION('',(0.,0.,-1.));
#5675=DIRECTION('',(1.,0.,0.));
#5676=DIRECTION('',(0.,0.,1.));
#5677=DIRECTION('',(-1.,0.,0.));
#5678=DIRECTION('',(0.,0.,-1.));
#5679=DIRECTION('',(4.03647319563135E-16,1.,0.));
#5680=DIRECTION('',(-1.,4.03647319563135E-16,0.));
#5681=DIRECTION('',(1.,-4.03647319563135E-16,0.));
#5682=DIRECTION('',(0.,0.,-1.));
#5683=DIRECTION('',(0.,0.,-1.));
#5684=DIRECTION('',(1.,0.,0.));
#5685=DIRECTION('',(0.,0.,-1.));
#5686=DIRECTION('',(-1.,0.,0.));
#5687=DIRECTION('',(0.,0.,-1.));
#5688=DIRECTION('',(-1.,0.,0.));
#5689=DIRECTION('',(0.,0.,-1.));
#5690=DIRECTION('',(0.,1.,0.));
#5691=DIRECTION('',(0.,0.,-1.));
#5692=DIRECTION('',(0.,-1.,0.));
#5693=DIRECTION('',(0.,0.,1.));
#5694=DIRECTION('',(0.,0.,-1.));
#5695=DIRECTION('',(1.,0.,0.));
#5696=DIRECTION('',(0.,0.,1.));
#5697=DIRECTION('',(-1.,0.,0.));
#5698=DIRECTION('',(0.,0.,-1.));
#5699=DIRECTION('',(0.,0.,-1.));
#5700=DIRECTION('',(1.,0.,0.));
#5701=DIRECTION('',(-1.34735803959364E-16,1.,0.));
#5702=DIRECTION('',(-1.,-1.34735803959364E-16,0.));
#5703=DIRECTION('',(1.,1.34735803959364E-16,0.));
#5704=DIRECTION('',(0.,0.,-1.));
#5705=DIRECTION('',(-1.,1.34735803959364E-16,0.));
#5706=DIRECTION('',(0.,0.,-1.));
#5707=DIRECTION('',(1.,0.,0.));
#5708=DIRECTION('',(0.,0.,1.));
#5709=DIRECTION('',(-1.,0.,0.));
#5710=DIRECTION('',(0.,0.,-1.));
#5711=DIRECTION('',(0.,0.,-1.));
#5712=DIRECTION('',(1.,0.,0.));
#5713=DIRECTION('',(-1.,-1.66002246504957E-16,0.));
#5714=DIRECTION('',(1.66002246504957E-16,-1.,0.));
#5715=DIRECTION('',(-1.66002246504957E-16,1.,0.));
#5716=DIRECTION('',(0.,0.,-1.));
#5717=DIRECTION('',(0.,0.,-1.));
#5718=DIRECTION('',(0.,-1.,0.));
#5719=DIRECTION('',(0.,0.,-1.));
#5720=DIRECTION('',(1.,0.,0.));
#5721=DIRECTION('',(0.,0.,1.));
#5722=DIRECTION('',(-1.,0.,0.));
#5723=DIRECTION('',(0.,0.,-1.));
#5724=DIRECTION('',(0.,0.,-1.));
#5725=DIRECTION('',(1.,0.,0.));
#5726=DIRECTION('',(0.,0.,1.));
#5727=DIRECTION('',(-1.,0.,0.));
#5728=DIRECTION('',(0.,0.,-1.));
#5729=DIRECTION('',(1.,0.,0.));
#5730=DIRECTION('',(0.,0.,1.));
#5731=DIRECTION('',(-1.,0.,0.));
#5732=DIRECTION('',(0.,0.,-1.));
#5733=DIRECTION('',(2.01823659781567E-16,-1.,0.));
#5734=DIRECTION('',(1.,2.01823659781567E-16,0.));
#5735=DIRECTION('',(-1.,-2.01823659781567E-16,0.));
#5736=DIRECTION('',(0.,0.,-1.));
#5737=DIRECTION('',(0.,0.,-1.));
#5738=DIRECTION('',(1.,0.,0.));
#5739=DIRECTION('',(0.,0.,-1.));
#5740=DIRECTION('',(-1.,0.,0.));
#5741=DIRECTION('',(0.,0.,-1.));
#5742=DIRECTION('',(-1.,-1.66002246504957E-16,0.));
#5743=DIRECTION('',(1.66002246504957E-16,-1.,0.));
#5744=DIRECTION('',(-1.66002246504957E-16,1.,0.));
#5745=DIRECTION('',(0.,0.,-1.));
#5746=DIRECTION('',(0.,-1.,0.));
#5747=DIRECTION('',(0.,0.,1.));
#5748=DIRECTION('',(0.,0.,-1.));
#5749=DIRECTION('',(1.,0.,0.));
#5750=DIRECTION('',(0.,0.,1.));
#5751=DIRECTION('',(-1.,0.,0.));
#5752=DIRECTION('',(0.,0.,-1.));
#5753=DIRECTION('',(0.,0.,-1.));
#5754=DIRECTION('',(1.,0.,0.));
#5755=DIRECTION('',(0.,1.,0.));
#5756=DIRECTION('',(0.,0.,-1.));
#5757=DIRECTION('',(1.,0.,0.));
#5758=DIRECTION('',(0.,0.,-1.));
#5759=DIRECTION('',(-1.,0.,0.));
#5760=DIRECTION('',(0.,0.,-1.));
#5761=DIRECTION('',(1.,0.,0.));
#5762=DIRECTION('',(0.,0.,1.));
#5763=DIRECTION('',(-1.,0.,0.));
#5764=DIRECTION('',(0.,0.,-1.));
#5765=DIRECTION('',(0.,0.,-1.));
#5766=DIRECTION('',(1.,0.,0.));
#5767=DIRECTION('',(-1.,0.,0.));
#5768=DIRECTION('',(0.,0.,-1.));
#5769=DIRECTION('',(0.,1.,0.));
#5770=DIRECTION('',(0.,0.,-1.));
#5771=DIRECTION('',(0.,0.,-1.));
#5772=DIRECTION('',(0.,-1.,0.));
#5773=DIRECTION('',(0.,0.,-1.));
#5774=DIRECTION('',(1.,0.,0.));
#5775=DIRECTION('',(0.,0.,1.));
#5776=DIRECTION('',(-1.,0.,0.));
#5777=DIRECTION('',(0.,0.,-1.));
#5778=DIRECTION('',(-3.02735489672351E-16,1.,0.));
#5779=DIRECTION('',(-1.,-3.02735489672351E-16,0.));
#5780=DIRECTION('',(1.,3.02735489672351E-16,0.));
#5781=DIRECTION('',(0.,0.,-1.));
#5782=DIRECTION('',(0.,0.,-1.));
#5783=DIRECTION('',(1.,0.,0.));
#5784=DIRECTION('',(0.,0.,-1.));
#5785=DIRECTION('',(-1.,0.,0.));
#5786=DIRECTION('',(0.,0.,-1.));
#5787=DIRECTION('',(0.,0.,-1.));
#5788=DIRECTION('',(0.,-1.,0.));
#5789=DIRECTION('',(0.,0.,1.));
#5790=DIRECTION('',(-1.,0.,0.));
#5791=DIRECTION('',(0.,0.,-1.));
#5792=DIRECTION('',(0.,0.,-1.));
#5793=DIRECTION('',(1.,0.,0.));
#5794=DIRECTION('',(0.,0.,-1.));
#5795=DIRECTION('',(-1.,0.,0.));
#5796=DIRECTION('',(0.,0.,-1.));
#5797=DIRECTION('',(1.,0.,0.));
#5798=DIRECTION('',(0.,0.,1.));
#5799=DIRECTION('',(0.,-1.,0.));
#5800=DIRECTION('',(0.,0.,-1.));
#5801=DIRECTION('',(0.,0.,-1.));
#5802=DIRECTION('',(1.,0.,0.));
#5803=DIRECTION('',(0.,0.,1.));
#5804=DIRECTION('',(-1.,0.,0.));
#5805=DIRECTION('',(0.,0.,-1.));
#5806=DIRECTION('',(0.,-1.,0.));
#5807=DIRECTION('',(0.,0.,1.));
#5808=DIRECTION('',(-1.,0.,0.));
#5809=DIRECTION('',(0.,0.,-1.));
#5810=DIRECTION('',(0.,0.,-1.));
#5811=DIRECTION('',(1.,0.,0.));
#5812=DIRECTION('',(0.,0.,1.));
#5813=DIRECTION('',(-1.,0.,0.));
#5814=DIRECTION('',(0.,0.,-1.));
#5815=DIRECTION('',(0.,0.,-1.));
#5816=DIRECTION('',(1.,0.,0.));
#5817=DIRECTION('',(0.,0.,-1.));
#5818=DIRECTION('',(-1.,0.,0.));
#5819=DIRECTION('',(-1.,0.,0.));
#5820=DIRECTION('',(0.,0.,-1.));
#5821=DIRECTION('',(0.,1.,0.));
#5822=DIRECTION('',(-4.03647319563135E-16,-1.,0.));
#5823=DIRECTION('',(1.,-4.03647319563135E-16,0.));
#5824=DIRECTION('',(-1.,4.03647319563135E-16,0.));
#5825=DIRECTION('',(0.,0.,1.));
#5826=DIRECTION('',(-1.,0.,0.));
#5827=DIRECTION('',(0.,0.,1.));
#5828=DIRECTION('',(-1.,0.,0.));
#5829=DIRECTION('',(0.,0.,1.));
#5830=DIRECTION('',(-1.,0.,0.));
#5831=DIRECTION('',(1.,0.,0.));
#5832=DIRECTION('',(0.,0.,1.));
#5833=DIRECTION('',(-1.,0.,0.));
#5834=DIRECTION('',(0.,1.,0.));
#5835=DIRECTION('',(0.,0.,1.));
#5836=DIRECTION('',(-1.,0.,0.));
#5837=DIRECTION('',(0.,0.,1.));
#5838=DIRECTION('',(-1.,0.,0.));
#5839=DIRECTION('',(0.,0.,1.));
#5840=DIRECTION('',(-1.,0.,0.));
#5841=DIRECTION('',(0.,1.,0.));
#5842=DIRECTION('',(0.,0.,1.));
#5843=DIRECTION('',(-1.,0.,0.));
#5844=DIRECTION('',(-1.,1.34735803959364E-16,0.));
#5845=DIRECTION('',(0.,0.,1.));
#5846=DIRECTION('',(-1.,0.,0.));
#5847=DIRECTION('',(0.,-1.,0.));
#5848=DIRECTION('',(0.,0.,1.));
#5849=DIRECTION('',(-1.,0.,0.));
#5850=DIRECTION('',(0.,0.,1.));
#5851=DIRECTION('',(-1.,0.,0.));
#5852=DIRECTION('',(0.,0.,1.));
#5853=DIRECTION('',(-1.,0.,0.));
#5854=DIRECTION('',(0.,-1.,0.));
#5855=DIRECTION('',(0.,0.,-1.));
#5856=DIRECTION('',(1.,0.,0.));
#5857=DIRECTION('',(0.,0.,-1.));
#5858=DIRECTION('',(1.,0.,0.));
#5859=DIRECTION('',(0.,0.,-1.));
#5860=DIRECTION('',(1.,0.,0.));
#5861=DIRECTION('',(0.,0.,-1.));
#5862=DIRECTION('',(1.,0.,0.));
#5863=DIRECTION('',(0.,0.,-1.));
#5864=DIRECTION('',(1.,0.,0.));
#5865=DIRECTION('',(0.,0.,-1.));
#5866=DIRECTION('',(1.,0.,0.));
#5867=DIRECTION('',(0.,0.,1.));
#5868=DIRECTION('',(-1.,0.,0.));
#5869=DIRECTION('',(0.,0.,1.));
#5870=DIRECTION('',(-1.,0.,0.));
#5871=DIRECTION('',(0.,0.,-1.));
#5872=DIRECTION('',(1.,0.,0.));
#5873=DIRECTION('',(0.,0.,-1.));
#5874=DIRECTION('',(0.,0.,-1.));
#5875=DIRECTION('',(1.,0.,0.));
#5876=DIRECTION('',(0.,0.,-1.));
#5877=DIRECTION('',(0.,0.,-1.));
#5878=DIRECTION('',(1.,0.,0.));
#5879=DIRECTION('',(0.,0.,-1.));
#5880=DIRECTION('',(1.,0.,0.));
#5881=DIRECTION('',(0.,0.,-1.));
#5882=DIRECTION('',(0.,0.,-1.));
#5883=DIRECTION('',(1.,0.,0.));
#5884=DIRECTION('',(0.,0.,-1.));
#5885=DIRECTION('',(0.,0.,-1.));
#5886=DIRECTION('',(1.,0.,0.));
#5887=DIRECTION('',(0.,0.,1.));
#5888=DIRECTION('',(-1.,0.,0.));
#5889=DIRECTION('',(0.,0.,1.));
#5890=DIRECTION('',(-1.,-3.16555378827885E-16,0.));
#5891=DIRECTION('',(0.,0.,-1.));
#5892=DIRECTION('',(1.,0.,0.));
#5893=DIRECTION('',(0.,0.,1.));
#5894=DIRECTION('',(-1.,-3.0327333496098E-16,0.));
#5895=DIRECTION('',(0.,0.,1.));
#5896=DIRECTION('',(-1.,0.,0.));
#5897=DIRECTION('',(0.,0.,1.));
#5898=DIRECTION('',(-1.,0.,0.));
#5899=DIRECTION('',(0.,0.,-1.));
#5900=DIRECTION('',(0.,0.,1.));
#5901=DIRECTION('',(1.,1.21027219254196E-15,0.));
#5902=DIRECTION('',(0.,0.,-1.));
#5903=DIRECTION('',(0.,0.,1.));
#5904=DIRECTION('',(-1.,0.,0.));
#5905=DIRECTION('',(0.,0.,-1.));
#5906=DIRECTION('',(0.,0.,1.));
#5907=DIRECTION('',(1.,1.4065325480893E-15,0.));
#5908=DIRECTION('',(0.,0.,-1.));
#5909=DIRECTION('',(1.,0.,0.));
#5910=DIRECTION('',(0.,0.,1.));
#5911=DIRECTION('',(0.,1.,0.));
#5912=DIRECTION('',(0.,0.,-1.));
#5913=DIRECTION('',(-1.,0.,0.));
#5914=DIRECTION('',(0.,0.,-1.));
#5915=DIRECTION('',(0.,0.,-1.));
#5916=DIRECTION('',(0.,1.,0.));
#5917=DIRECTION('',(0.,0.,-1.));
#5918=DIRECTION('',(1.,0.,0.));
#5919=DIRECTION('',(0.,0.,-1.));
#5920=DIRECTION('',(-0.796875,-0.604144216536912,0.));
#5921=DIRECTION('',(0.,0.,-1.));
#5922=DIRECTION('',(0.,0.,-1.));
#5923=DIRECTION('',(1.,0.,0.));
#5924=DIRECTION('',(0.,0.,-1.));
#5925=DIRECTION('',(0.,0.,-1.));
#5926=DIRECTION('',(-0.796875,-0.604144216536912,0.));
#5927=DIRECTION('',(0.,0.,1.));
#5928=DIRECTION('',(-1.,0.,0.));
#5929=DIRECTION('',(0.,0.,1.));
#5930=DIRECTION('',(0.796875,-0.604144216536914,0.));
#5931=DIRECTION('',(0.,0.,-1.));
#5932=DIRECTION('',(0.,0.,1.));
#5933=DIRECTION('',(-1.,0.,0.));
#5934=DIRECTION('',(0.,0.,-1.));
#5935=DIRECTION('',(0.,0.,1.));
#5936=DIRECTION('',(0.796875,-0.604144216536914,0.));
#5937=DIRECTION('',(0.,0.,-1.));
#5938=DIRECTION('',(1.,0.,0.));
#5939=DIRECTION('',(0.,0.,-1.));
#5940=DIRECTION('',(-1.,0.,0.));
#5941=DIRECTION('',(0.,0.,-1.));
#5942=DIRECTION('',(0.,0.,-1.));
#5943=DIRECTION('',(1.,0.,0.));
#5944=DIRECTION('',(0.,0.,-1.));
#5945=DIRECTION('',(0.,0.,-1.));
#5946=DIRECTION('',(-1.,0.,0.));
#5947=DIRECTION('',(1.,0.,0.));
#5948=DIRECTION('',(0.,0.,1.));
#5949=DIRECTION('',(0.,1.,0.));
#5950=DIRECTION('',(0.,0.,-1.));
#5951=DIRECTION('',(-1.,0.,0.));
#5952=DIRECTION('',(0.,0.,-1.));
#5953=DIRECTION('',(0.,0.,-1.));
#5954=DIRECTION('',(0.,1.,0.));
#5955=DIRECTION('',(0.,0.,1.));
#5956=DIRECTION('',(-1.,0.,0.));
#5957=DIRECTION('',(0.,0.,1.));
#5958=DIRECTION('',(1.61369625672261E-15,-1.,0.));
#5959=DIRECTION('',(0.,0.,-1.));
#5960=DIRECTION('',(0.,0.,1.));
#5961=DIRECTION('',(-1.,0.,0.));
#5962=DIRECTION('',(0.,0.,-1.));
#5963=DIRECTION('',(0.,0.,1.));
#5964=DIRECTION('',(9.37688365392868E-16,-1.,0.));
#5965=DIRECTION('',(-1.34735803959364E-16,-1.,0.));
#5966=DIRECTION('',(1.,-1.34735803959364E-16,0.));
#5967=DIRECTION('',(1.,-1.34735803959364E-16,0.));
#5968=DIRECTION('',(0.,0.,-1.));
#5969=DIRECTION('',(1.34735803959364E-16,1.,0.));
#5970=DIRECTION('',(-1.,1.34735803959364E-16,0.));
#5971=DIRECTION('',(0.,0.,-1.));
#5972=DIRECTION('',(1.,-1.34735803959364E-16,0.));
#5973=DIRECTION('',(0.,0.,1.));
#5974=DIRECTION('',(-1.,0.,0.));
#5975=DIRECTION('',(0.,0.,1.));
#5976=DIRECTION('',(-1.,0.,0.));
#5977=DIRECTION('',(0.,0.,-1.));
#5978=DIRECTION('',(0.,0.,1.));
#5979=DIRECTION('',(-1.,0.,0.));
#5980=DIRECTION('',(0.,0.,-1.));
#5981=DIRECTION('',(0.,0.,1.));
#5982=DIRECTION('',(-1.,0.,0.));
#5983=DIRECTION('',(-1.,0.,0.));
#5984=DIRECTION('',(0.,0.,-1.));
#5985=DIRECTION('',(0.,-1.,0.));
#5986=DIRECTION('',(0.,0.,-1.));
#5987=DIRECTION('',(1.,0.,0.));
#5988=DIRECTION('',(0.,0.,1.));
#5989=DIRECTION('',(0.,0.,-1.));
#5990=DIRECTION('',(0.,-1.,0.));
#5991=DIRECTION('',(0.,0.,-1.));
#5992=DIRECTION('',(1.,0.,0.));
#5993=DIRECTION('',(0.,0.,-1.));
#5994=DIRECTION('',(0.796875,0.604144216536909,0.));
#5995=DIRECTION('',(0.,0.,-1.));
#5996=DIRECTION('',(0.,0.,-1.));
#5997=DIRECTION('',(1.,0.,0.));
#5998=DIRECTION('',(0.,0.,-1.));
#5999=DIRECTION('',(0.,0.,-1.));
#6000=DIRECTION('',(0.796875,0.604144216536909,0.));
#6001=DIRECTION('',(0.,0.,1.));
#6002=DIRECTION('',(-1.,0.,0.));
#6003=DIRECTION('',(0.,0.,1.));
#6004=DIRECTION('',(-0.796875,0.604144216536914,0.));
#6005=DIRECTION('',(0.,0.,-1.));
#6006=DIRECTION('',(0.,0.,1.));
#6007=DIRECTION('',(-1.,0.,0.));
#6008=DIRECTION('',(0.,0.,-1.));
#6009=DIRECTION('',(0.,0.,1.));
#6010=DIRECTION('',(-0.796875,0.604144216536914,0.));
#6011=DIRECTION('',(0.,0.,-1.));
#6012=DIRECTION('',(1.,0.,0.));
#6013=DIRECTION('',(0.,0.,-1.));
#6014=DIRECTION('',(1.,-6.08998667098231E-15,0.));
#6015=DIRECTION('',(0.,0.,-1.));
#6016=DIRECTION('',(0.,0.,-1.));
#6017=DIRECTION('',(1.,0.,0.));
#6018=DIRECTION('',(0.,0.,-1.));
#6019=DIRECTION('',(0.,0.,-1.));
#6020=DIRECTION('',(1.,-6.05516685010763E-15,0.));
#6021=DIRECTION('',(-1.,0.,0.));
#6022=DIRECTION('',(0.,0.,-1.));
#6023=DIRECTION('',(0.,-1.,0.));
#6024=DIRECTION('',(0.,0.,-1.));
#6025=DIRECTION('',(1.,0.,0.));
#6026=DIRECTION('',(0.,0.,1.));
#6027=DIRECTION('',(0.,0.,-1.));
#6028=DIRECTION('',(0.,-1.,0.));
#6029=DIRECTION('',(0.,0.,1.));
#6030=DIRECTION('',(-1.,0.,0.));
#6031=DIRECTION('',(0.,0.,1.));
#6032=DIRECTION('',(0.,1.,0.));
#6033=DIRECTION('',(0.,0.,-1.));
#6034=DIRECTION('',(0.,0.,1.));
#6035=DIRECTION('',(-1.,0.,0.));
#6036=DIRECTION('',(0.,0.,-1.));
#6037=DIRECTION('',(0.,0.,1.));
#6038=DIRECTION('',(0.,1.,0.));
#6039=DIRECTION('',(0.,0.,-1.));
#6040=DIRECTION('',(1.,0.,0.));
#6041=DIRECTION('',(-1.,0.,0.));
#6042=DIRECTION('',(-1.,0.,0.));
#6043=DIRECTION('',(0.,1.,0.));
#6044=DIRECTION('',(0.,0.,-1.));
#6045=DIRECTION('',(0.,-1.,0.));
#6046=DIRECTION('',(0.,0.,1.));
#6047=DIRECTION('',(0.,0.,1.));
#6048=DIRECTION('',(1.,0.,0.));
#6049=DIRECTION('',(0.,0.,-1.));
#6050=DIRECTION('',(-1.,0.,0.));
#6051=DIRECTION('',(0.,0.,-1.));
#6052=DIRECTION('',(1.,0.,0.));
#6053=DIRECTION('',(0.,0.,-1.));
#6054=DIRECTION('',(0.,0.,-1.));
#6055=DIRECTION('',(1.,0.,0.));
#6056=DIRECTION('',(0.,0.,-1.));
#6057=DIRECTION('',(0.,1.,0.));
#6058=DIRECTION('',(0.,0.,1.));
#6059=DIRECTION('',(1.,0.,0.));
#6060=DIRECTION('',(0.,0.,-1.));
#6061=DIRECTION('',(1.,0.,0.));
#6062=DIRECTION('',(0.,0.,-1.));
#6063=DIRECTION('',(-1.,0.,0.));
#6064=DIRECTION('',(0.,0.,-1.));
#6065=DIRECTION('',(1.,0.,0.));
#6066=DIRECTION('',(0.,0.,-1.));
#6067=DIRECTION('',(0.,0.,-1.));
#6068=DIRECTION('',(1.,0.,0.));
#6069=DIRECTION('',(-1.,0.,0.));
#6070=DIRECTION('',(0.,0.,1.));
#6071=DIRECTION('',(0.,1.,0.));
#6072=DIRECTION('',(0.,0.,-1.));
#6073=DIRECTION('',(0.,1.,0.));
#6074=DIRECTION('',(0.,0.,-1.));
#6075=DIRECTION('',(-1.,0.,0.));
#6076=DIRECTION('',(0.,0.,1.));
#6077=DIRECTION('',(1.,0.,0.));
#6078=DIRECTION('',(0.,0.,-1.));
#6079=DIRECTION('',(0.,0.,1.));
#6080=DIRECTION('',(1.,0.,0.));
#6081=DIRECTION('',(0.,1.,0.));
#6082=DIRECTION('',(0.,0.,1.));
#6083=DIRECTION('',(1.,0.,0.));
#6084=DIRECTION('',(0.,0.,-1.));
#6085=DIRECTION('',(1.,0.,0.));
#6086=DIRECTION('',(0.,0.,-1.));
#6087=DIRECTION('',(-1.,0.,0.));
#6088=DIRECTION('',(0.,0.,1.));
#6089=DIRECTION('',(1.,0.,0.));
#6090=DIRECTION('',(0.,0.,-1.));
#6091=DIRECTION('',(0.,0.,1.));
#6092=DIRECTION('',(1.,0.,0.));
#6093=DIRECTION('',(0.,0.,-1.));
#6094=DIRECTION('',(-1.,0.,0.));
#6095=DIRECTION('',(0.,0.,1.));
#6096=DIRECTION('',(1.,0.,0.));
#6097=DIRECTION('',(0.,0.,1.));
#6098=DIRECTION('',(1.,0.,0.));
#6099=DIRECTION('',(1.,0.,0.));
#6100=DIRECTION('',(0.,0.,-1.));
#6101=DIRECTION('',(0.,-1.,0.));
#6102=DIRECTION('',(0.,-1.,0.));
#6103=DIRECTION('',(0.,0.,-1.));
#6104=DIRECTION('',(-1.,0.,0.));
#6105=DIRECTION('',(0.,0.,1.));
#6106=DIRECTION('',(1.,0.,0.));
#6107=DIRECTION('',(0.,0.,1.));
#6108=DIRECTION('',(1.,0.,0.));
#6109=DIRECTION('',(0.,0.,1.));
#6110=DIRECTION('',(1.,0.,0.));
#6111=DIRECTION('',(0.,0.,1.));
#6112=DIRECTION('',(1.,0.,0.));
#6113=CARTESIAN_POINT('',(0.,0.,0.));
#6114=CARTESIAN_POINT('',(0.008459833004356,0.00589484054717177,0.009));
#6115=CARTESIAN_POINT('',(0.008459833004356,-0.00155515945282825,0.009));
#6116=CARTESIAN_POINT('',(0.030459833004356,-0.00155515945282825,0.009));
#6117=CARTESIAN_POINT('',(0.0218645896228105,-0.00155515945282825,0.009));
#6118=CARTESIAN_POINT('',(0.030459833004356,0.00589484054717178,0.009));
#6119=CARTESIAN_POINT('',(0.030459833004356,0.0133448405471718,0.009));
#6120=CARTESIAN_POINT('',(0.008459833004356,0.0133448405471717,0.009));
#6121=CARTESIAN_POINT('',(0.0218645896228105,0.0133448405471717,0.009));
#6122=CARTESIAN_POINT('',(0.0218645896228105,0.0171448405471718,0.009));
#6123=CARTESIAN_POINT('',(0.0189538424713746,0.0147019834043146,0.009));
#6124=CARTESIAN_POINT('',(0.008459833004356,0.00589484054717175,0.009));
#6125=CARTESIAN_POINT('',(-0.00203417646266267,0.0147019834043146,0.009));
#6126=CARTESIAN_POINT('',(-0.0049449236140985,0.0171448405471718,0.009));
#6127=CARTESIAN_POINT('',(-0.00494492361409851,0.0133448405471717,0.009));
#6128=CARTESIAN_POINT('',(0.008459833004356,0.0133448405471717,0.009));
#6129=CARTESIAN_POINT('',(-0.013540166995644,0.0133448405471718,0.009));
#6130=CARTESIAN_POINT('',(-0.013540166995644,0.00589484054717176,0.009));
#6131=CARTESIAN_POINT('',(-0.013540166995644,-0.00155515945282826,0.009));
#6132=CARTESIAN_POINT('',(0.008459833004356,-0.00155515945282825,0.009));
#6133=CARTESIAN_POINT('',(-0.0049449236140985,-0.00155515945282826,0.009));
#6134=CARTESIAN_POINT('',(-0.0049449236140985,-0.00535515945282826,0.009));
#6135=CARTESIAN_POINT('',(-0.00203417646266266,-0.00291230230997112,0.009));
#6136=CARTESIAN_POINT('',(0.008459833004356,0.00589484054717174,0.009));
#6137=CARTESIAN_POINT('',(0.0189538424713747,-0.00291230230997111,0.009));
#6138=CARTESIAN_POINT('',(0.0218645896228105,-0.00535515945282826,0.009));
#6139=CARTESIAN_POINT('',(0.0261622113135833,0.0121448405471717,0.009));
#6140=CARTESIAN_POINT('',(0.0218645896228105,0.0121448405471717,0.009));
#6141=CARTESIAN_POINT('',(0.030459833004356,0.0121448405471717,0.009));
#6142=CARTESIAN_POINT('',(0.030459833004356,0.00589484054717175,0.009));
#6143=CARTESIAN_POINT('',(0.030459833004356,-0.000355159452828255,0.009));
#6144=CARTESIAN_POINT('',(0.0261622113135833,-0.000355159452828255,0.009));
#6145=CARTESIAN_POINT('',(0.0218645896228105,-0.000355159452828255,0.009));
#6146=CARTESIAN_POINT('',(0.0218645896228105,-0.00535515945282825,0.009));
#6147=CARTESIAN_POINT('',(0.018034659160395,-0.00214087373854254,0.009));
#6148=CARTESIAN_POINT('',(0.008459833004356,0.00589484054717174,0.009));
#6149=CARTESIAN_POINT('',(-0.00111499315168293,-0.00214087373854255,0.009));
#6150=CARTESIAN_POINT('',(-0.0049449236140985,-0.00535515945282826,0.009));
#6151=CARTESIAN_POINT('',(-0.0049449236140985,-0.000355159452828262,0.009));
#6152=CARTESIAN_POINT('',(-0.00924254530487125,-0.000355159452828264,0.009));
#6153=CARTESIAN_POINT('',(-0.013540166995644,-0.000355159452828265,0.009));
#6154=CARTESIAN_POINT('',(-0.013540166995644,0.00589484054717174,0.009));
#6155=CARTESIAN_POINT('',(-0.013540166995644,0.0121448405471717,0.009));
#6156=CARTESIAN_POINT('',(-0.00924254530487125,0.0121448405471717,0.009));
#6157=CARTESIAN_POINT('',(-0.00494492361409851,0.0121448405471717,0.009));
#6158=CARTESIAN_POINT('',(-0.00494492361409851,0.0171448405471718,0.009));
#6159=CARTESIAN_POINT('',(-0.00111499315168293,0.013930554832886,0.009));
#6160=CARTESIAN_POINT('',(0.008459833004356,0.00589484054717175,0.009));
#6161=CARTESIAN_POINT('',(0.018034659160395,0.013930554832886,0.009));
#6162=CARTESIAN_POINT('',(0.0218645896228105,0.0171448405471718,0.009));
#6163=CARTESIAN_POINT('',(0.008459833004356,0.00589484054717177,0.009));
#6164=CARTESIAN_POINT('',(-0.017290166995644,-0.0150051594528282,0.009));
#6165=CARTESIAN_POINT('',(-0.021590166995644,-0.0150051594528282,0.009));
#6166=CARTESIAN_POINT('',(-0.017290166995644,-0.0193051594528283,0.009));
#6167=CARTESIAN_POINT('',(-0.021590166995644,0.00589484054717177,0.009));
#6168=CARTESIAN_POINT('',(-0.021590166995644,-0.0037714669174189,0.009));
#6169=CARTESIAN_POINT('',(-0.026290166995644,-0.0037714669174189,0.009));
#6170=CARTESIAN_POINT('',(-0.022544854495644,-0.000931989099695406,0.009));
#6171=CARTESIAN_POINT('',(-0.013540166995644,0.00589484054717172,0.009));
#6172=CARTESIAN_POINT('',(-0.022544854495644,0.0127216701940388,0.009));
#6173=CARTESIAN_POINT('',(-0.026290166995644,0.0155611480117624,0.009));
#6174=CARTESIAN_POINT('',(-0.021590166995644,0.0155611480117624,0.009));
#6175=CARTESIAN_POINT('',(-0.021590166995644,0.00589484054717177,0.009));
#6176=CARTESIAN_POINT('',(-0.021590166995644,0.0267948405471717,0.009));
#6177=CARTESIAN_POINT('',(-0.017290166995644,0.0267948405471717,0.009));
#6178=CARTESIAN_POINT('',(-0.017290166995644,0.0310948405471717,0.009));
#6179=CARTESIAN_POINT('',(0.008459833004356,0.0310948405471717,0.009));
#6180=CARTESIAN_POINT('',(0.034209833004356,0.0310948405471717,0.009));
#6181=CARTESIAN_POINT('',(0.034209833004356,0.0267948405471717,0.009));
#6182=CARTESIAN_POINT('',(0.0385098330043561,0.0267948405471717,0.009));
#6183=CARTESIAN_POINT('',(0.038509833004356,0.00589484054717177,0.009));
#6184=CARTESIAN_POINT('',(0.038509833004356,0.0155611480117624,0.009));
#6185=CARTESIAN_POINT('',(0.043209833004356,0.0155611480117624,0.009));
#6186=CARTESIAN_POINT('',(0.039464520504356,0.0127216701940389,0.009));
#6187=CARTESIAN_POINT('',(0.030459833004356,0.00589484054717173,0.009));
#6188=CARTESIAN_POINT('',(0.039464520504356,-0.000931989099695402,0.009));
#6189=CARTESIAN_POINT('',(0.043209833004356,-0.00377146691741889,0.009));
#6190=CARTESIAN_POINT('',(0.038509833004356,-0.00377146691741889,0.009));
#6191=CARTESIAN_POINT('',(0.038509833004356,0.00589484054717177,0.009));
#6192=CARTESIAN_POINT('',(0.0385098330043561,-0.0150051594528282,0.009));
#6193=CARTESIAN_POINT('',(0.034209833004356,-0.0150051594528282,0.009));
#6194=CARTESIAN_POINT('',(0.034209833004356,-0.0193051594528283,0.009));
#6195=CARTESIAN_POINT('',(0.008459833004356,-0.0193051594528283,0.009));
#6196=CARTESIAN_POINT('',(0.053459833004356,-0.0211051594528283,0.009));
#6197=CARTESIAN_POINT('',(0.055459833004356,-0.0211051594528283,0.009));
#6198=CARTESIAN_POINT('',(0.053459833004356,0.0328948405471718,0.009));
#6199=CARTESIAN_POINT('',(0.055459833004356,0.0328948405471718,0.009));
#6200=CARTESIAN_POINT('',(-0.036540166995644,-0.0211051594528283,0.009));
#6201=CARTESIAN_POINT('',(-0.034540166995644,-0.0211051594528283,0.009));
#6202=CARTESIAN_POINT('',(-0.036540166995644,0.0328948405471718,0.009));
#6203=CARTESIAN_POINT('',(-0.034540166995644,0.0328948405471718,0.009));
#6204=CARTESIAN_POINT('',(0.010459833004356,0.0408948405471718,0.009));
#6205=CARTESIAN_POINT('',(-0.040540166995644,0.0408948405471718,0.009));
#6206=CARTESIAN_POINT('',(0.057459833004356,0.0408948405471718,0.009));
#6207=CARTESIAN_POINT('',(-0.040540166995644,0.0368948405471718,0.009));
#6208=CARTESIAN_POINT('',(-0.044540166995644,0.0368948405471718,0.009));
#6209=CARTESIAN_POINT('',(-0.044540166995644,0.0328948405471718,0.009));
#6210=CARTESIAN_POINT('',(-0.044540166995644,0.0288948405471718,0.009));
#6211=CARTESIAN_POINT('',(-0.040540166995644,0.0288948405471718,0.009));
#6212=CARTESIAN_POINT('',(-0.040540166995644,0.0248948405471718,0.009));
#6213=CARTESIAN_POINT('',(-0.040540166995644,0.0208948405471718,0.009));
#6214=CARTESIAN_POINT('',(-0.036540166995644,0.0208948405471717,0.009));
#6215=CARTESIAN_POINT('',(-0.036540166995644,0.00589484054717174,0.009));
#6216=CARTESIAN_POINT('',(-0.036540166995644,-0.00910515945282825,0.009));
#6217=CARTESIAN_POINT('',(-0.040540166995644,-0.00910515945282825,0.009));
#6218=CARTESIAN_POINT('',(-0.040540166995644,-0.0131051594528283,0.009));
#6219=CARTESIAN_POINT('',(-0.040540166995644,-0.0171051594528283,0.009));
#6220=CARTESIAN_POINT('',(-0.044540166995644,-0.0171051594528283,0.009));
#6221=CARTESIAN_POINT('',(-0.044540166995644,-0.0211051594528283,0.009));
#6222=CARTESIAN_POINT('',(-0.044540166995644,-0.0251051594528282,0.009));
#6223=CARTESIAN_POINT('',(-0.040540166995644,-0.0251051594528282,0.009));
#6224=CARTESIAN_POINT('',(-0.040540166995644,-0.0291051594528282,0.009));
#6225=CARTESIAN_POINT('',(0.008459833004356,-0.0291051594528282,0.009));
#6226=CARTESIAN_POINT('',(0.057459833004356,-0.0291051594528282,0.009));
#6227=CARTESIAN_POINT('',(0.057459833004356,-0.0251051594528282,0.009));
#6228=CARTESIAN_POINT('',(0.061459833004356,-0.0251051594528282,0.009));
#6229=CARTESIAN_POINT('',(0.061459833004356,-0.0211051594528283,0.009));
#6230=CARTESIAN_POINT('',(0.061459833004356,-0.0171051594528283,0.009));
#6231=CARTESIAN_POINT('',(0.057459833004356,-0.0171051594528283,0.009));
#6232=CARTESIAN_POINT('',(0.057459833004356,-0.0131051594528283,0.009));
#6233=CARTESIAN_POINT('',(0.057459833004356,-0.00910515945282821,0.009));
#6234=CARTESIAN_POINT('',(0.053459833004356,-0.00910515945282823,0.009));
#6235=CARTESIAN_POINT('',(0.053459833004356,0.00589484054717175,0.009));
#6236=CARTESIAN_POINT('',(0.053459833004356,0.0208948405471717,0.009));
#6237=CARTESIAN_POINT('',(0.057459833004356,0.0208948405471717,0.009));
#6238=CARTESIAN_POINT('',(0.057459833004356,0.0248948405471718,0.009));
#6239=CARTESIAN_POINT('',(0.057459833004356,0.0288948405471718,0.009));
#6240=CARTESIAN_POINT('',(0.061459833004356,0.0288948405471718,0.009));
#6241=CARTESIAN_POINT('',(0.061459833004356,0.0328948405471718,0.009));
#6242=CARTESIAN_POINT('',(0.061459833004356,0.0368948405471718,0.009));
#6243=CARTESIAN_POINT('',(0.057459833004356,0.0368948405471718,0.009));
#6244=CARTESIAN_POINT('',(0.034209833004356,0.0267948405471717,0.009));
#6245=CARTESIAN_POINT('',(0.034209833004356,0.0267948405471717,0.002));
#6246=CARTESIAN_POINT('',(0.034209833004356,0.0242948405471718,0.002));
#6247=CARTESIAN_POINT('',(0.034209833004356,0.0292948405471717,0.002));
#6248=CARTESIAN_POINT('',(0.034209833004356,0.0242948405471718,0.004));
#6249=CARTESIAN_POINT('',(0.034209833004356,0.0242948405471718,0.004));
#6250=CARTESIAN_POINT('',(0.034209833004356,0.0267948405471717,0.004));
#6251=CARTESIAN_POINT('',(0.036709833004356,0.0267948405471717,0.004));
#6252=CARTESIAN_POINT('',(0.036709833004356,0.0267948405471717,0.009));
#6253=CARTESIAN_POINT('',(0.036709833004356,0.0267948405471717,0.009));
#6254=CARTESIAN_POINT('',(0.034209833004356,0.0267948405471717,0.009));
#6255=CARTESIAN_POINT('',(0.034209833004356,0.0292948405471717,0.009));
#6256=CARTESIAN_POINT('',(0.034209833004356,0.0292948405471717,0.009));
#6257=CARTESIAN_POINT('',(0.036709833004356,0.00589484054717175,0.009));
#6258=CARTESIAN_POINT('',(0.036709833004356,0.00589484054717175,0.004));
#6259=CARTESIAN_POINT('',(0.036709833004356,0.0213948405471718,0.004));
#6260=CARTESIAN_POINT('',(0.036709833004356,0.0213948405471718,0.009));
#6261=CARTESIAN_POINT('',(0.036709833004356,0.0213948405471718,0.009));
#6262=CARTESIAN_POINT('',(0.036709833004356,0.00589484054717175,0.009));
#6263=CARTESIAN_POINT('',(0.030459833004356,0.0213948405471718,0.009));
#6264=CARTESIAN_POINT('',(0.030459833004356,0.0213948405471718,0.004));
#6265=CARTESIAN_POINT('',(0.030459833004356,0.0151448405471717,0.004));
#6266=CARTESIAN_POINT('',(0.030459833004356,0.0151448405471717,0.009));
#6267=CARTESIAN_POINT('',(0.030459833004356,0.0151448405471717,0.009));
#6268=CARTESIAN_POINT('',(0.030459833004356,0.0213948405471718,0.009));
#6269=CARTESIAN_POINT('',(0.0261622113135833,0.0151448405471717,0.009));
#6270=CARTESIAN_POINT('',(0.0261622113135833,0.0151448405471717,0.004));
#6271=CARTESIAN_POINT('',(0.0218645896228105,0.0151448405471717,0.004));
#6272=CARTESIAN_POINT('',(0.0218645896228105,0.0151448405471717,0.009));
#6273=CARTESIAN_POINT('',(0.0218645896228105,0.0151448405471717,0.009));
#6274=CARTESIAN_POINT('',(0.0261622113135833,0.0151448405471717,0.009));
#6275=CARTESIAN_POINT('',(0.0218645896228105,0.0171448405471718,0.009));
#6276=CARTESIAN_POINT('',(0.0218645896228105,0.0171448405471718,0.004));
#6277=CARTESIAN_POINT('',(0.0203326174378443,0.0158591262614574,0.004));
#6278=CARTESIAN_POINT('',(0.0203326174378443,0.0158591262614574,0.009));
#6279=CARTESIAN_POINT('',(0.0203326174378443,0.0158591262614574,0.009));
#6280=CARTESIAN_POINT('',(0.0218645896228105,0.0171448405471718,0.009));
#6281=CARTESIAN_POINT('',(0.008459833004356,0.00589484054717174,0.009));
#6282=CARTESIAN_POINT('',(0.008459833004356,0.00589484054717174,0.004));
#6283=CARTESIAN_POINT('',(-0.00341295142913227,0.0158591262614574,0.004));
#6284=CARTESIAN_POINT('',(-0.00341295142913227,0.0158591262614574,0.009));
#6285=CARTESIAN_POINT('',(-0.00341295142913227,0.0158591262614574,0.009));
#6286=CARTESIAN_POINT('',(0.008459833004356,0.00589484054717174,0.009));
#6287=CARTESIAN_POINT('',(-0.00494492361409851,0.0171448405471718,0.009));
#6288=CARTESIAN_POINT('',(-0.00494492361409851,0.0171448405471718,0.004));
#6289=CARTESIAN_POINT('',(-0.0049449236140985,0.0151448405471717,0.004));
#6290=CARTESIAN_POINT('',(-0.0049449236140985,0.0151448405471717,0.009));
#6291=CARTESIAN_POINT('',(-0.0049449236140985,0.0151448405471717,0.009));
#6292=CARTESIAN_POINT('',(-0.00494492361409851,0.0171448405471718,0.009));
#6293=CARTESIAN_POINT('',(-0.00924254530487125,0.0151448405471717,0.009));
#6294=CARTESIAN_POINT('',(-0.00924254530487125,0.0151448405471717,0.004));
#6295=CARTESIAN_POINT('',(-0.013540166995644,0.0151448405471717,0.004));
#6296=CARTESIAN_POINT('',(-0.013540166995644,0.0151448405471717,0.009));
#6297=CARTESIAN_POINT('',(-0.013540166995644,0.0151448405471717,0.009));
#6298=CARTESIAN_POINT('',(-0.00924254530487125,0.0151448405471717,0.009));
#6299=CARTESIAN_POINT('',(-0.013540166995644,0.0213948405471718,0.009));
#6300=CARTESIAN_POINT('',(-0.013540166995644,0.0213948405471718,0.004));
#6301=CARTESIAN_POINT('',(-0.019790166995644,0.0213948405471718,0.004));
#6302=CARTESIAN_POINT('',(-0.019790166995644,0.0213948405471718,0.009));
#6303=CARTESIAN_POINT('',(-0.019790166995644,0.0213948405471718,0.009));
#6304=CARTESIAN_POINT('',(-0.013540166995644,0.0213948405471718,0.009));
#6305=CARTESIAN_POINT('',(-0.019790166995644,0.00589484054717173,0.009));
#6306=CARTESIAN_POINT('',(-0.019790166995644,0.00589484054717173,0.004));
#6307=CARTESIAN_POINT('',(-0.019790166995644,0.0267948405471717,0.004));
#6308=CARTESIAN_POINT('',(-0.019790166995644,0.0267948405471717,0.009));
#6309=CARTESIAN_POINT('',(-0.019790166995644,0.0267948405471717,0.009));
#6310=CARTESIAN_POINT('',(-0.019790166995644,0.00589484054717173,0.009));
#6311=CARTESIAN_POINT('',(-0.017290166995644,0.0267948405471717,0.009));
#6312=CARTESIAN_POINT('',(-0.017290166995644,0.0267948405471717,0.002));
#6313=CARTESIAN_POINT('',(-0.017290166995644,0.0292948405471717,0.002));
#6314=CARTESIAN_POINT('',(-0.017290166995644,0.0242948405471718,0.002));
#6315=CARTESIAN_POINT('',(-0.017290166995644,0.0292948405471717,0.009));
#6316=CARTESIAN_POINT('',(-0.017290166995644,0.0292948405471717,0.009));
#6317=CARTESIAN_POINT('',(-0.017290166995644,0.0267948405471717,0.009));
#6318=CARTESIAN_POINT('',(-0.017290166995644,0.0267948405471717,0.004));
#6319=CARTESIAN_POINT('',(-0.017290166995644,0.0242948405471718,0.004));
#6320=CARTESIAN_POINT('',(-0.017290166995644,0.0242948405471718,0.004));
#6321=CARTESIAN_POINT('',(0.030459833004356,-0.00960515945282825,0.009));
#6322=CARTESIAN_POINT('',(0.030459833004356,-0.00335515945282825,0.009));
#6323=CARTESIAN_POINT('',(0.030459833004356,-0.00335515945282825,0.009));
#6324=CARTESIAN_POINT('',(0.030459833004356,-0.00335515945282825,0.004));
#6325=CARTESIAN_POINT('',(0.030459833004356,-0.00960515945282825,0.004));
#6326=CARTESIAN_POINT('',(0.036709833004356,-0.00960515945282825,0.004));
#6327=CARTESIAN_POINT('',(0.036709833004356,-0.00960515945282825,0.009));
#6328=CARTESIAN_POINT('',(0.036709833004356,-0.00960515945282825,0.009));
#6329=CARTESIAN_POINT('',(0.030459833004356,-0.00960515945282825,0.009));
#6330=CARTESIAN_POINT('',(0.036709833004356,0.00589484054717175,0.009));
#6331=CARTESIAN_POINT('',(0.036709833004356,0.00589484054717175,0.004));
#6332=CARTESIAN_POINT('',(0.036709833004356,-0.0150051594528282,0.004));
#6333=CARTESIAN_POINT('',(0.036709833004356,-0.0150051594528282,0.009));
#6334=CARTESIAN_POINT('',(0.036709833004356,-0.0150051594528282,0.009));
#6335=CARTESIAN_POINT('',(0.036709833004356,0.00589484054717175,0.009));
#6336=CARTESIAN_POINT('',(0.034209833004356,-0.0150051594528282,0.009));
#6337=CARTESIAN_POINT('',(0.034209833004356,-0.0150051594528282,0.002));
#6338=CARTESIAN_POINT('',(0.034209833004356,-0.0175051594528282,0.002));
#6339=CARTESIAN_POINT('',(0.034209833004356,-0.0125051594528283,0.002));
#6340=CARTESIAN_POINT('',(0.034209833004356,-0.0175051594528282,0.009));
#6341=CARTESIAN_POINT('',(0.034209833004356,-0.0175051594528282,0.009));
#6342=CARTESIAN_POINT('',(0.034209833004356,-0.0150051594528282,0.009));
#6343=CARTESIAN_POINT('',(0.034209833004356,-0.0150051594528282,0.004));
#6344=CARTESIAN_POINT('',(0.034209833004356,-0.0125051594528283,0.004));
#6345=CARTESIAN_POINT('',(0.034209833004356,-0.0125051594528283,0.004));
#6346=CARTESIAN_POINT('',(0.00845983300435601,-0.0175051594528282,0.009));
#6347=CARTESIAN_POINT('',(0.00845983300435601,-0.0175051594528282,0.002));
#6348=CARTESIAN_POINT('',(-0.017290166995644,-0.0175051594528282,0.002));
#6349=CARTESIAN_POINT('',(-0.017290166995644,-0.0175051594528282,0.009));
#6350=CARTESIAN_POINT('',(-0.017290166995644,-0.0175051594528282,0.009));
#6351=CARTESIAN_POINT('',(0.00845983300435601,-0.0175051594528282,0.009));
#6352=CARTESIAN_POINT('',(-0.017290166995644,-0.0150051594528282,0.009));
#6353=CARTESIAN_POINT('',(-0.017290166995644,-0.0150051594528282,0.002));
#6354=CARTESIAN_POINT('',(-0.017290166995644,-0.0125051594528283,0.002));
#6355=CARTESIAN_POINT('',(-0.017290166995644,-0.0125051594528283,0.004));
#6356=CARTESIAN_POINT('',(-0.017290166995644,-0.0125051594528283,0.004));
#6357=CARTESIAN_POINT('',(-0.017290166995644,-0.0150051594528282,0.004));
#6358=CARTESIAN_POINT('',(-0.019790166995644,-0.0150051594528282,0.004));
#6359=CARTESIAN_POINT('',(-0.019790166995644,-0.0150051594528282,0.009));
#6360=CARTESIAN_POINT('',(-0.019790166995644,-0.0150051594528282,0.009));
#6361=CARTESIAN_POINT('',(-0.017290166995644,-0.0150051594528282,0.009));
#6362=CARTESIAN_POINT('',(-0.019790166995644,0.00589484054717173,0.009));
#6363=CARTESIAN_POINT('',(-0.019790166995644,0.00589484054717173,0.004));
#6364=CARTESIAN_POINT('',(-0.019790166995644,-0.00960515945282827,0.004));
#6365=CARTESIAN_POINT('',(-0.019790166995644,-0.00960515945282827,0.009));
#6366=CARTESIAN_POINT('',(-0.019790166995644,-0.00960515945282827,0.009));
#6367=CARTESIAN_POINT('',(-0.019790166995644,0.00589484054717173,0.009));
#6368=CARTESIAN_POINT('',(-0.013540166995644,-0.00960515945282827,0.009));
#6369=CARTESIAN_POINT('',(-0.013540166995644,-0.00960515945282827,0.004));
#6370=CARTESIAN_POINT('',(-0.013540166995644,-0.00335515945282826,0.004));
#6371=CARTESIAN_POINT('',(-0.013540166995644,-0.00335515945282826,0.009));
#6372=CARTESIAN_POINT('',(-0.013540166995644,-0.00335515945282826,0.009));
#6373=CARTESIAN_POINT('',(-0.013540166995644,-0.00960515945282827,0.009));
#6374=CARTESIAN_POINT('',(-0.00924254530487125,-0.00335515945282826,0.009));
#6375=CARTESIAN_POINT('',(-0.00924254530487125,-0.00335515945282826,0.004));
#6376=CARTESIAN_POINT('',(-0.0049449236140985,-0.00335515945282826,0.004));
#6377=CARTESIAN_POINT('',(-0.0049449236140985,-0.00335515945282826,0.009));
#6378=CARTESIAN_POINT('',(-0.0049449236140985,-0.00335515945282826,0.009));
#6379=CARTESIAN_POINT('',(-0.00924254530487125,-0.00335515945282826,0.009));
#6380=CARTESIAN_POINT('',(-0.0049449236140985,-0.00535515945282826,0.009));
#6381=CARTESIAN_POINT('',(-0.0049449236140985,-0.00535515945282826,0.004));
#6382=CARTESIAN_POINT('',(-0.00341295142913227,-0.00406944516711398,0.004));
#6383=CARTESIAN_POINT('',(-0.00341295142913227,-0.00406944516711398,0.009));
#6384=CARTESIAN_POINT('',(-0.00341295142913227,-0.00406944516711398,0.009));
#6385=CARTESIAN_POINT('',(-0.0049449236140985,-0.00535515945282826,0.009));
#6386=CARTESIAN_POINT('',(0.008459833004356,0.00589484054717174,0.009));
#6387=CARTESIAN_POINT('',(0.008459833004356,0.00589484054717174,0.004));
#6388=CARTESIAN_POINT('',(0.0203326174378443,-0.00406944516711398,0.004));
#6389=CARTESIAN_POINT('',(0.0203326174378443,-0.00406944516711398,0.009));
#6390=CARTESIAN_POINT('',(0.0203326174378443,-0.00406944516711398,0.009));
#6391=CARTESIAN_POINT('',(0.008459833004356,0.00589484054717174,0.009));
#6392=CARTESIAN_POINT('',(0.0218645896228105,-0.00535515945282826,0.009));
#6393=CARTESIAN_POINT('',(0.0218645896228105,-0.00535515945282826,0.004));
#6394=CARTESIAN_POINT('',(0.0218645896228105,-0.00335515945282825,0.004));
#6395=CARTESIAN_POINT('',(0.0218645896228105,-0.00335515945282825,0.009));
#6396=CARTESIAN_POINT('',(0.0218645896228105,-0.00335515945282825,0.009));
#6397=CARTESIAN_POINT('',(0.0218645896228105,-0.00535515945282826,0.009));
#6398=CARTESIAN_POINT('',(0.0261622113135833,0.0121448405471717,0.009));
#6399=CARTESIAN_POINT('',(0.0218645896228105,0.0121448405471717,0.009));
#6400=CARTESIAN_POINT('',(0.0218645896228105,0.0121448405471717,0.004));
#6401=CARTESIAN_POINT('',(0.0261622113135833,0.0121448405471717,0.004));
#6402=CARTESIAN_POINT('',(0.030459833004356,0.0121448405471717,0.004));
#6403=CARTESIAN_POINT('',(0.030459833004356,0.0121448405471717,0.009));
#6404=CARTESIAN_POINT('',(0.030459833004356,0.00589484054717175,0.009));
#6405=CARTESIAN_POINT('',(0.030459833004356,0.00589484054717175,0.004));
#6406=CARTESIAN_POINT('',(0.030459833004356,-0.000355159452828255,0.004));
#6407=CARTESIAN_POINT('',(0.030459833004356,-0.000355159452828255,0.009));
#6408=CARTESIAN_POINT('',(0.0261622113135833,-0.000355159452828255,0.009));
#6409=CARTESIAN_POINT('',(0.0261622113135833,-0.000355159452828255,0.004));
#6410=CARTESIAN_POINT('',(0.0218645896228105,-0.000355159452828255,0.004));
#6411=CARTESIAN_POINT('',(0.0218645896228105,-0.000355159452828255,0.009));
#6412=CARTESIAN_POINT('',(0.0218645896228105,-0.00535515945282825,0.009));
#6413=CARTESIAN_POINT('',(0.0218645896228105,-0.00535515945282825,0.004));
#6414=CARTESIAN_POINT('',(0.018034659160395,-0.00214087373854254,0.004));
#6415=CARTESIAN_POINT('',(0.018034659160395,-0.00214087373854254,0.009));
#6416=CARTESIAN_POINT('',(0.008459833004356,0.00589484054717174,0.009));
#6417=CARTESIAN_POINT('',(0.008459833004356,0.00589484054717174,0.004));
#6418=CARTESIAN_POINT('',(-0.00111499315168293,-0.00214087373854255,0.004));
#6419=CARTESIAN_POINT('',(-0.00111499315168293,-0.00214087373854255,0.009));
#6420=CARTESIAN_POINT('',(-0.0049449236140985,-0.00535515945282826,0.009));
#6421=CARTESIAN_POINT('',(-0.0049449236140985,-0.00535515945282826,0.004));
#6422=CARTESIAN_POINT('',(-0.0049449236140985,-0.000355159452828262,0.004));
#6423=CARTESIAN_POINT('',(-0.0049449236140985,-0.000355159452828262,0.009));
#6424=CARTESIAN_POINT('',(-0.00924254530487125,-0.000355159452828264,0.009));
#6425=CARTESIAN_POINT('',(-0.00924254530487125,-0.000355159452828264,0.004));
#6426=CARTESIAN_POINT('',(-0.013540166995644,-0.000355159452828265,0.004));
#6427=CARTESIAN_POINT('',(-0.013540166995644,-0.000355159452828265,0.009));
#6428=CARTESIAN_POINT('',(-0.013540166995644,0.00589484054717174,0.009));
#6429=CARTESIAN_POINT('',(-0.013540166995644,0.00589484054717174,0.004));
#6430=CARTESIAN_POINT('',(-0.013540166995644,0.0121448405471717,0.004));
#6431=CARTESIAN_POINT('',(-0.013540166995644,0.0121448405471717,0.009));
#6432=CARTESIAN_POINT('',(-0.00924254530487125,0.0121448405471717,0.009));
#6433=CARTESIAN_POINT('',(-0.00924254530487125,0.0121448405471717,0.004));
#6434=CARTESIAN_POINT('',(-0.00494492361409851,0.0121448405471717,0.004));
#6435=CARTESIAN_POINT('',(-0.00494492361409851,0.0121448405471717,0.009));
#6436=CARTESIAN_POINT('',(-0.00494492361409851,0.0171448405471718,0.009));
#6437=CARTESIAN_POINT('',(-0.00494492361409851,0.0171448405471718,0.004));
#6438=CARTESIAN_POINT('',(-0.00111499315168293,0.013930554832886,0.004));
#6439=CARTESIAN_POINT('',(-0.00111499315168293,0.013930554832886,0.009));
#6440=CARTESIAN_POINT('',(0.008459833004356,0.00589484054717175,0.009));
#6441=CARTESIAN_POINT('',(0.008459833004356,0.00589484054717175,0.004));
#6442=CARTESIAN_POINT('',(0.018034659160395,0.013930554832886,0.004));
#6443=CARTESIAN_POINT('',(0.018034659160395,0.013930554832886,0.009));
#6444=CARTESIAN_POINT('',(0.010459833004356,0.0408948405471718,0.009));
#6445=CARTESIAN_POINT('',(0.010459833004356,0.0408948405471718,0.002));
#6446=CARTESIAN_POINT('',(-0.040540166995644,0.0408948405471718,0.002));
#6447=CARTESIAN_POINT('',(0.057459833004356,0.0408948405471718,0.002));
#6448=CARTESIAN_POINT('',(-0.040540166995644,0.0408948405471718,0.009));
#6449=CARTESIAN_POINT('',(0.057459833004356,0.0408948405471718,0.009));
#6450=CARTESIAN_POINT('',(-0.040540166995644,0.0368948405471718,0.009));
#6451=CARTESIAN_POINT('',(-0.040540166995644,0.0368948405471718,0.002));
#6452=CARTESIAN_POINT('',(-0.044540166995644,0.0368948405471718,0.002));
#6453=CARTESIAN_POINT('',(-0.044540166995644,0.0368948405471718,0.009));
#6454=CARTESIAN_POINT('',(-0.044540166995644,0.0328948405471718,0.009));
#6455=CARTESIAN_POINT('',(-0.044540166995644,0.0328948405471718,0.002));
#6456=CARTESIAN_POINT('',(-0.044540166995644,0.0288948405471718,0.002));
#6457=CARTESIAN_POINT('',(-0.044540166995644,0.0288948405471718,0.009));
#6458=CARTESIAN_POINT('',(-0.040540166995644,0.0288948405471718,0.009));
#6459=CARTESIAN_POINT('',(-0.040540166995644,0.0288948405471718,0.002));
#6460=CARTESIAN_POINT('',(-0.040540166995644,0.0248948405471718,0.002));
#6461=CARTESIAN_POINT('',(-0.040540166995644,0.0248948405471718,0.009));
#6462=CARTESIAN_POINT('',(-0.040540166995644,0.0208948405471718,0.009));
#6463=CARTESIAN_POINT('',(-0.040540166995644,0.0208948405471718,0.002));
#6464=CARTESIAN_POINT('',(-0.036540166995644,0.0208948405471717,0.002));
#6465=CARTESIAN_POINT('',(-0.036540166995644,0.0208948405471717,0.009));
#6466=CARTESIAN_POINT('',(-0.036540166995644,0.00589484054717174,0.009));
#6467=CARTESIAN_POINT('',(-0.036540166995644,0.00589484054717174,0.002));
#6468=CARTESIAN_POINT('',(-0.036540166995644,-0.00910515945282825,0.002));
#6469=CARTESIAN_POINT('',(-0.036540166995644,-0.00910515945282825,0.009));
#6470=CARTESIAN_POINT('',(-0.040540166995644,-0.00910515945282825,0.009));
#6471=CARTESIAN_POINT('',(-0.040540166995644,-0.00910515945282825,0.002));
#6472=CARTESIAN_POINT('',(-0.040540166995644,-0.0131051594528283,0.002));
#6473=CARTESIAN_POINT('',(-0.040540166995644,-0.0131051594528283,0.009));
#6474=CARTESIAN_POINT('',(-0.040540166995644,-0.0171051594528283,0.009));
#6475=CARTESIAN_POINT('',(-0.040540166995644,-0.0171051594528283,0.002));
#6476=CARTESIAN_POINT('',(-0.044540166995644,-0.0171051594528283,0.002));
#6477=CARTESIAN_POINT('',(-0.044540166995644,-0.0171051594528283,0.009));
#6478=CARTESIAN_POINT('',(-0.044540166995644,-0.0211051594528283,0.009));
#6479=CARTESIAN_POINT('',(-0.044540166995644,-0.0211051594528283,0.002));
#6480=CARTESIAN_POINT('',(-0.044540166995644,-0.0251051594528282,0.002));
#6481=CARTESIAN_POINT('',(-0.044540166995644,-0.0251051594528282,0.009));
#6482=CARTESIAN_POINT('',(-0.040540166995644,-0.0251051594528282,0.009));
#6483=CARTESIAN_POINT('',(-0.040540166995644,-0.0251051594528282,0.002));
#6484=CARTESIAN_POINT('',(-0.040540166995644,-0.0291051594528282,0.002));
#6485=CARTESIAN_POINT('',(-0.040540166995644,-0.0291051594528282,0.009));
#6486=CARTESIAN_POINT('',(0.008459833004356,-0.0291051594528282,0.009));
#6487=CARTESIAN_POINT('',(0.008459833004356,-0.0291051594528282,0.002));
#6488=CARTESIAN_POINT('',(0.057459833004356,-0.0291051594528282,0.002));
#6489=CARTESIAN_POINT('',(0.057459833004356,-0.0291051594528282,0.009));
#6490=CARTESIAN_POINT('',(0.057459833004356,-0.0251051594528282,0.009));
#6491=CARTESIAN_POINT('',(0.057459833004356,-0.0251051594528282,0.002));
#6492=CARTESIAN_POINT('',(0.061459833004356,-0.0251051594528282,0.002));
#6493=CARTESIAN_POINT('',(0.061459833004356,-0.0251051594528282,0.009));
#6494=CARTESIAN_POINT('',(0.061459833004356,-0.0211051594528283,0.009));
#6495=CARTESIAN_POINT('',(0.061459833004356,-0.0211051594528283,0.002));
#6496=CARTESIAN_POINT('',(0.061459833004356,-0.0171051594528283,0.002));
#6497=CARTESIAN_POINT('',(0.061459833004356,-0.0171051594528283,0.009));
#6498=CARTESIAN_POINT('',(0.057459833004356,-0.0171051594528283,0.009));
#6499=CARTESIAN_POINT('',(0.057459833004356,-0.0171051594528283,0.002));
#6500=CARTESIAN_POINT('',(0.057459833004356,-0.0131051594528283,0.002));
#6501=CARTESIAN_POINT('',(0.057459833004356,-0.0131051594528283,0.009));
#6502=CARTESIAN_POINT('',(0.057459833004356,-0.00910515945282821,0.009));
#6503=CARTESIAN_POINT('',(0.057459833004356,-0.00910515945282821,0.002));
#6504=CARTESIAN_POINT('',(0.053459833004356,-0.00910515945282823,0.002));
#6505=CARTESIAN_POINT('',(0.053459833004356,-0.00910515945282823,0.009));
#6506=CARTESIAN_POINT('',(0.053459833004356,0.00589484054717175,0.009));
#6507=CARTESIAN_POINT('',(0.053459833004356,0.00589484054717175,0.002));
#6508=CARTESIAN_POINT('',(0.053459833004356,0.0208948405471717,0.002));
#6509=CARTESIAN_POINT('',(0.053459833004356,0.0208948405471717,0.009));
#6510=CARTESIAN_POINT('',(0.057459833004356,0.0208948405471717,0.009));
#6511=CARTESIAN_POINT('',(0.057459833004356,0.0208948405471717,0.002));
#6512=CARTESIAN_POINT('',(0.057459833004356,0.0248948405471718,0.002));
#6513=CARTESIAN_POINT('',(0.057459833004356,0.0248948405471718,0.009));
#6514=CARTESIAN_POINT('',(0.057459833004356,0.0288948405471718,0.009));
#6515=CARTESIAN_POINT('',(0.057459833004356,0.0288948405471718,0.002));
#6516=CARTESIAN_POINT('',(0.061459833004356,0.0288948405471718,0.002));
#6517=CARTESIAN_POINT('',(0.061459833004356,0.0288948405471718,0.009));
#6518=CARTESIAN_POINT('',(0.061459833004356,0.0328948405471718,0.009));
#6519=CARTESIAN_POINT('',(0.061459833004356,0.0328948405471718,0.002));
#6520=CARTESIAN_POINT('',(0.061459833004356,0.0368948405471718,0.002));
#6521=CARTESIAN_POINT('',(0.061459833004356,0.0368948405471718,0.009));
#6522=CARTESIAN_POINT('',(0.0261622113135833,-0.00335515945282825,0.009));
#6523=CARTESIAN_POINT('',(0.0261622113135833,-0.00335515945282825,0.004));
#6524=CARTESIAN_POINT('',(0.0261622113135833,-0.00335515945282825,0.009));
#6525=CARTESIAN_POINT('',(0.0218645896228105,0.0171448405471718,0.009));
#6526=CARTESIAN_POINT('',(0.0218645896228105,0.0171448405471718,0.004));
#6527=CARTESIAN_POINT('',(0.053459833004356,-0.0211051594528283,0.009));
#6528=CARTESIAN_POINT('',(0.053459833004356,-0.0211051594528283,0.002));
#6529=CARTESIAN_POINT('',(0.055459833004356,-0.0211051594528283,0.002));
#6530=CARTESIAN_POINT('',(0.053459833004356,0.0328948405471718,0.009));
#6531=CARTESIAN_POINT('',(0.053459833004356,0.0328948405471718,0.002));
#6532=CARTESIAN_POINT('',(0.055459833004356,0.0328948405471718,0.002));
#6533=CARTESIAN_POINT('',(-0.036540166995644,-0.0211051594528283,0.009));
#6534=CARTESIAN_POINT('',(-0.036540166995644,-0.0211051594528283,0.002));
#6535=CARTESIAN_POINT('',(-0.034540166995644,-0.0211051594528283,0.002));
#6536=CARTESIAN_POINT('',(-0.036540166995644,0.0328948405471718,0.009));
#6537=CARTESIAN_POINT('',(-0.036540166995644,0.0328948405471718,0.002));
#6538=CARTESIAN_POINT('',(-0.034540166995644,0.0328948405471718,0.002));
#6539=CARTESIAN_POINT('',(0.057459833004356,0.0368948405471718,0.009));
#6540=CARTESIAN_POINT('',(0.057459833004356,0.0368948405471718,0.002));
#6541=CARTESIAN_POINT('',(0.00845983300435602,0.0292948405471717,0.009));
#6542=CARTESIAN_POINT('',(0.00845983300435602,0.0292948405471717,0.002));
#6543=CARTESIAN_POINT('',(0.00845983300435602,0.0292948405471717,0.009));
#6544=CARTESIAN_POINT('',(0.008459833004356,0.00589484054717177,0.009));
#6545=CARTESIAN_POINT('',(0.008459833004356,-0.00215515945282826,0.009));
#6546=CARTESIAN_POINT('',(0.0218645896228105,-0.00215515945282826,0.009));
#6547=CARTESIAN_POINT('',(0.030459833004356,-0.00215515945282822,0.009));
#6548=CARTESIAN_POINT('',(0.0218645896228105,-0.00535515945282826,0.009));
#6549=CARTESIAN_POINT('',(0.0194134341268646,-0.0032980165956854,0.009));
#6550=CARTESIAN_POINT('',(0.008459833004356,0.00589484054717174,0.009));
#6551=CARTESIAN_POINT('',(-0.00249376811815254,-0.00329801659568541,0.009));
#6552=CARTESIAN_POINT('',(-0.0049449236140985,-0.00535515945282826,0.009));
#6553=CARTESIAN_POINT('',(-0.0049449236140985,-0.00215515945282827,0.009));
#6554=CARTESIAN_POINT('',(0.008459833004356,-0.00215515945282826,0.009));
#6555=CARTESIAN_POINT('',(-0.013540166995644,-0.00215515945282827,0.009));
#6556=CARTESIAN_POINT('',(-0.013540166995644,0.00589484054717176,0.009));
#6557=CARTESIAN_POINT('',(-0.013540166995644,0.0139448405471718,0.009));
#6558=CARTESIAN_POINT('',(0.008459833004356,0.0139448405471717,0.009));
#6559=CARTESIAN_POINT('',(-0.00494492361409851,0.0139448405471717,0.009));
#6560=CARTESIAN_POINT('',(-0.0049449236140985,0.0171448405471718,0.009));
#6561=CARTESIAN_POINT('',(-0.00249376811815254,0.0150876976900289,0.009));
#6562=CARTESIAN_POINT('',(0.008459833004356,0.00589484054717175,0.009));
#6563=CARTESIAN_POINT('',(0.0194134341268646,0.0150876976900289,0.009));
#6564=CARTESIAN_POINT('',(0.0218645896228105,0.0171448405471718,0.009));
#6565=CARTESIAN_POINT('',(0.0218645896228105,0.0139448405471717,0.009));
#6566=CARTESIAN_POINT('',(0.008459833004356,0.0139448405471717,0.009));
#6567=CARTESIAN_POINT('',(0.030459833004356,0.0139448405471718,0.009));
#6568=CARTESIAN_POINT('',(0.030459833004356,0.00589484054717178,0.009));
#6569=CARTESIAN_POINT('',(-0.017290166995644,-0.0150051594528282,0.009));
#6570=CARTESIAN_POINT('',(-0.017290166995644,-0.0187051594528283,0.009));
#6571=CARTESIAN_POINT('',(-0.020990166995644,-0.0150051594528282,0.009));
#6572=CARTESIAN_POINT('',(0.008459833004356,-0.0187051594528283,0.009));
#6573=CARTESIAN_POINT('',(0.034209833004356,-0.0187051594528283,0.009));
#6574=CARTESIAN_POINT('',(0.034209833004356,-0.0150051594528282,0.009));
#6575=CARTESIAN_POINT('',(0.037909833004356,-0.0150051594528282,0.009));
#6576=CARTESIAN_POINT('',(0.037909833004356,0.00589484054717177,0.009));
#6577=CARTESIAN_POINT('',(0.037909833004356,-0.00377146691741889,0.009));
#6578=CARTESIAN_POINT('',(0.043209833004356,-0.00377146691741889,0.009));
#6579=CARTESIAN_POINT('',(0.038986395504356,-0.000569502569773256,0.009));
#6580=CARTESIAN_POINT('',(0.030459833004356,0.00589484054717173,0.009));
#6581=CARTESIAN_POINT('',(0.038986395504356,0.0123591836641167,0.009));
#6582=CARTESIAN_POINT('',(0.043209833004356,0.0155611480117624,0.009));
#6583=CARTESIAN_POINT('',(0.037909833004356,0.0155611480117624,0.009));
#6584=CARTESIAN_POINT('',(0.037909833004356,0.00589484054717177,0.009));
#6585=CARTESIAN_POINT('',(0.037909833004356,0.0267948405471717,0.009));
#6586=CARTESIAN_POINT('',(0.034209833004356,0.0267948405471717,0.009));
#6587=CARTESIAN_POINT('',(0.034209833004356,0.0304948405471717,0.009));
#6588=CARTESIAN_POINT('',(0.008459833004356,0.0304948405471717,0.009));
#6589=CARTESIAN_POINT('',(-0.017290166995644,0.0304948405471717,0.009));
#6590=CARTESIAN_POINT('',(-0.017290166995644,0.0267948405471717,0.009));
#6591=CARTESIAN_POINT('',(-0.020990166995644,0.0267948405471717,0.009));
#6592=CARTESIAN_POINT('',(-0.020990166995644,0.00589484054717177,0.009));
#6593=CARTESIAN_POINT('',(-0.020990166995644,0.0155611480117624,0.009));
#6594=CARTESIAN_POINT('',(-0.026290166995644,0.0155611480117624,0.009));
#6595=CARTESIAN_POINT('',(-0.022066729495644,0.0123591836641167,0.009));
#6596=CARTESIAN_POINT('',(-0.013540166995644,0.00589484054717172,0.009));
#6597=CARTESIAN_POINT('',(-0.022066729495644,-0.000569502569773258,0.009));
#6598=CARTESIAN_POINT('',(-0.026290166995644,-0.0037714669174189,0.009));
#6599=CARTESIAN_POINT('',(-0.020990166995644,-0.0037714669174189,0.009));
#6600=CARTESIAN_POINT('',(-0.020990166995644,0.00589484054717177,0.009));
#6601=CARTESIAN_POINT('',(0.008459833004356,0.00589484054717177,0.002));
#6602=CARTESIAN_POINT('',(0.032459833004356,0.00589484054717174,0.002));
#6603=CARTESIAN_POINT('',(0.032459833004356,0.00739484054717174,0.002));
#6604=CARTESIAN_POINT('',(0.032459833004356,0.00439484054717175,0.002));
#6605=CARTESIAN_POINT('',(-0.00639323551918142,0.00739484054717175,0.002));
#6606=CARTESIAN_POINT('',(-0.015540166995644,0.00739484054717174,0.002));
#6607=CARTESIAN_POINT('',(-0.015540166995644,0.00589484054717174,0.002));
#6608=CARTESIAN_POINT('',(-0.015540166995644,0.00439484054717175,0.002));
#6609=CARTESIAN_POINT('',(-0.00639323551918142,0.00439484054717175,0.002));
#6610=CARTESIAN_POINT('',(0.00845983300435601,-0.0125051594528283,0.002));
#6611=CARTESIAN_POINT('',(0.00845983300435601,0.0242948405471718,0.002));
#6612=CARTESIAN_POINT('',(0.0103775342189079,0.00083970747264972,0.004));
#6613=CARTESIAN_POINT('',(-0.015540166995644,0.00589484054717174,0.004));
#6614=CARTESIAN_POINT('',(-0.015540166995644,0.00439484054717175,0.004));
#6615=CARTESIAN_POINT('',(-0.015540166995644,0.00739484054717174,0.004));
#6616=CARTESIAN_POINT('',(-0.00639323551918142,0.00739484054717175,0.004));
#6617=CARTESIAN_POINT('',(0.032459833004356,0.00739484054717174,0.004));
#6618=CARTESIAN_POINT('',(0.032459833004356,0.00589484054717174,0.004));
#6619=CARTESIAN_POINT('',(0.032459833004356,0.00439484054717175,0.004));
#6620=CARTESIAN_POINT('',(-0.00639323551918142,0.00439484054717175,0.004));
#6621=CARTESIAN_POINT('',(0.00845983300435601,-0.0125051594528283,0.004));
#6622=CARTESIAN_POINT('',(0.00845983300435601,-0.0125051594528283,0.004));
#6623=CARTESIAN_POINT('',(0.0103775342189079,0.00083970747264972,0.004));
#6624=CARTESIAN_POINT('',(0.00845983300435601,0.0242948405471718,0.004));
#6625=CARTESIAN_POINT('',(0.00845983300435601,0.0242948405471718,0.004));
#6626=CARTESIAN_POINT('',(0.0103775342189079,0.00083970747264972,0.004));
#6627=CARTESIAN_POINT('',(-0.00639323551918142,0.00739484054717175,0.004));
#6628=CARTESIAN_POINT('',(0.032459833004356,0.00739484054717174,0.004));
#6629=CARTESIAN_POINT('',(-0.015540166995644,0.00739484054717174,0.004));
#6630=CARTESIAN_POINT('',(-0.015540166995644,0.00589484054717174,0.004));
#6631=CARTESIAN_POINT('',(-0.015540166995644,0.00439484054717175,0.004));
#6632=CARTESIAN_POINT('',(-0.00639323551918142,0.00439484054717175,0.004));
#6633=CARTESIAN_POINT('',(0.032459833004356,0.00439484054717175,0.004));
#6634=CARTESIAN_POINT('',(0.032459833004356,0.00589484054717174,0.004));
#6635=CARTESIAN_POINT('',(-0.017290166995644,-0.0150051594528282,0.009));
#6636=CARTESIAN_POINT('',(-0.017290166995644,-0.0193051594528283,0.009));
#6637=CARTESIAN_POINT('',(-0.017290166995644,-0.0193051594528283,0.0087));
#6638=CARTESIAN_POINT('',(-0.017290166995644,-0.0150051594528282,0.0087));
#6639=CARTESIAN_POINT('',(-0.021590166995644,-0.0150051594528282,0.0087));
#6640=CARTESIAN_POINT('',(-0.021590166995644,-0.0150051594528282,0.009));
#6641=CARTESIAN_POINT('',(-0.017290166995644,-0.0150051594528282,0.009));
#6642=CARTESIAN_POINT('',(-0.020990166995644,-0.0150051594528282,0.009));
#6643=CARTESIAN_POINT('',(-0.020990166995644,-0.0150051594528282,0.0087));
#6644=CARTESIAN_POINT('',(-0.017290166995644,-0.0150051594528282,0.0087));
#6645=CARTESIAN_POINT('',(-0.017290166995644,-0.0187051594528283,0.0087));
#6646=CARTESIAN_POINT('',(-0.017290166995644,-0.0187051594528283,0.009));
#6647=CARTESIAN_POINT('',(-0.021590166995644,-0.0037714669174189,0.009));
#6648=CARTESIAN_POINT('',(-0.021590166995644,-0.0037714669174189,0.0087));
#6649=CARTESIAN_POINT('',(-0.021590166995644,-0.0037714669174189,0.0087));
#6650=CARTESIAN_POINT('',(-0.021590166995644,-0.0037714669174189,0.009));
#6651=CARTESIAN_POINT('',(-0.020990166995644,-0.0037714669174189,0.009));
#6652=CARTESIAN_POINT('',(-0.020990166995644,-0.0037714669174189,0.009));
#6653=CARTESIAN_POINT('',(-0.020990166995644,-0.0037714669174189,0.0087));
#6654=CARTESIAN_POINT('',(-0.020990166995644,-0.0037714669174189,0.0087));
#6655=CARTESIAN_POINT('',(-0.026290166995644,-0.0037714669174189,0.009));
#6656=CARTESIAN_POINT('',(-0.026290166995644,-0.0037714669174189,0.0087));
#6657=CARTESIAN_POINT('',(-0.022544854495644,-0.000931989099695407,0.0087));
#6658=CARTESIAN_POINT('',(-0.022544854495644,-0.000931989099695406,0.009));
#6659=CARTESIAN_POINT('',(-0.026290166995644,-0.0037714669174189,0.009));
#6660=CARTESIAN_POINT('',(-0.022066729495644,-0.000569502569773258,0.009));
#6661=CARTESIAN_POINT('',(-0.022066729495644,-0.000569502569773261,0.0087));
#6662=CARTESIAN_POINT('',(-0.026290166995644,-0.0037714669174189,0.0087));
#6663=CARTESIAN_POINT('',(-0.013540166995644,0.00589484054717172,0.009));
#6664=CARTESIAN_POINT('',(-0.013540166995644,0.00589484054717172,0.0087));
#6665=CARTESIAN_POINT('',(-0.022544854495644,0.0127216701940388,0.0087));
#6666=CARTESIAN_POINT('',(-0.022544854495644,0.0127216701940388,0.009));
#6667=CARTESIAN_POINT('',(-0.013540166995644,0.00589484054717172,0.009));
#6668=CARTESIAN_POINT('',(-0.022066729495644,0.0123591836641167,0.009));
#6669=CARTESIAN_POINT('',(-0.022066729495644,0.0123591836641167,0.0087));
#6670=CARTESIAN_POINT('',(-0.013540166995644,0.00589484054717172,0.0087));
#6671=CARTESIAN_POINT('',(-0.026290166995644,0.0155611480117624,0.009));
#6672=CARTESIAN_POINT('',(-0.026290166995644,0.0155611480117624,0.0087));
#6673=CARTESIAN_POINT('',(-0.021590166995644,0.0155611480117624,0.0087));
#6674=CARTESIAN_POINT('',(-0.021590166995644,0.0155611480117624,0.009));
#6675=CARTESIAN_POINT('',(-0.026290166995644,0.0155611480117624,0.009));
#6676=CARTESIAN_POINT('',(-0.020990166995644,0.0155611480117624,0.009));
#6677=CARTESIAN_POINT('',(-0.020990166995644,0.0155611480117624,0.0087));
#6678=CARTESIAN_POINT('',(-0.026290166995644,0.0155611480117624,0.0087));
#6679=CARTESIAN_POINT('',(-0.021590166995644,0.0267948405471717,0.009));
#6680=CARTESIAN_POINT('',(-0.021590166995644,0.0267948405471717,0.0087));
#6681=CARTESIAN_POINT('',(-0.021590166995644,0.0267948405471717,0.0087));
#6682=CARTESIAN_POINT('',(-0.021590166995644,0.0267948405471717,0.009));
#6683=CARTESIAN_POINT('',(-0.020990166995644,0.0267948405471717,0.009));
#6684=CARTESIAN_POINT('',(-0.020990166995644,0.0267948405471717,0.009));
#6685=CARTESIAN_POINT('',(-0.020990166995644,0.0267948405471717,0.0087));
#6686=CARTESIAN_POINT('',(-0.020990166995644,0.0267948405471717,0.0087));
#6687=CARTESIAN_POINT('',(-0.017290166995644,0.0267948405471717,0.009));
#6688=CARTESIAN_POINT('',(-0.017290166995644,0.0267948405471717,0.0087));
#6689=CARTESIAN_POINT('',(-0.017290166995644,0.0310948405471717,0.0087));
#6690=CARTESIAN_POINT('',(-0.017290166995644,0.0310948405471717,0.009));
#6691=CARTESIAN_POINT('',(-0.017290166995644,0.0267948405471717,0.009));
#6692=CARTESIAN_POINT('',(-0.017290166995644,0.0304948405471717,0.009));
#6693=CARTESIAN_POINT('',(-0.017290166995644,0.0304948405471717,0.0087));
#6694=CARTESIAN_POINT('',(-0.017290166995644,0.0267948405471717,0.0087));
#6695=CARTESIAN_POINT('',(0.034209833004356,0.0310948405471717,0.009));
#6696=CARTESIAN_POINT('',(0.034209833004356,0.0310948405471717,0.0087));
#6697=CARTESIAN_POINT('',(0.034209833004356,0.0310948405471717,0.0087));
#6698=CARTESIAN_POINT('',(0.034209833004356,0.0310948405471717,0.009));
#6699=CARTESIAN_POINT('',(0.034209833004356,0.0304948405471717,0.009));
#6700=CARTESIAN_POINT('',(0.034209833004356,0.0304948405471717,0.009));
#6701=CARTESIAN_POINT('',(0.034209833004356,0.0304948405471717,0.0087));
#6702=CARTESIAN_POINT('',(0.034209833004356,0.0304948405471717,0.0087));
#6703=CARTESIAN_POINT('',(0.034209833004356,0.0267948405471717,0.009));
#6704=CARTESIAN_POINT('',(0.034209833004356,0.0267948405471717,0.0087));
#6705=CARTESIAN_POINT('',(0.0385098330043561,0.0267948405471717,0.0087));
#6706=CARTESIAN_POINT('',(0.0385098330043561,0.0267948405471717,0.009));
#6707=CARTESIAN_POINT('',(0.034209833004356,0.0267948405471717,0.009));
#6708=CARTESIAN_POINT('',(0.037909833004356,0.0267948405471717,0.009));
#6709=CARTESIAN_POINT('',(0.037909833004356,0.0267948405471717,0.0087));
#6710=CARTESIAN_POINT('',(0.034209833004356,0.0267948405471717,0.0087));
#6711=CARTESIAN_POINT('',(0.038509833004356,0.0155611480117624,0.009));
#6712=CARTESIAN_POINT('',(0.038509833004356,0.0155611480117624,0.0087));
#6713=CARTESIAN_POINT('',(0.038509833004356,0.0155611480117624,0.0087));
#6714=CARTESIAN_POINT('',(0.038509833004356,0.0155611480117624,0.009));
#6715=CARTESIAN_POINT('',(0.037909833004356,0.0155611480117624,0.009));
#6716=CARTESIAN_POINT('',(0.037909833004356,0.0155611480117624,0.009));
#6717=CARTESIAN_POINT('',(0.037909833004356,0.0155611480117624,0.0087));
#6718=CARTESIAN_POINT('',(0.037909833004356,0.0155611480117624,0.0087));
#6719=CARTESIAN_POINT('',(0.043209833004356,0.0155611480117624,0.009));
#6720=CARTESIAN_POINT('',(0.043209833004356,0.0155611480117624,0.0087));
#6721=CARTESIAN_POINT('',(0.039464520504356,0.0127216701940389,0.0087));
#6722=CARTESIAN_POINT('',(0.039464520504356,0.0127216701940389,0.009));
#6723=CARTESIAN_POINT('',(0.043209833004356,0.0155611480117624,0.009));
#6724=CARTESIAN_POINT('',(0.038986395504356,0.0123591836641167,0.009));
#6725=CARTESIAN_POINT('',(0.038986395504356,0.0123591836641167,0.0087));
#6726=CARTESIAN_POINT('',(0.043209833004356,0.0155611480117624,0.0087));
#6727=CARTESIAN_POINT('',(0.030459833004356,0.00589484054717173,0.009));
#6728=CARTESIAN_POINT('',(0.030459833004356,0.00589484054717173,0.0087));
#6729=CARTESIAN_POINT('',(0.039464520504356,-0.000931989099695401,0.0087));
#6730=CARTESIAN_POINT('',(0.039464520504356,-0.000931989099695402,0.009));
#6731=CARTESIAN_POINT('',(0.030459833004356,0.00589484054717173,0.009));
#6732=CARTESIAN_POINT('',(0.038986395504356,-0.000569502569773256,0.009));
#6733=CARTESIAN_POINT('',(0.038986395504356,-0.000569502569773252,0.0087));
#6734=CARTESIAN_POINT('',(0.030459833004356,0.00589484054717173,0.0087));
#6735=CARTESIAN_POINT('',(0.043209833004356,-0.00377146691741889,0.009));
#6736=CARTESIAN_POINT('',(0.043209833004356,-0.00377146691741889,0.0087));
#6737=CARTESIAN_POINT('',(0.038509833004356,-0.00377146691741889,0.0087));
#6738=CARTESIAN_POINT('',(0.038509833004356,-0.00377146691741889,0.009));
#6739=CARTESIAN_POINT('',(0.043209833004356,-0.00377146691741889,0.009));
#6740=CARTESIAN_POINT('',(0.037909833004356,-0.00377146691741889,0.009));
#6741=CARTESIAN_POINT('',(0.037909833004356,-0.00377146691741889,0.0087));
#6742=CARTESIAN_POINT('',(0.043209833004356,-0.00377146691741889,0.0087));
#6743=CARTESIAN_POINT('',(0.038509833004356,-0.0150051594528282,0.009));
#6744=CARTESIAN_POINT('',(0.038509833004356,-0.0150051594528282,0.0087));
#6745=CARTESIAN_POINT('',(0.0385098330043561,-0.0150051594528282,0.0087));
#6746=CARTESIAN_POINT('',(0.0385098330043561,-0.0150051594528282,0.009));
#6747=CARTESIAN_POINT('',(0.037909833004356,-0.0150051594528282,0.009));
#6748=CARTESIAN_POINT('',(0.037909833004356,-0.0150051594528282,0.009));
#6749=CARTESIAN_POINT('',(0.037909833004356,-0.0150051594528282,0.0087));
#6750=CARTESIAN_POINT('',(0.037909833004356,-0.0150051594528282,0.0087));
#6751=CARTESIAN_POINT('',(0.034209833004356,-0.0150051594528282,0.009));
#6752=CARTESIAN_POINT('',(0.034209833004356,-0.0150051594528282,0.0087));
#6753=CARTESIAN_POINT('',(0.034209833004356,-0.0193051594528283,0.0087));
#6754=CARTESIAN_POINT('',(0.034209833004356,-0.0193051594528283,0.009));
#6755=CARTESIAN_POINT('',(0.034209833004356,-0.0150051594528282,0.009));
#6756=CARTESIAN_POINT('',(0.034209833004356,-0.0187051594528283,0.009));
#6757=CARTESIAN_POINT('',(0.034209833004356,-0.0187051594528283,0.0087));
#6758=CARTESIAN_POINT('',(0.034209833004356,-0.0150051594528282,0.0087));
#6759=CARTESIAN_POINT('',(-0.017290166995644,-0.0190051594528283,0.0087));
#6760=CARTESIAN_POINT('',(-0.017290166995644,-0.0187051594528283,0.0087));
#6761=CARTESIAN_POINT('',(-0.017290166995644,-0.0193051594528283,0.0087));
#6762=CARTESIAN_POINT('',(-0.017290166995644,-0.0193051594528283,0.009));
#6763=CARTESIAN_POINT('',(-0.017290166995644,-0.0187051594528283,0.009));
#6764=CARTESIAN_POINT('',(0.0218645896228105,-0.00155515945282825,0.009));
#6765=CARTESIAN_POINT('',(0.0218645896228105,-0.00155515945282825,0.009));
#6766=CARTESIAN_POINT('',(0.0218645896228105,-0.00155515945282825,0.0087));
#6767=CARTESIAN_POINT('',(0.0218645896228105,-0.00155515945282825,0.0087));
#6768=CARTESIAN_POINT('',(0.030459833004356,-0.00155515945282825,0.0087));
#6769=CARTESIAN_POINT('',(0.030459833004356,-0.00155515945282825,0.009));
#6770=CARTESIAN_POINT('',(0.0218645896228105,-0.00215515945282826,0.009));
#6771=CARTESIAN_POINT('',(0.030459833004356,-0.00215515945282826,0.009));
#6772=CARTESIAN_POINT('',(0.030459833004356,-0.00215515945282826,0.0087));
#6773=CARTESIAN_POINT('',(0.0218645896228105,-0.00215515945282826,0.0087));
#6774=CARTESIAN_POINT('',(0.0218645896228105,-0.00215515945282826,0.0087));
#6775=CARTESIAN_POINT('',(0.0218645896228105,-0.00215515945282826,0.009));
#6776=CARTESIAN_POINT('',(0.0218645896228105,-0.00535515945282826,0.009));
#6777=CARTESIAN_POINT('',(0.0189538424713747,-0.00291230230997111,0.009));
#6778=CARTESIAN_POINT('',(0.0189538424713747,-0.00291230230997111,0.0087));
#6779=CARTESIAN_POINT('',(0.0218645896228105,-0.00535515945282826,0.0087));
#6780=CARTESIAN_POINT('',(0.0218645896228105,-0.00535515945282826,0.009));
#6781=CARTESIAN_POINT('',(0.0218645896228105,-0.00535515945282826,0.0087));
#6782=CARTESIAN_POINT('',(0.0194134341268646,-0.0032980165956854,0.0087));
#6783=CARTESIAN_POINT('',(0.0194134341268646,-0.0032980165956854,0.009));
#6784=CARTESIAN_POINT('',(0.008459833004356,0.00589484054717174,0.009));
#6785=CARTESIAN_POINT('',(-0.00203417646266266,-0.00291230230997112,0.009));
#6786=CARTESIAN_POINT('',(-0.00203417646266266,-0.00291230230997112,0.0087));
#6787=CARTESIAN_POINT('',(0.008459833004356,0.00589484054717174,0.0087));
#6788=CARTESIAN_POINT('',(0.008459833004356,0.00589484054717174,0.009));
#6789=CARTESIAN_POINT('',(0.008459833004356,0.00589484054717174,0.0087));
#6790=CARTESIAN_POINT('',(-0.00249376811815254,-0.00329801659568541,0.0087));
#6791=CARTESIAN_POINT('',(-0.00249376811815254,-0.00329801659568541,0.009));
#6792=CARTESIAN_POINT('',(-0.0049449236140985,-0.00535515945282826,0.009));
#6793=CARTESIAN_POINT('',(-0.0049449236140985,-0.00155515945282826,0.009));
#6794=CARTESIAN_POINT('',(-0.0049449236140985,-0.00155515945282826,0.0087));
#6795=CARTESIAN_POINT('',(-0.0049449236140985,-0.00535515945282826,0.0087));
#6796=CARTESIAN_POINT('',(-0.0049449236140985,-0.00535515945282826,0.009));
#6797=CARTESIAN_POINT('',(-0.0049449236140985,-0.00535515945282826,0.0087));
#6798=CARTESIAN_POINT('',(-0.0049449236140985,-0.00215515945282826,0.0087));
#6799=CARTESIAN_POINT('',(-0.0049449236140985,-0.00215515945282827,0.009));
#6800=CARTESIAN_POINT('',(-0.013540166995644,-0.00155515945282826,0.009));
#6801=CARTESIAN_POINT('',(-0.013540166995644,-0.00155515945282826,0.009));
#6802=CARTESIAN_POINT('',(-0.013540166995644,-0.00155515945282826,0.0087));
#6803=CARTESIAN_POINT('',(-0.013540166995644,-0.00155515945282826,0.0087));
#6804=CARTESIAN_POINT('',(-0.013540166995644,-0.00215515945282827,0.009));
#6805=CARTESIAN_POINT('',(-0.013540166995644,-0.00215515945282827,0.0087));
#6806=CARTESIAN_POINT('',(-0.013540166995644,-0.00215515945282827,0.0087));
#6807=CARTESIAN_POINT('',(-0.013540166995644,-0.00215515945282827,0.009));
#6808=CARTESIAN_POINT('',(-0.013540166995644,0.00589484054717176,0.009));
#6809=CARTESIAN_POINT('',(-0.013540166995644,0.0133448405471718,0.009));
#6810=CARTESIAN_POINT('',(-0.013540166995644,0.0133448405471717,0.0087));
#6811=CARTESIAN_POINT('',(-0.013540166995644,0.00589484054717176,0.0087));
#6812=CARTESIAN_POINT('',(-0.013540166995644,0.00589484054717176,0.009));
#6813=CARTESIAN_POINT('',(-0.013540166995644,0.00589484054717176,0.0087));
#6814=CARTESIAN_POINT('',(-0.013540166995644,0.0139448405471718,0.0087));
#6815=CARTESIAN_POINT('',(-0.013540166995644,0.0139448405471718,0.009));
#6816=CARTESIAN_POINT('',(-0.00494492361409851,0.0133448405471717,0.009));
#6817=CARTESIAN_POINT('',(-0.00494492361409851,0.0133448405471717,0.009));
#6818=CARTESIAN_POINT('',(-0.00494492361409851,0.0133448405471717,0.0087));
#6819=CARTESIAN_POINT('',(-0.00494492361409851,0.0133448405471717,0.0087));
#6820=CARTESIAN_POINT('',(-0.00494492361409851,0.0139448405471717,0.009));
#6821=CARTESIAN_POINT('',(-0.00494492361409851,0.0139448405471717,0.0087));
#6822=CARTESIAN_POINT('',(-0.00494492361409851,0.0139448405471718,0.0087));
#6823=CARTESIAN_POINT('',(-0.00494492361409851,0.0139448405471717,0.009));
#6824=CARTESIAN_POINT('',(-0.0049449236140985,0.0171448405471718,0.009));
#6825=CARTESIAN_POINT('',(-0.00203417646266267,0.0147019834043146,0.009));
#6826=CARTESIAN_POINT('',(-0.00203417646266267,0.0147019834043146,0.0087));
#6827=CARTESIAN_POINT('',(-0.0049449236140985,0.0171448405471718,0.0087));
#6828=CARTESIAN_POINT('',(-0.0049449236140985,0.0171448405471718,0.009));
#6829=CARTESIAN_POINT('',(-0.0049449236140985,0.0171448405471718,0.0087));
#6830=CARTESIAN_POINT('',(-0.00249376811815254,0.0150876976900289,0.0087));
#6831=CARTESIAN_POINT('',(-0.00249376811815254,0.0150876976900289,0.009));
#6832=CARTESIAN_POINT('',(0.008459833004356,0.00589484054717175,0.009));
#6833=CARTESIAN_POINT('',(0.0189538424713746,0.0147019834043146,0.009));
#6834=CARTESIAN_POINT('',(0.0189538424713746,0.0147019834043146,0.0087));
#6835=CARTESIAN_POINT('',(0.008459833004356,0.00589484054717175,0.0087));
#6836=CARTESIAN_POINT('',(0.008459833004356,0.00589484054717175,0.009));
#6837=CARTESIAN_POINT('',(0.008459833004356,0.00589484054717175,0.0087));
#6838=CARTESIAN_POINT('',(0.0194134341268646,0.0150876976900289,0.0087));
#6839=CARTESIAN_POINT('',(0.0194134341268646,0.0150876976900289,0.009));
#6840=CARTESIAN_POINT('',(0.0218645896228105,0.0171448405471718,0.009));
#6841=CARTESIAN_POINT('',(0.0218645896228105,0.0133448405471717,0.009));
#6842=CARTESIAN_POINT('',(0.0218645896228105,0.0133448405471717,0.0087));
#6843=CARTESIAN_POINT('',(0.0218645896228105,0.0171448405471718,0.0087));
#6844=CARTESIAN_POINT('',(0.0218645896228105,0.0171448405471718,0.009));
#6845=CARTESIAN_POINT('',(0.0218645896228105,0.0171448405471718,0.0087));
#6846=CARTESIAN_POINT('',(0.0218645896228105,0.0139448405471717,0.0087));
#6847=CARTESIAN_POINT('',(0.0218645896228105,0.0139448405471717,0.009));
#6848=CARTESIAN_POINT('',(0.030459833004356,0.0133448405471717,0.009));
#6849=CARTESIAN_POINT('',(0.030459833004356,0.0133448405471718,0.009));
#6850=CARTESIAN_POINT('',(0.030459833004356,0.0133448405471718,0.0087));
#6851=CARTESIAN_POINT('',(0.030459833004356,0.0133448405471717,0.0087));
#6852=CARTESIAN_POINT('',(0.030459833004356,0.0139448405471717,0.009));
#6853=CARTESIAN_POINT('',(0.030459833004356,0.0139448405471717,0.0087));
#6854=CARTESIAN_POINT('',(0.030459833004356,0.0139448405471718,0.0087));
#6855=CARTESIAN_POINT('',(0.030459833004356,0.0139448405471718,0.009));
#6856=CARTESIAN_POINT('',(0.030459833004356,0.00589484054717178,0.009));
#6857=CARTESIAN_POINT('',(0.030459833004356,0.00589484054717178,0.0087));
#6858=CARTESIAN_POINT('',(0.038209833004356,0.00589484054717174,0.0087));
#6859=CARTESIAN_POINT('',(0.030459833004356,0.00589484054717178,0.0087));
#6860=CARTESIAN_POINT('',(0.030459833004356,0.00589484054717178,0.009));
#6861=CARTESIAN_POINT('',(0.,0.,0.));
#6862=CARTESIAN_POINT('',(0.104309833004356,0.00589484054717171,0.009));
#6863=CARTESIAN_POINT('',(0.130059833004356,0.0267948405471717,0.009));
#6864=CARTESIAN_POINT('',(0.134359833004356,0.0267948405471717,0.009));
#6865=CARTESIAN_POINT('',(0.130059833004356,0.0310948405471717,0.009));
#6866=CARTESIAN_POINT('',(0.134359833004356,0.00589484054717171,0.009));
#6867=CARTESIAN_POINT('',(0.134359833004356,0.0155611480117624,0.009));
#6868=CARTESIAN_POINT('',(0.139059833004356,0.0155611480117624,0.009));
#6869=CARTESIAN_POINT('',(0.135314520504356,0.0127216701940389,0.009));
#6870=CARTESIAN_POINT('',(0.126309833004356,0.00589484054717176,0.009));
#6871=CARTESIAN_POINT('',(0.135314520504356,-0.000931989099695361,0.009));
#6872=CARTESIAN_POINT('',(0.139059833004356,-0.00377146691741887,0.009));
#6873=CARTESIAN_POINT('',(0.134359833004356,-0.00377146691741887,0.009));
#6874=CARTESIAN_POINT('',(0.134359833004356,0.00589484054717171,0.009));
#6875=CARTESIAN_POINT('',(0.134359833004356,-0.0150051594528283,0.009));
#6876=CARTESIAN_POINT('',(0.130059833004356,-0.0150051594528283,0.009));
#6877=CARTESIAN_POINT('',(0.130059833004356,-0.0193051594528283,0.009));
#6878=CARTESIAN_POINT('',(0.104309833004356,-0.0193051594528283,0.009));
#6879=CARTESIAN_POINT('',(0.078559833004356,-0.0193051594528283,0.009));
#6880=CARTESIAN_POINT('',(0.078559833004356,-0.0150051594528282,0.009));
#6881=CARTESIAN_POINT('',(0.074259833004356,-0.0150051594528282,0.009));
#6882=CARTESIAN_POINT('',(0.074259833004356,0.00589484054717171,0.009));
#6883=CARTESIAN_POINT('',(0.074259833004356,-0.00377146691741887,0.009));
#6884=CARTESIAN_POINT('',(0.0695598330043559,-0.0037714669174189,0.009));
#6885=CARTESIAN_POINT('',(0.073305145504356,-0.000931989099695383,0.009));
#6886=CARTESIAN_POINT('',(0.082309833004356,0.00589484054717174,0.009));
#6887=CARTESIAN_POINT('',(0.073305145504356,0.0127216701940389,0.009));
#6888=CARTESIAN_POINT('',(0.0695598330043559,0.0155611480117624,0.009));
#6889=CARTESIAN_POINT('',(0.074259833004356,0.0155611480117624,0.009));
#6890=CARTESIAN_POINT('',(0.074259833004356,0.00589484054717171,0.009));
#6891=CARTESIAN_POINT('',(0.074259833004356,0.0267948405471717,0.009));
#6892=CARTESIAN_POINT('',(0.078559833004356,0.0267948405471717,0.009));
#6893=CARTESIAN_POINT('',(0.078559833004356,0.0310948405471717,0.009));
#6894=CARTESIAN_POINT('',(0.104309833004356,0.0310948405471717,0.009));
#6895=CARTESIAN_POINT('',(0.078559833004356,-0.0150051594528282,0.009));
#6896=CARTESIAN_POINT('',(0.078559833004356,-0.0291051594528282,0.009));
#6897=CARTESIAN_POINT('',(0.064459833004356,-0.0150051594528282,0.009));
#6898=CARTESIAN_POINT('',(0.102309833004356,-0.0291051594528282,0.009));
#6899=CARTESIAN_POINT('',(0.130059833004356,-0.0291051594528282,0.009));
#6900=CARTESIAN_POINT('',(0.130059833004356,-0.0150051594528283,0.009));
#6901=CARTESIAN_POINT('',(0.144159833004356,-0.0150051594528283,0.009));
#6902=CARTESIAN_POINT('',(0.144159833004356,-0.0123051594528283,0.009));
#6903=CARTESIAN_POINT('',(0.144159833004356,0.0267948405471717,0.009));
#6904=CARTESIAN_POINT('',(0.130059833004356,0.0267948405471717,0.009));
#6905=CARTESIAN_POINT('',(0.130059833004356,0.0408948405471718,0.009));
#6906=CARTESIAN_POINT('',(0.104309833004356,0.0408948405471718,0.009));
#6907=CARTESIAN_POINT('',(0.078559833004356,0.0408948405471718,0.009));
#6908=CARTESIAN_POINT('',(0.078559833004356,0.0267948405471717,0.009));
#6909=CARTESIAN_POINT('',(0.064459833004356,0.0267948405471717,0.009));
#6910=CARTESIAN_POINT('',(0.064459833004356,0.0240948405471717,0.009));
#6911=CARTESIAN_POINT('',(0.104309833004356,0.00589484054717171,0.009));
#6912=CARTESIAN_POINT('',(0.104309833004356,0.00589484054717174,0.009));
#6913=CARTESIAN_POINT('',(0.090609833004356,0.00589484054717174,0.009));
#6914=CARTESIAN_POINT('',(0.104309833004356,0.00589484054717173,0.009));
#6915=CARTESIAN_POINT('',(0.091809833004356,0.00589484054717173,0.009));
#6916=CARTESIAN_POINT('',(0.104309833004356,0.00589484054717171,0.004));
#6917=CARTESIAN_POINT('',(0.076059833004356,0.018477994279467,0.004));
#6918=CARTESIAN_POINT('',(0.076059833004356,0.0155611480117624,0.004));
#6919=CARTESIAN_POINT('',(0.076059833004356,0.0213948405471718,0.004));
#6920=CARTESIAN_POINT('',(0.0695598330043559,0.0155611480117624,0.004));
#6921=CARTESIAN_POINT('',(0.074739520504356,0.0116342106042724,0.004));
#6922=CARTESIAN_POINT('',(0.082309833004356,0.00589484054717174,0.004));
#6923=CARTESIAN_POINT('',(0.074739520504356,0.000155470490071058,0.004));
#6924=CARTESIAN_POINT('',(0.0695598330043559,-0.0037714669174189,0.004));
#6925=CARTESIAN_POINT('',(0.076059833004356,-0.00377146691741887,0.004));
#6926=CARTESIAN_POINT('',(0.076059833004356,-0.0123051594528283,0.004));
#6927=CARTESIAN_POINT('',(0.076059833004356,-0.00960515945282826,0.004));
#6928=CARTESIAN_POINT('',(0.082309833004356,-0.00960515945282826,0.004));
#6929=CARTESIAN_POINT('',(0.082309833004356,-0.00335515945282826,0.004));
#6930=CARTESIAN_POINT('',(0.0866074546951288,-0.00335515945282826,0.004));
#6931=CARTESIAN_POINT('',(0.0909050763859015,-0.00335515945282826,0.004));
#6932=CARTESIAN_POINT('',(0.0909050763859015,-0.00535515945282828,0.004));
#6933=CARTESIAN_POINT('',(0.0924370485708677,-0.00406944516711398,0.004));
#6934=CARTESIAN_POINT('',(0.104309833004356,0.00589484054717174,0.004));
#6935=CARTESIAN_POINT('',(0.0924370485708677,0.0158591262614574,0.004));
#6936=CARTESIAN_POINT('',(0.0909050763859015,0.0171448405471718,0.004));
#6937=CARTESIAN_POINT('',(0.0909050763859015,0.0151448405471717,0.004));
#6938=CARTESIAN_POINT('',(0.0866074546951288,0.0151448405471717,0.004));
#6939=CARTESIAN_POINT('',(0.082309833004356,0.0151448405471717,0.004));
#6940=CARTESIAN_POINT('',(0.082309833004356,0.0213948405471718,0.004));
#6941=CARTESIAN_POINT('',(0.104309833004356,0.00589484054717171,0.004));
#6942=CARTESIAN_POINT('',(0.126309833004356,-0.00960515945282828,0.004));
#6943=CARTESIAN_POINT('',(0.126309833004356,-0.00335515945282828,0.004));
#6944=CARTESIAN_POINT('',(0.132559833004356,-0.00960515945282828,0.004));
#6945=CARTESIAN_POINT('',(0.132559833004356,-0.00668831318512357,0.004));
#6946=CARTESIAN_POINT('',(0.132559833004356,-0.00377146691741887,0.004));
#6947=CARTESIAN_POINT('',(0.139059833004356,-0.00377146691741887,0.004));
#6948=CARTESIAN_POINT('',(0.133880145504356,0.000155470490071075,0.004));
#6949=CARTESIAN_POINT('',(0.126309833004356,0.00589484054717176,0.004));
#6950=CARTESIAN_POINT('',(0.133880145504356,0.0116342106042724,0.004));
#6951=CARTESIAN_POINT('',(0.139059833004356,0.0155611480117624,0.004));
#6952=CARTESIAN_POINT('',(0.132559833004356,0.0155611480117624,0.004));
#6953=CARTESIAN_POINT('',(0.132559833004356,0.0240948405471717,0.004));
#6954=CARTESIAN_POINT('',(0.132559833004356,0.0213948405471718,0.004));
#6955=CARTESIAN_POINT('',(0.126309833004356,0.0213948405471718,0.004));
#6956=CARTESIAN_POINT('',(0.126309833004356,0.0151448405471717,0.004));
#6957=CARTESIAN_POINT('',(0.122012211313583,0.0151448405471717,0.004));
#6958=CARTESIAN_POINT('',(0.11771458962281,0.0151448405471717,0.004));
#6959=CARTESIAN_POINT('',(0.11771458962281,0.0171448405471718,0.004));
#6960=CARTESIAN_POINT('',(0.116182617437844,0.0158591262614574,0.004));
#6961=CARTESIAN_POINT('',(0.104309833004356,0.00589484054717174,0.004));
#6962=CARTESIAN_POINT('',(0.116182617437844,-0.004069445167114,0.004));
#6963=CARTESIAN_POINT('',(0.11771458962281,-0.00535515945282829,0.004));
#6964=CARTESIAN_POINT('',(0.11771458962281,-0.00335515945282827,0.004));
#6965=CARTESIAN_POINT('',(0.122012211313583,-0.00335515945282828,0.004));
#6966=CARTESIAN_POINT('',(0.0909050763859015,-0.00535515945282828,0.004));
#6967=CARTESIAN_POINT('',(0.0909050763859015,-0.00535515945282828,0.002));
#6968=CARTESIAN_POINT('',(0.0909050763859015,-0.00335515945282826,0.002));
#6969=CARTESIAN_POINT('',(0.0924370485708677,-0.00406944516711398,0.002));
#6970=CARTESIAN_POINT('',(0.0924370485708677,-0.00406944516711398,0.004));
#6971=CARTESIAN_POINT('',(0.0909050763859015,-0.00335515945282826,0.004));
#6972=CARTESIAN_POINT('',(0.104309833004356,0.00589484054717173,0.004));
#6973=CARTESIAN_POINT('',(0.104309833004356,0.00589484054717173,0.002));
#6974=CARTESIAN_POINT('',(0.116182617437844,-0.004069445167114,0.002));
#6975=CARTESIAN_POINT('',(0.116182617437844,-0.004069445167114,0.004));
#6976=CARTESIAN_POINT('',(0.116182617437844,0.0158591262614574,0.004));
#6977=CARTESIAN_POINT('',(0.116182617437844,0.0158591262614574,0.002));
#6978=CARTESIAN_POINT('',(0.104309833004356,0.00589484054717174,0.002));
#6979=CARTESIAN_POINT('',(0.0924370485708677,0.0158591262614574,0.002));
#6980=CARTESIAN_POINT('',(0.0924370485708677,0.0158591262614574,0.004));
#6981=CARTESIAN_POINT('',(0.104309833004356,0.00589484054717174,0.009));
#6982=CARTESIAN_POINT('',(0.088809833004356,0.00589484054717174,0.009));
#6983=CARTESIAN_POINT('',(0.11771458962281,-0.00535515945282829,0.004));
#6984=CARTESIAN_POINT('',(0.11771458962281,-0.00535515945282829,0.002));
#6985=CARTESIAN_POINT('',(0.11771458962281,-0.00335515945282827,0.002));
#6986=CARTESIAN_POINT('',(0.11771458962281,-0.00335515945282827,0.004));
#6987=CARTESIAN_POINT('',(0.122012211313583,-0.00335515945282828,0.004));
#6988=CARTESIAN_POINT('',(0.122012211313583,-0.00335515945282828,0.002));
#6989=CARTESIAN_POINT('',(0.126309833004356,-0.00335515945282828,0.002));
#6990=CARTESIAN_POINT('',(0.126309833004356,-0.00335515945282828,0.004));
#6991=CARTESIAN_POINT('',(0.126309833004356,-0.00960515945282828,0.004));
#6992=CARTESIAN_POINT('',(0.126309833004356,-0.00960515945282828,0.002));
#6993=CARTESIAN_POINT('',(0.132559833004356,-0.00960515945282828,0.002));
#6994=CARTESIAN_POINT('',(0.132559833004356,-0.00960515945282828,0.004));
#6995=CARTESIAN_POINT('',(0.132559833004356,0.00589484054717175,0.004));
#6996=CARTESIAN_POINT('',(0.132559833004356,0.00589484054717175,0.002));
#6997=CARTESIAN_POINT('',(0.132559833004356,-0.0150051594528282,0.002));
#6998=CARTESIAN_POINT('',(0.132559833004356,-0.0150051594528282,0.004));
#6999=CARTESIAN_POINT('',(0.132559833004356,-0.0150051594528283,0.009));
#7000=CARTESIAN_POINT('',(0.132559833004356,-0.00668831318512357,0.009));
#7001=CARTESIAN_POINT('',(0.132559833004356,-0.00377146691741887,0.009));
#7002=CARTESIAN_POINT('',(0.132559833004356,-0.00377146691741887,0.009));
#7003=CARTESIAN_POINT('',(0.130059833004356,-0.0150051594528282,0.004));
#7004=CARTESIAN_POINT('',(0.130059833004356,-0.0150051594528282,0.002));
#7005=CARTESIAN_POINT('',(0.130059833004356,-0.0175051594528282,0.002));
#7006=CARTESIAN_POINT('',(0.130059833004356,-0.0175051594528282,0.004));
#7007=CARTESIAN_POINT('',(0.130059833004356,-0.0175051594528283,0.009));
#7008=CARTESIAN_POINT('',(0.130059833004356,-0.0150051594528283,0.009));
#7009=CARTESIAN_POINT('',(0.104309833004356,-0.0175051594528282,0.004));
#7010=CARTESIAN_POINT('',(0.104309833004356,-0.0175051594528282,0.002));
#7011=CARTESIAN_POINT('',(0.078559833004356,-0.0175051594528283,0.002));
#7012=CARTESIAN_POINT('',(0.078559833004356,-0.0175051594528283,0.004));
#7013=CARTESIAN_POINT('',(0.078559833004356,-0.0175051594528283,0.009));
#7014=CARTESIAN_POINT('',(0.104309833004356,-0.0175051594528283,0.009));
#7015=CARTESIAN_POINT('',(0.078559833004356,-0.0150051594528283,0.004));
#7016=CARTESIAN_POINT('',(0.078559833004356,-0.0150051594528283,0.002));
#7017=CARTESIAN_POINT('',(0.076059833004356,-0.0150051594528282,0.002));
#7018=CARTESIAN_POINT('',(0.076059833004356,-0.0150051594528282,0.004));
#7019=CARTESIAN_POINT('',(0.076059833004356,-0.0150051594528282,0.009));
#7020=CARTESIAN_POINT('',(0.078559833004356,-0.0150051594528282,0.009));
#7021=CARTESIAN_POINT('',(0.076059833004356,0.00589484054717173,0.004));
#7022=CARTESIAN_POINT('',(0.076059833004356,0.00589484054717173,0.002));
#7023=CARTESIAN_POINT('',(0.076059833004356,-0.00960515945282826,0.002));
#7024=CARTESIAN_POINT('',(0.076059833004356,-0.00960515945282826,0.004));
#7025=CARTESIAN_POINT('',(0.076059833004356,-0.00377146691741886,0.009));
#7026=CARTESIAN_POINT('',(0.076059833004356,-0.00377146691741887,0.009));
#7027=CARTESIAN_POINT('',(0.076059833004356,-0.0123051594528283,0.009));
#7028=CARTESIAN_POINT('',(0.082309833004356,-0.00960515945282826,0.004));
#7029=CARTESIAN_POINT('',(0.082309833004356,-0.00960515945282826,0.002));
#7030=CARTESIAN_POINT('',(0.082309833004356,-0.00335515945282826,0.002));
#7031=CARTESIAN_POINT('',(0.082309833004356,-0.00335515945282826,0.004));
#7032=CARTESIAN_POINT('',(0.104309833004356,0.00589484054717173,0.004));
#7033=CARTESIAN_POINT('',(0.104309833004356,0.00589484054717173,0.002));
#7034=CARTESIAN_POINT('',(0.091809833004356,0.00589484054717173,0.002));
#7035=CARTESIAN_POINT('',(0.0909050763859015,0.0171448405471718,0.004));
#7036=CARTESIAN_POINT('',(0.0909050763859015,0.0171448405471718,0.002));
#7037=CARTESIAN_POINT('',(0.0909050763859015,0.0151448405471717,0.002));
#7038=CARTESIAN_POINT('',(0.0909050763859015,0.0151448405471717,0.004));
#7039=CARTESIAN_POINT('',(0.0866074546951288,0.0151448405471717,0.004));
#7040=CARTESIAN_POINT('',(0.0866074546951288,0.0151448405471717,0.002));
#7041=CARTESIAN_POINT('',(0.082309833004356,0.0151448405471717,0.002));
#7042=CARTESIAN_POINT('',(0.082309833004356,0.0151448405471717,0.004));
#7043=CARTESIAN_POINT('',(0.082309833004356,0.0213948405471718,0.004));
#7044=CARTESIAN_POINT('',(0.082309833004356,0.0213948405471718,0.002));
#7045=CARTESIAN_POINT('',(0.076059833004356,0.0213948405471718,0.002));
#7046=CARTESIAN_POINT('',(0.076059833004356,0.0213948405471718,0.004));
#7047=CARTESIAN_POINT('',(0.076059833004356,0.00589484054717173,0.004));
#7048=CARTESIAN_POINT('',(0.076059833004356,0.00589484054717173,0.002));
#7049=CARTESIAN_POINT('',(0.076059833004356,0.0267948405471717,0.002));
#7050=CARTESIAN_POINT('',(0.076059833004356,0.0267948405471717,0.004));
#7051=CARTESIAN_POINT('',(0.076059833004356,0.0267948405471717,0.009));
#7052=CARTESIAN_POINT('',(0.076059833004356,0.018477994279467,0.009));
#7053=CARTESIAN_POINT('',(0.076059833004356,0.0155611480117624,0.009));
#7054=CARTESIAN_POINT('',(0.076059833004356,0.0155611480117624,0.009));
#7055=CARTESIAN_POINT('',(0.078559833004356,0.0267948405471717,0.004));
#7056=CARTESIAN_POINT('',(0.078559833004356,0.0267948405471717,0.002));
#7057=CARTESIAN_POINT('',(0.078559833004356,0.0292948405471717,0.002));
#7058=CARTESIAN_POINT('',(0.078559833004356,0.0292948405471717,0.004));
#7059=CARTESIAN_POINT('',(0.078559833004356,0.0292948405471717,0.009));
#7060=CARTESIAN_POINT('',(0.078559833004356,0.0267948405471717,0.009));
#7061=CARTESIAN_POINT('',(0.104309833004356,0.0292948405471717,0.004));
#7062=CARTESIAN_POINT('',(0.104309833004356,0.0292948405471717,0.002));
#7063=CARTESIAN_POINT('',(0.130059833004356,0.0292948405471717,0.002));
#7064=CARTESIAN_POINT('',(0.130059833004356,0.0292948405471717,0.004));
#7065=CARTESIAN_POINT('',(0.130059833004356,0.0292948405471717,0.009));
#7066=CARTESIAN_POINT('',(0.104309833004356,0.0292948405471717,0.009));
#7067=CARTESIAN_POINT('',(0.130059833004356,0.0267948405471717,0.004));
#7068=CARTESIAN_POINT('',(0.130059833004356,0.0267948405471717,0.002));
#7069=CARTESIAN_POINT('',(0.132559833004356,0.0267948405471717,0.002));
#7070=CARTESIAN_POINT('',(0.132559833004356,0.0267948405471717,0.004));
#7071=CARTESIAN_POINT('',(0.132559833004356,0.0267948405471717,0.009));
#7072=CARTESIAN_POINT('',(0.130059833004356,0.0267948405471717,0.009));
#7073=CARTESIAN_POINT('',(0.132559833004356,0.00589484054717175,0.004));
#7074=CARTESIAN_POINT('',(0.132559833004356,0.00589484054717175,0.002));
#7075=CARTESIAN_POINT('',(0.132559833004356,0.0213948405471718,0.002));
#7076=CARTESIAN_POINT('',(0.132559833004356,0.0213948405471718,0.004));
#7077=CARTESIAN_POINT('',(0.132559833004356,0.0155611480117624,0.009));
#7078=CARTESIAN_POINT('',(0.132559833004356,0.0155611480117624,0.009));
#7079=CARTESIAN_POINT('',(0.132559833004356,0.0240948405471717,0.009));
#7080=CARTESIAN_POINT('',(0.126309833004356,0.0213948405471718,0.004));
#7081=CARTESIAN_POINT('',(0.126309833004356,0.0213948405471718,0.002));
#7082=CARTESIAN_POINT('',(0.126309833004356,0.0151448405471717,0.002));
#7083=CARTESIAN_POINT('',(0.126309833004356,0.0151448405471717,0.004));
#7084=CARTESIAN_POINT('',(0.122012211313583,0.0151448405471717,0.004));
#7085=CARTESIAN_POINT('',(0.122012211313583,0.0151448405471717,0.002));
#7086=CARTESIAN_POINT('',(0.11771458962281,0.0151448405471717,0.002));
#7087=CARTESIAN_POINT('',(0.11771458962281,0.0151448405471717,0.004));
#7088=CARTESIAN_POINT('',(0.078559833004356,-0.0150051594528282,0.004));
#7089=CARTESIAN_POINT('',(0.078559833004356,-0.0150051594528282,0.002));
#7090=CARTESIAN_POINT('',(0.078559833004356,-0.0291051594528282,0.002));
#7091=CARTESIAN_POINT('',(0.064459833004356,-0.0150051594528282,0.002));
#7092=CARTESIAN_POINT('',(0.078559833004356,-0.0291051594528282,0.004));
#7093=CARTESIAN_POINT('',(0.064459833004356,-0.0150051594528282,0.004));
#7094=CARTESIAN_POINT('',(0.102309833004356,-0.0291051594528282,0.004));
#7095=CARTESIAN_POINT('',(0.102309833004356,-0.0291051594528282,0.002));
#7096=CARTESIAN_POINT('',(0.130059833004356,-0.0291051594528282,0.002));
#7097=CARTESIAN_POINT('',(0.130059833004356,-0.0291051594528282,0.004));
#7098=CARTESIAN_POINT('',(0.130059833004356,-0.0150051594528283,0.004));
#7099=CARTESIAN_POINT('',(0.130059833004356,-0.0150051594528283,0.002));
#7100=CARTESIAN_POINT('',(0.144159833004356,-0.0150051594528283,0.002));
#7101=CARTESIAN_POINT('',(0.144159833004356,-0.0150051594528283,0.004));
#7102=CARTESIAN_POINT('',(0.144159833004356,-0.0123051594528283,0.004));
#7103=CARTESIAN_POINT('',(0.144159833004356,-0.0123051594528283,0.002));
#7104=CARTESIAN_POINT('',(0.144159833004356,0.0267948405471717,0.002));
#7105=CARTESIAN_POINT('',(0.144159833004356,0.0267948405471717,0.004));
#7106=CARTESIAN_POINT('',(0.130059833004356,0.0267948405471717,0.004));
#7107=CARTESIAN_POINT('',(0.130059833004356,0.0267948405471717,0.002));
#7108=CARTESIAN_POINT('',(0.130059833004356,0.0408948405471718,0.002));
#7109=CARTESIAN_POINT('',(0.130059833004356,0.0408948405471718,0.004));
#7110=CARTESIAN_POINT('',(0.104309833004356,0.0408948405471718,0.004));
#7111=CARTESIAN_POINT('',(0.104309833004356,0.0408948405471718,0.002));
#7112=CARTESIAN_POINT('',(0.078559833004356,0.0408948405471718,0.002));
#7113=CARTESIAN_POINT('',(0.078559833004356,0.0408948405471718,0.004));
#7114=CARTESIAN_POINT('',(0.078559833004356,0.0267948405471717,0.004));
#7115=CARTESIAN_POINT('',(0.078559833004356,0.0267948405471717,0.002));
#7116=CARTESIAN_POINT('',(0.064459833004356,0.0267948405471717,0.002));
#7117=CARTESIAN_POINT('',(0.064459833004356,0.0267948405471717,0.004));
#7118=CARTESIAN_POINT('',(0.11771458962281,0.0171448405471718,0.004));
#7119=CARTESIAN_POINT('',(0.11771458962281,0.0171448405471718,0.002));
#7120=CARTESIAN_POINT('',(0.064459833004356,0.0240948405471717,0.004));
#7121=CARTESIAN_POINT('',(0.064459833004356,0.0240948405471717,0.002));
#7122=CARTESIAN_POINT('',(0.0866074546951288,-0.00335515945282826,0.004));
#7123=CARTESIAN_POINT('',(0.0866074546951288,-0.00335515945282826,0.002));
#7124=CARTESIAN_POINT('',(0.104309833004356,0.00589484054717171,0.002));
#7125=CARTESIAN_POINT('',(0.104309833004356,0.00589484054717171,0.009));
#7126=CARTESIAN_POINT('',(0.130059833004356,0.0267948405471717,0.009));
#7127=CARTESIAN_POINT('',(0.130059833004356,0.0304948405471717,0.009));
#7128=CARTESIAN_POINT('',(0.133759833004356,0.0267948405471717,0.009));
#7129=CARTESIAN_POINT('',(0.104309833004356,0.0304948405471717,0.009));
#7130=CARTESIAN_POINT('',(0.078559833004356,0.0304948405471717,0.009));
#7131=CARTESIAN_POINT('',(0.078559833004356,0.0267948405471717,0.009));
#7132=CARTESIAN_POINT('',(0.074859833004356,0.0267948405471717,0.009));
#7133=CARTESIAN_POINT('',(0.074859833004356,0.00589484054717171,0.009));
#7134=CARTESIAN_POINT('',(0.074859833004356,0.0155611480117624,0.009));
#7135=CARTESIAN_POINT('',(0.0695598330043559,0.0155611480117624,0.009));
#7136=CARTESIAN_POINT('',(0.073783270504356,0.0123591836641167,0.009));
#7137=CARTESIAN_POINT('',(0.082309833004356,0.00589484054717174,0.009));
#7138=CARTESIAN_POINT('',(0.073783270504356,-0.000569502569773235,0.009));
#7139=CARTESIAN_POINT('',(0.0695598330043559,-0.0037714669174189,0.009));
#7140=CARTESIAN_POINT('',(0.074859833004356,-0.00377146691741887,0.009));
#7141=CARTESIAN_POINT('',(0.074859833004356,0.00589484054717171,0.009));
#7142=CARTESIAN_POINT('',(0.074859833004356,-0.0150051594528282,0.009));
#7143=CARTESIAN_POINT('',(0.078559833004356,-0.0150051594528282,0.009));
#7144=CARTESIAN_POINT('',(0.078559833004356,-0.0187051594528283,0.009));
#7145=CARTESIAN_POINT('',(0.104309833004356,-0.0187051594528283,0.009));
#7146=CARTESIAN_POINT('',(0.130059833004356,-0.0187051594528283,0.009));
#7147=CARTESIAN_POINT('',(0.130059833004356,-0.0150051594528283,0.009));
#7148=CARTESIAN_POINT('',(0.133759833004356,-0.0150051594528283,0.009));
#7149=CARTESIAN_POINT('',(0.133759833004356,0.00589484054717171,0.009));
#7150=CARTESIAN_POINT('',(0.133759833004356,-0.00377146691741887,0.009));
#7151=CARTESIAN_POINT('',(0.139059833004356,-0.00377146691741887,0.009));
#7152=CARTESIAN_POINT('',(0.134836395504356,-0.000569502569773214,0.009));
#7153=CARTESIAN_POINT('',(0.126309833004356,0.00589484054717176,0.009));
#7154=CARTESIAN_POINT('',(0.134836395504356,0.0123591836641167,0.009));
#7155=CARTESIAN_POINT('',(0.139059833004356,0.0155611480117624,0.009));
#7156=CARTESIAN_POINT('',(0.133759833004356,0.0155611480117624,0.009));
#7157=CARTESIAN_POINT('',(0.133759833004356,0.00589484054717171,0.009));
#7158=CARTESIAN_POINT('',(0.139059833004356,0.0155611480117624,0.009));
#7159=CARTESIAN_POINT('',(0.133880145504356,0.0116342106042724,0.009));
#7160=CARTESIAN_POINT('',(0.126309833004356,0.00589484054717176,0.009));
#7161=CARTESIAN_POINT('',(0.133880145504356,0.000155470490071075,0.009));
#7162=CARTESIAN_POINT('',(0.139059833004356,-0.00377146691741887,0.009));
#7163=CARTESIAN_POINT('',(0.0695598330043559,-0.0037714669174189,0.009));
#7164=CARTESIAN_POINT('',(0.074739520504356,0.000155470490071058,0.009));
#7165=CARTESIAN_POINT('',(0.082309833004356,0.00589484054717174,0.009));
#7166=CARTESIAN_POINT('',(0.074739520504356,0.0116342106042724,0.009));
#7167=CARTESIAN_POINT('',(0.0695598330043559,0.0155611480117624,0.009));
#7168=CARTESIAN_POINT('',(0.104309833004356,0.00589484054717171,0.009));
#7169=CARTESIAN_POINT('',(0.104309833004356,0.00589484054717174,0.009));
#7170=CARTESIAN_POINT('',(0.090009833004356,0.00589484054717174,0.009));
#7171=CARTESIAN_POINT('',(0.0695598330043559,0.0155611480117624,0.009));
#7172=CARTESIAN_POINT('',(0.074739520504356,0.0116342106042724,0.009));
#7173=CARTESIAN_POINT('',(0.082309833004356,0.00589484054717174,0.009));
#7174=CARTESIAN_POINT('',(0.074739520504356,0.000155470490071063,0.009));
#7175=CARTESIAN_POINT('',(0.0695598330043559,-0.0037714669174189,0.009));
#7176=CARTESIAN_POINT('',(0.139059833004356,-0.00377146691741887,0.009));
#7177=CARTESIAN_POINT('',(0.133880145504356,0.000155470490071072,0.009));
#7178=CARTESIAN_POINT('',(0.126309833004356,0.00589484054717176,0.009));
#7179=CARTESIAN_POINT('',(0.133880145504356,0.0116342106042724,0.009));
#7180=CARTESIAN_POINT('',(0.139059833004356,0.0155611480117624,0.009));
#7181=CARTESIAN_POINT('',(0.104309833004356,0.00589484054717174,0.009));
#7182=CARTESIAN_POINT('',(0.104309833004356,0.00589484054717174,0.0087));
#7183=CARTESIAN_POINT('',(0.090609833004356,0.00589484054717174,0.0087));
#7184=CARTESIAN_POINT('',(0.090309833004356,0.00589484054717173,0.0087));
#7185=CARTESIAN_POINT('',(0.104309833004356,0.00589484054717174,0.0087));
#7186=CARTESIAN_POINT('',(0.090009833004356,0.00589484054717174,0.0087));
#7187=CARTESIAN_POINT('',(0.104309833004356,0.00589484054717174,0.009));
#7188=CARTESIAN_POINT('',(0.130059833004356,0.0267948405471717,0.009));
#7189=CARTESIAN_POINT('',(0.130059833004356,0.0310948405471717,0.009));
#7190=CARTESIAN_POINT('',(0.130059833004356,0.0310948405471717,0.0087));
#7191=CARTESIAN_POINT('',(0.130059833004356,0.0267948405471717,0.0087));
#7192=CARTESIAN_POINT('',(0.134359833004356,0.0267948405471717,0.0087));
#7193=CARTESIAN_POINT('',(0.134359833004356,0.0267948405471717,0.009));
#7194=CARTESIAN_POINT('',(0.130059833004356,0.0267948405471717,0.009));
#7195=CARTESIAN_POINT('',(0.133759833004356,0.0267948405471717,0.009));
#7196=CARTESIAN_POINT('',(0.133759833004356,0.0267948405471717,0.0087));
#7197=CARTESIAN_POINT('',(0.130059833004356,0.0267948405471717,0.0087));
#7198=CARTESIAN_POINT('',(0.130059833004356,0.0304948405471717,0.0087));
#7199=CARTESIAN_POINT('',(0.130059833004356,0.0304948405471717,0.009));
#7200=CARTESIAN_POINT('',(0.134359833004356,0.0155611480117624,0.009));
#7201=CARTESIAN_POINT('',(0.134359833004356,0.0155611480117624,0.0087));
#7202=CARTESIAN_POINT('',(0.134359833004356,0.0155611480117624,0.0087));
#7203=CARTESIAN_POINT('',(0.134359833004356,0.0155611480117624,0.009));
#7204=CARTESIAN_POINT('',(0.133759833004356,0.0155611480117624,0.009));
#7205=CARTESIAN_POINT('',(0.133759833004356,0.0155611480117624,0.009));
#7206=CARTESIAN_POINT('',(0.133759833004356,0.0155611480117624,0.0087));
#7207=CARTESIAN_POINT('',(0.133759833004356,0.0155611480117624,0.0087));
#7208=CARTESIAN_POINT('',(0.139059833004356,0.0155611480117624,0.009));
#7209=CARTESIAN_POINT('',(0.139059833004356,0.0155611480117624,0.0087));
#7210=CARTESIAN_POINT('',(0.135314520504356,0.0127216701940389,0.0087));
#7211=CARTESIAN_POINT('',(0.135314520504356,0.0127216701940389,0.009));
#7212=CARTESIAN_POINT('',(0.139059833004356,0.0155611480117624,0.009));
#7213=CARTESIAN_POINT('',(0.134836395504356,0.0123591836641167,0.009));
#7214=CARTESIAN_POINT('',(0.134836395504356,0.0123591836641167,0.0087));
#7215=CARTESIAN_POINT('',(0.139059833004356,0.0155611480117624,0.0087));
#7216=CARTESIAN_POINT('',(0.126309833004356,0.00589484054717176,0.009));
#7217=CARTESIAN_POINT('',(0.126309833004356,0.00589484054717176,0.0087));
#7218=CARTESIAN_POINT('',(0.135314520504356,-0.000931989099695361,0.0087));
#7219=CARTESIAN_POINT('',(0.135314520504356,-0.000931989099695361,0.009));
#7220=CARTESIAN_POINT('',(0.126309833004356,0.00589484054717176,0.009));
#7221=CARTESIAN_POINT('',(0.134836395504356,-0.000569502569773214,0.009));
#7222=CARTESIAN_POINT('',(0.134836395504356,-0.000569502569773214,0.0087));
#7223=CARTESIAN_POINT('',(0.126309833004356,0.00589484054717176,0.0087));
#7224=CARTESIAN_POINT('',(0.139059833004356,-0.00377146691741887,0.009));
#7225=CARTESIAN_POINT('',(0.139059833004356,-0.00377146691741887,0.0087));
#7226=CARTESIAN_POINT('',(0.134359833004356,-0.00377146691741887,0.0087));
#7227=CARTESIAN_POINT('',(0.134359833004356,-0.00377146691741887,0.009));
#7228=CARTESIAN_POINT('',(0.139059833004356,-0.00377146691741887,0.009));
#7229=CARTESIAN_POINT('',(0.133759833004356,-0.00377146691741887,0.009));
#7230=CARTESIAN_POINT('',(0.133759833004356,-0.00377146691741887,0.0087));
#7231=CARTESIAN_POINT('',(0.139059833004356,-0.00377146691741887,0.0087));
#7232=CARTESIAN_POINT('',(0.134359833004356,-0.0150051594528283,0.009));
#7233=CARTESIAN_POINT('',(0.134359833004356,-0.0150051594528283,0.0087));
#7234=CARTESIAN_POINT('',(0.134359833004356,-0.0150051594528283,0.0087));
#7235=CARTESIAN_POINT('',(0.134359833004356,-0.0150051594528283,0.009));
#7236=CARTESIAN_POINT('',(0.133759833004356,-0.0150051594528283,0.009));
#7237=CARTESIAN_POINT('',(0.133759833004356,-0.0150051594528283,0.009));
#7238=CARTESIAN_POINT('',(0.133759833004356,-0.0150051594528283,0.0087));
#7239=CARTESIAN_POINT('',(0.133759833004356,-0.0150051594528283,0.0087));
#7240=CARTESIAN_POINT('',(0.130059833004356,-0.0150051594528283,0.009));
#7241=CARTESIAN_POINT('',(0.130059833004356,-0.0150051594528283,0.0087));
#7242=CARTESIAN_POINT('',(0.130059833004356,-0.0193051594528283,0.0087));
#7243=CARTESIAN_POINT('',(0.130059833004356,-0.0193051594528283,0.009));
#7244=CARTESIAN_POINT('',(0.130059833004356,-0.0150051594528283,0.009));
#7245=CARTESIAN_POINT('',(0.130059833004356,-0.0187051594528283,0.009));
#7246=CARTESIAN_POINT('',(0.130059833004356,-0.0187051594528283,0.0087));
#7247=CARTESIAN_POINT('',(0.130059833004356,-0.0150051594528283,0.0087));
#7248=CARTESIAN_POINT('',(0.078559833004356,-0.0193051594528283,0.009));
#7249=CARTESIAN_POINT('',(0.078559833004356,-0.0193051594528283,0.0087));
#7250=CARTESIAN_POINT('',(0.078559833004356,-0.0193051594528283,0.0087));
#7251=CARTESIAN_POINT('',(0.078559833004356,-0.0193051594528283,0.009));
#7252=CARTESIAN_POINT('',(0.078559833004356,-0.0187051594528283,0.009));
#7253=CARTESIAN_POINT('',(0.078559833004356,-0.0187051594528283,0.009));
#7254=CARTESIAN_POINT('',(0.078559833004356,-0.0187051594528283,0.0087));
#7255=CARTESIAN_POINT('',(0.078559833004356,-0.0187051594528283,0.0087));
#7256=CARTESIAN_POINT('',(0.078559833004356,-0.0150051594528282,0.009));
#7257=CARTESIAN_POINT('',(0.078559833004356,-0.0150051594528282,0.0087));
#7258=CARTESIAN_POINT('',(0.074259833004356,-0.0150051594528282,0.0087));
#7259=CARTESIAN_POINT('',(0.074259833004356,-0.0150051594528282,0.009));
#7260=CARTESIAN_POINT('',(0.078559833004356,-0.0150051594528282,0.009));
#7261=CARTESIAN_POINT('',(0.074859833004356,-0.0150051594528282,0.009));
#7262=CARTESIAN_POINT('',(0.074859833004356,-0.0150051594528282,0.0087));
#7263=CARTESIAN_POINT('',(0.078559833004356,-0.0150051594528282,0.0087));
#7264=CARTESIAN_POINT('',(0.074259833004356,-0.00377146691741887,0.009));
#7265=CARTESIAN_POINT('',(0.074259833004356,-0.00377146691741887,0.0087));
#7266=CARTESIAN_POINT('',(0.074259833004356,-0.00377146691741887,0.0087));
#7267=CARTESIAN_POINT('',(0.074259833004356,-0.00377146691741887,0.009));
#7268=CARTESIAN_POINT('',(0.074859833004356,-0.00377146691741887,0.009));
#7269=CARTESIAN_POINT('',(0.074859833004356,-0.00377146691741887,0.009));
#7270=CARTESIAN_POINT('',(0.074859833004356,-0.00377146691741887,0.0087));
#7271=CARTESIAN_POINT('',(0.074859833004356,-0.00377146691741887,0.0087));
#7272=CARTESIAN_POINT('',(0.0695598330043559,-0.0037714669174189,0.009));
#7273=CARTESIAN_POINT('',(0.0695598330043559,-0.0037714669174189,0.0087));
#7274=CARTESIAN_POINT('',(0.073305145504356,-0.000931989099695382,0.0087));
#7275=CARTESIAN_POINT('',(0.073305145504356,-0.000931989099695383,0.009));
#7276=CARTESIAN_POINT('',(0.0695598330043559,-0.0037714669174189,0.009));
#7277=CARTESIAN_POINT('',(0.073783270504356,-0.000569502569773235,0.009));
#7278=CARTESIAN_POINT('',(0.073783270504356,-0.000569502569773235,0.0087));
#7279=CARTESIAN_POINT('',(0.0695598330043559,-0.0037714669174189,0.0087));
#7280=CARTESIAN_POINT('',(0.082309833004356,0.00589484054717174,0.009));
#7281=CARTESIAN_POINT('',(0.082309833004356,0.00589484054717174,0.0087));
#7282=CARTESIAN_POINT('',(0.073305145504356,0.0127216701940389,0.0087));
#7283=CARTESIAN_POINT('',(0.073305145504356,0.0127216701940389,0.009));
#7284=CARTESIAN_POINT('',(0.082309833004356,0.00589484054717174,0.009));
#7285=CARTESIAN_POINT('',(0.073783270504356,0.0123591836641167,0.009));
#7286=CARTESIAN_POINT('',(0.073783270504356,0.0123591836641167,0.0087));
#7287=CARTESIAN_POINT('',(0.082309833004356,0.00589484054717174,0.0087));
#7288=CARTESIAN_POINT('',(0.0695598330043559,0.0155611480117624,0.009));
#7289=CARTESIAN_POINT('',(0.0695598330043559,0.0155611480117624,0.0087));
#7290=CARTESIAN_POINT('',(0.074259833004356,0.0155611480117624,0.0087));
#7291=CARTESIAN_POINT('',(0.074259833004356,0.0155611480117624,0.009));
#7292=CARTESIAN_POINT('',(0.0695598330043559,0.0155611480117624,0.009));
#7293=CARTESIAN_POINT('',(0.074859833004356,0.0155611480117624,0.009));
#7294=CARTESIAN_POINT('',(0.074859833004356,0.0155611480117624,0.0087));
#7295=CARTESIAN_POINT('',(0.0695598330043559,0.0155611480117624,0.0087));
#7296=CARTESIAN_POINT('',(0.074259833004356,0.0267948405471717,0.009));
#7297=CARTESIAN_POINT('',(0.074259833004356,0.0267948405471717,0.0087));
#7298=CARTESIAN_POINT('',(0.074259833004356,0.0267948405471717,0.0087));
#7299=CARTESIAN_POINT('',(0.074259833004356,0.0267948405471717,0.009));
#7300=CARTESIAN_POINT('',(0.074859833004356,0.0267948405471717,0.009));
#7301=CARTESIAN_POINT('',(0.074859833004356,0.0267948405471717,0.009));
#7302=CARTESIAN_POINT('',(0.074859833004356,0.0267948405471717,0.0087));
#7303=CARTESIAN_POINT('',(0.074859833004356,0.0267948405471717,0.0087));
#7304=CARTESIAN_POINT('',(0.078559833004356,0.0267948405471717,0.009));
#7305=CARTESIAN_POINT('',(0.078559833004356,0.0267948405471717,0.0087));
#7306=CARTESIAN_POINT('',(0.078559833004356,0.0310948405471717,0.0087));
#7307=CARTESIAN_POINT('',(0.078559833004356,0.0310948405471717,0.009));
#7308=CARTESIAN_POINT('',(0.078559833004356,0.0267948405471717,0.009));
#7309=CARTESIAN_POINT('',(0.078559833004356,0.0304948405471717,0.009));
#7310=CARTESIAN_POINT('',(0.078559833004356,0.0304948405471717,0.0087));
#7311=CARTESIAN_POINT('',(0.078559833004356,0.0267948405471717,0.0087));
#7312=CARTESIAN_POINT('',(0.130059833004356,0.0307948405471717,0.0087));
#7313=CARTESIAN_POINT('',(0.130059833004356,0.0304948405471717,0.0087));
#7314=CARTESIAN_POINT('',(0.130059833004356,0.0310948405471717,0.0087));
#7315=CARTESIAN_POINT('',(0.130059833004356,0.0310948405471717,0.009));
#7316=CARTESIAN_POINT('',(0.130059833004356,0.0304948405471717,0.009));
#7317=CARTESIAN_POINT('',(0.,0.,0.));
#7318=CARTESIAN_POINT('',(0.214759833004356,0.0267948405471717,0.009));
#7319=CARTESIAN_POINT('',(0.214759833004356,0.0267948405471717,0.002));
#7320=CARTESIAN_POINT('',(0.214759833004356,0.0408948405471718,0.002));
#7321=CARTESIAN_POINT('',(0.228859833004356,0.0267948405471717,0.002));
#7322=CARTESIAN_POINT('',(0.214759833004356,0.0408948405471718,0.009));
#7323=CARTESIAN_POINT('',(0.214759833004356,0.0408948405471718,0.009));
#7324=CARTESIAN_POINT('',(0.214759833004356,0.0267948405471717,0.009));
#7325=CARTESIAN_POINT('',(0.228859833004356,0.0267948405471717,0.009));
#7326=CARTESIAN_POINT('',(0.228859833004356,0.0267948405471717,0.009));
#7327=CARTESIAN_POINT('',(0.191009833004356,0.0408948405471718,0.009));
#7328=CARTESIAN_POINT('',(0.191009833004356,0.0408948405471718,0.002));
#7329=CARTESIAN_POINT('',(0.163259833004356,0.0408948405471718,0.002));
#7330=CARTESIAN_POINT('',(0.163259833004356,0.0408948405471718,0.009));
#7331=CARTESIAN_POINT('',(0.163259833004356,0.0408948405471718,0.009));
#7332=CARTESIAN_POINT('',(0.191009833004356,0.0408948405471718,0.009));
#7333=CARTESIAN_POINT('',(0.163259833004356,0.0267948405471717,0.009));
#7334=CARTESIAN_POINT('',(0.163259833004356,0.0267948405471717,0.002));
#7335=CARTESIAN_POINT('',(0.149159833004356,0.0267948405471717,0.002));
#7336=CARTESIAN_POINT('',(0.149159833004356,0.0267948405471717,0.009));
#7337=CARTESIAN_POINT('',(0.149159833004356,0.0267948405471717,0.009));
#7338=CARTESIAN_POINT('',(0.163259833004356,0.0267948405471717,0.009));
#7339=CARTESIAN_POINT('',(0.149159833004356,0.0240948405471717,0.009));
#7340=CARTESIAN_POINT('',(0.149159833004356,0.0240948405471717,0.002));
#7341=CARTESIAN_POINT('',(0.149159833004356,-0.0150051594528283,0.002));
#7342=CARTESIAN_POINT('',(0.149159833004356,-0.0150051594528283,0.009));
#7343=CARTESIAN_POINT('',(0.149159833004356,-0.0150051594528283,0.009));
#7344=CARTESIAN_POINT('',(0.149159833004356,0.0240948405471717,0.009));
#7345=CARTESIAN_POINT('',(0.163259833004356,-0.0150051594528283,0.009));
#7346=CARTESIAN_POINT('',(0.163259833004356,-0.0150051594528283,0.002));
#7347=CARTESIAN_POINT('',(0.163259833004356,-0.0291051594528283,0.002));
#7348=CARTESIAN_POINT('',(0.163259833004356,-0.0291051594528283,0.009));
#7349=CARTESIAN_POINT('',(0.163259833004356,-0.0291051594528283,0.009));
#7350=CARTESIAN_POINT('',(0.163259833004356,-0.0150051594528283,0.009));
#7351=CARTESIAN_POINT('',(0.189009833004356,-0.0291051594528283,0.009));
#7352=CARTESIAN_POINT('',(0.189009833004356,-0.0291051594528283,0.002));
#7353=CARTESIAN_POINT('',(0.214759833004356,-0.0291051594528283,0.002));
#7354=CARTESIAN_POINT('',(0.214759833004356,-0.0291051594528283,0.009));
#7355=CARTESIAN_POINT('',(0.214759833004356,-0.0291051594528283,0.009));
#7356=CARTESIAN_POINT('',(0.189009833004356,-0.0291051594528283,0.009));
#7357=CARTESIAN_POINT('',(0.214759833004356,-0.0150051594528282,0.009));
#7358=CARTESIAN_POINT('',(0.214759833004356,-0.0150051594528282,0.002));
#7359=CARTESIAN_POINT('',(0.228859833004356,-0.0150051594528282,0.002));
#7360=CARTESIAN_POINT('',(0.228859833004356,-0.0150051594528282,0.009));
#7361=CARTESIAN_POINT('',(0.228859833004356,-0.0150051594528282,0.009));
#7362=CARTESIAN_POINT('',(0.214759833004356,-0.0150051594528282,0.009));
#7363=CARTESIAN_POINT('',(0.165009833004356,0.00589484054717172,0.009));
#7364=CARTESIAN_POINT('',(0.165009833004356,0.00589484054717172,0.009));
#7365=CARTESIAN_POINT('',(0.170909833004356,0.00589484054717172,0.009));
#7366=CARTESIAN_POINT('',(0.165009833004356,0.00589484054717172,0.002));
#7367=CARTESIAN_POINT('',(0.170909833004356,0.00589484054717172,0.002));
#7368=CARTESIAN_POINT('',(0.228859833004356,-0.0123051594528283,0.009));
#7369=CARTESIAN_POINT('',(0.228859833004356,-0.0123051594528283,0.002));
#7370=CARTESIAN_POINT('',(0.228859833004356,-0.0123051594528283,0.009));
#7371=CARTESIAN_POINT('',(0.189009833004356,0.00589484054717172,0.009));
#7372=CARTESIAN_POINT('',(0.189009833004356,0.00589484054717172,0.009));
#7373=CARTESIAN_POINT('',(0.194909833004356,0.00589484054717172,0.009));
#7374=CARTESIAN_POINT('',(0.189009833004356,0.00589484054717172,0.002));
#7375=CARTESIAN_POINT('',(0.194909833004356,0.00589484054717172,0.002));
#7376=CARTESIAN_POINT('',(0.189009833004356,0.00589484054717173,0.009));
#7377=CARTESIAN_POINT('',(0.189009833004356,0.00589484054717173,0.002));
#7378=MECHANICAL_DESIGN_GEOMETRIC_PRESENTATION_REPRESENTATION('',(#4250),
#7381);
#7379=MECHANICAL_DESIGN_GEOMETRIC_PRESENTATION_REPRESENTATION('',(#4251),
#7382);
#7380=MECHANICAL_DESIGN_GEOMETRIC_PRESENTATION_REPRESENTATION('',(#4252),
#7383);
#7381=(
GEOMETRIC_REPRESENTATION_CONTEXT(3)
GLOBAL_UNCERTAINTY_ASSIGNED_CONTEXT((#7384))
GLOBAL_UNIT_ASSIGNED_CONTEXT((#7393,#7390,#7387))
REPRESENTATION_CONTEXT('Part 2','TOP_LEVEL_ASSEMBLY_PART')
);
#7382=(
GEOMETRIC_REPRESENTATION_CONTEXT(3)
GLOBAL_UNCERTAINTY_ASSIGNED_CONTEXT((#7385))
GLOBAL_UNIT_ASSIGNED_CONTEXT((#7394,#7391,#7388))
REPRESENTATION_CONTEXT('Part 3','TOP_LEVEL_ASSEMBLY_PART')
);
#7383=(
GEOMETRIC_REPRESENTATION_CONTEXT(3)
GLOBAL_UNCERTAINTY_ASSIGNED_CONTEXT((#7386))
GLOBAL_UNIT_ASSIGNED_CONTEXT((#7395,#7392,#7389))
REPRESENTATION_CONTEXT('Part 4','TOP_LEVEL_ASSEMBLY_PART')
);
#7384=UNCERTAINTY_MEASURE_WITH_UNIT(LENGTH_MEASURE(1.E-8),#7393,
'DISTANCE_ACCURACY_VALUE','Maximum Tolerance applied to model');
#7385=UNCERTAINTY_MEASURE_WITH_UNIT(LENGTH_MEASURE(1.E-8),#7394,
'DISTANCE_ACCURACY_VALUE','Maximum Tolerance applied to model');
#7386=UNCERTAINTY_MEASURE_WITH_UNIT(LENGTH_MEASURE(1.E-8),#7395,
'DISTANCE_ACCURACY_VALUE','Maximum Tolerance applied to model');
#7387=(
NAMED_UNIT(*)
SI_UNIT($,.STERADIAN.)
SOLID_ANGLE_UNIT()
);
#7388=(
NAMED_UNIT(*)
SI_UNIT($,.STERADIAN.)
SOLID_ANGLE_UNIT()
);
#7389=(
NAMED_UNIT(*)
SI_UNIT($,.STERADIAN.)
SOLID_ANGLE_UNIT()
);
#7390=(
NAMED_UNIT(*)
PLANE_ANGLE_UNIT()
SI_UNIT($,.RADIAN.)
);
#7391=(
NAMED_UNIT(*)
PLANE_ANGLE_UNIT()
SI_UNIT($,.RADIAN.)
);
#7392=(
NAMED_UNIT(*)
PLANE_ANGLE_UNIT()
SI_UNIT($,.RADIAN.)
);
#7393=(
LENGTH_UNIT()
NAMED_UNIT(*)
SI_UNIT($,.METRE.)
);
#7394=(
LENGTH_UNIT()
NAMED_UNIT(*)
SI_UNIT($,.METRE.)
);
#7395=(
LENGTH_UNIT()
NAMED_UNIT(*)
SI_UNIT($,.METRE.)
);
#7396=PRODUCT_DEFINITION_SHAPE('','',#7399);
#7397=PRODUCT_DEFINITION_SHAPE('','',#7400);
#7398=PRODUCT_DEFINITION_SHAPE('','',#7401);
#7399=PRODUCT_DEFINITION('','',#7405,#7402);
#7400=PRODUCT_DEFINITION('','',#7406,#7403);
#7401=PRODUCT_DEFINITION('','',#7407,#7404);
#7402=PRODUCT_DEFINITION_CONTEXT('',#7423,'design');
#7403=PRODUCT_DEFINITION_CONTEXT('',#7424,'design');
#7404=PRODUCT_DEFINITION_CONTEXT('',#7425,'design');
#7405=PRODUCT_DEFINITION_FORMATION_WITH_SPECIFIED_SOURCE('','',#7411,
 .NOT_KNOWN.);
#7406=PRODUCT_DEFINITION_FORMATION_WITH_SPECIFIED_SOURCE('','',#7412,
 .NOT_KNOWN.);
#7407=PRODUCT_DEFINITION_FORMATION_WITH_SPECIFIED_SOURCE('','',#7413,
 .NOT_KNOWN.);
#7408=PRODUCT_RELATED_PRODUCT_CATEGORY('','',(#7411));
#7409=PRODUCT_RELATED_PRODUCT_CATEGORY('','',(#7412));
#7410=PRODUCT_RELATED_PRODUCT_CATEGORY('','',(#7413));
#7411=PRODUCT('Part 2','Part 2','Part 2',(#7417));
#7412=PRODUCT('Part 3','Part 3','Part 3',(#7418));
#7413=PRODUCT('Part 4','Part 4','Part 4',(#7419));
#7414=PRODUCT_CATEGORY('','');
#7415=PRODUCT_CATEGORY('','');
#7416=PRODUCT_CATEGORY('','');
#7417=PRODUCT_CONTEXT('',#7423,'mechanical');
#7418=PRODUCT_CONTEXT('',#7424,'mechanical');
#7419=PRODUCT_CONTEXT('',#7425,'mechanical');
#7420=APPLICATION_PROTOCOL_DEFINITION('international standard',
'ap242_managed_model_based_3d_engineering',2020,#7423);
#7421=APPLICATION_PROTOCOL_DEFINITION('international standard',
'ap242_managed_model_based_3d_engineering',2020,#7424);
#7422=APPLICATION_PROTOCOL_DEFINITION('international standard',
'ap242_managed_model_based_3d_engineering',2020,#7425);
#7423=APPLICATION_CONTEXT('managed model based 3d engineering');
#7424=APPLICATION_CONTEXT('managed model based 3d engineering');
#7425=APPLICATION_CONTEXT('managed model based 3d engineering');
ENDSEC;
END-ISO-10303-21;
